MESSAGE_ID,RECEIVED_DTM,SENDER_ADDRESS,RECIPIENT_ADDRESS,SUBJECT,STATUS,PIPELINE_ID,COMMITTED_BY,SNAPSHOT_DATE,RUN_ID
MSG-202601-001134,2026-01-01 03:14:10,notifications@system-example.net,platform.support@nus.edu.sg,Data validation results,Delivered,9512b8c762cd9b9c73063998437e6a352dda56fd39dc76238982598fad980685,data.engineering,2026-06-31,73ed68abf0feaef2c8c2d7e8653b236ea6aced3f0597e4ad41e2e8163a2f53ab
MSG-202601-000330,2026-01-01 04:12:09,operations@vendor-example.com,staff001@nus.edu.sg,Scheduled refresh notification,Delivered,9512b8c762cd9b9c73063998437e6a352dda56fd39dc76238982598fad980685,automation.service,2026-06-31,3e4199a2eb4c63f63fba6453b8506accc04e70b130657ded274f717eb080a984
MSG-202601-000862,2026-01-01 17:26:22,operations@vendor-example.com,data.office@nus.edu.sg,Pipeline execution summary,Resolved,9512b8c762cd9b9c73063998437e6a352dda56fd39dc76238982598fad980685,svc_fabric_pipeline,2026-06-31,64a618c4306eea23a160cbecf1e01e8579c26be72a30a073128ea4e5f01ab725
MSG-202601-001218,2026-01-01 22:15:30,operations@vendor-example.com,data.office@nus.edu.sg,Access request approved,Delivered,e0d15de1e58a94820da67c31b0a3e5495269396173d686094268075fef5a801a,svc_fabric_pipeline,2026-06-31,b4a884458b2b0f7b171397a0bdf9553365b8312014da11f801693f012b27e01f
MSG-202601-000004,2026-01-01 23:37:35,support@service-example.com,data.office@nus.edu.sg,Data validation results,Delivered,9512b8c762cd9b9c73063998437e6a352dda56fd39dc76238982598fad980685,voyce.peh,2026-06-31,ada8c705d9efd990e80586e4130fd153711b05defbaa70d31b7507a387a58b6f
MSG-202601-000661,2026-01-02 07:15:40,support@service-example.com,data.office@nus.edu.sg,Contract review reminder,Delivered,9512b8c762cd9b9c73063998437e6a352dda56fd39dc76238982598fad980685,svc_fabric_pipeline,2026-06-31,b0572bb15a185f905d738e1173d9fd5e90fc05df1e8f1add7e922fd4852aef33
MSG-202601-001416,2026-01-02 14:27:38,governance.team@example.org,governance@nus.edu.sg,Dashboard refresh completed,Resolved,9512b8c762cd9b9c73063998437e6a352dda56fd39dc76238982598fad980685,svc_fabric_pipeline,2026-06-31,ea471a8cba0076c530c786f733d54aa6d9459b8801cf660243f3bed9d4534f0b
MSG-202601-000192,2026-01-03 20:04:02,operations@vendor-example.com,platform.support@nus.edu.sg,User account request,Delivered,9512b8c762cd9b9c73063998437e6a352dda56fd39dc76238982598fad980685,voyce.peh,2026-06-31,c8dcbc742009af875f766d75f1ab03d65d58f1d55ff538efb03bfc383e4d6a98
MSG-202601-001024,2026-01-03 21:35:25,ben.lim@example.org,reporting@nus.edu.sg,Data extract ready,Delivered,9512b8c762cd9b9c73063998437e6a352dda56fd39dc76238982598fad980685,svc_fabric_pipeline,2026-06-31,12c935c082dd3b0c7edf5400367ac7de374539479bbe75fb230b8e3abbac2295
MSG-202601-000117,2026-01-05 02:00:38,notifications@system-example.net,staff003@nus.edu.sg,Scheduled refresh notification,Delivered,9512b8c762cd9b9c73063998437e6a352dda56fd39dc76238982598fad980685,voyce.peh,2026-06-31,5dc2e8a5622bfbb10ef2f682915a75c304f0d4a37615764dcfef7994dd112286
MSG-202601-000401,2026-01-05 04:09:21,operations@vendor-example.com,reporting@nus.edu.sg,Data quality alert,Delivered,9512b8c762cd9b9c73063998437e6a352dda56fd39dc76238982598fad980685,data.engineering,2026-06-31,d1d05e9428ba22820fe7c235a8877069da54d428d8a123354731f71a070be28a
MSG-202601-000541,2026-01-05 07:35:56,reporting.service@example.net,reporting@nus.edu.sg,Meeting follow up,Delivered,9512b8c762cd9b9c73063998437e6a352dda56fd39dc76238982598fad980685,automation.service,2026-06-31,1e1d1f0a2cbc1fc33459737fbfece7792548ff5a67f0aa2a3522f41b70218de4
MSG-202601-000722,2026-01-05 09:32:13,reporting.service@example.net,platform.support@nus.edu.sg,Security access review,Resolved,9512b8c762cd9b9c73063998437e6a352dda56fd39dc76238982598fad980685,svc_fabric_pipeline,2026-06-31,15999808430cb25b775ae3592037145724eede862521981eca610a9e19f2793f
MSG-202601-001363,2026-01-05 17:47:57,notifications@system-example.net,governance@nus.edu.sg,Contract review reminder,Delivered,9512b8c762cd9b9c73063998437e6a352dda56fd39dc76238982598fad980685,automation.service,2026-06-31,ea46cceaa9332cb6535514229c80cd711c0bb794ca1a4a6ec68c1fa7f32d1983
MSG-202601-000905,2026-01-05 20:55:45,support@service-example.com,platform.support@nus.edu.sg,Meeting follow up,Delivered,e0d15de1e58a94820da67c31b0a3e5495269396173d686094268075fef5a801a,data.engineering,2026-06-31,dbdc7003fa65c95e64ac1aaa6f074c871f6834b2c9a9e5a25b952b59e15aca7f
MSG-202601-000623,2026-01-05 23:18:13,operations@vendor-example.com,staff003@nus.edu.sg,File delivery confirmation,Delivered,9512b8c762cd9b9c73063998437e6a352dda56fd39dc76238982598fad980685,data.engineering,2026-06-31,80715eb163c0c5beb86b60c55397278838688c2046c8766e1e6b812b729328b6
MSG-202601-000060,2026-01-06 09:16:57,notifications@system-example.net,governance@nus.edu.sg,Monthly report submission,Delivered,e0d15de1e58a94820da67c31b0a3e5495269396173d686094268075fef5a801a,voyce.peh,2026-06-31,0e6328985f6c9cd75a881a43e82e660bc7cfbc3918e346369189b124085a833d
MSG-202601-000035,2026-01-06 11:43:06,data.platform@example.org,staff002@nus.edu.sg,Access request approved,Failed,9512b8c762cd9b9c73063998437e6a352dda56fd39dc76238982598fad980685,voyce.peh,2026-06-31,0d972228bd0e497bf885284d335b6abeb9574e91ac534b7c92a52cf0aaf64b4f
MSG-202601-001105,2026-01-06 12:35:56,support@service-example.com,staff002@nus.edu.sg,Data quality alert,Delivered,e0d15de1e58a94820da67c31b0a3e5495269396173d686094268075fef5a801a,svc_fabric_pipeline,2026-06-31,80bc146d319d9084bbd41b9ae7f48a3c79ee5ed24518838810b942f58e519a27
MSG-202601-000599,2026-01-06 15:09:55,project.office@example.com,staff003@nus.edu.sg,Data validation results,Failed,9512b8c762cd9b9c73063998437e6a352dda56fd39dc76238982598fad980685,voyce.peh,2026-06-31,8619367193dc9777921d233619057e1d6fcb89b73440eebc3ab2faceed8200cb
MSG-202601-000860,2026-01-06 15:33:57,support@service-example.com,staff001@nus.edu.sg,Dashboard refresh completed,Failed,e0d15de1e58a94820da67c31b0a3e5495269396173d686094268075fef5a801a,voyce.peh,2026-06-31,b028d4d6c784c5f4df94a482859b240830906bfbf3d29143e5a2054e62d22e6c
MSG-202601-001276,2026-01-07 00:34:59,ben.lim@example.org,reporting@nus.edu.sg,Workspace permission request,Failed,e0d15de1e58a94820da67c31b0a3e5495269396173d686094268075fef5a801a,automation.service,2026-06-31,8b75ed5edbae300378aef3913cd1d827362767773f6f75c6e95097090ae8efc8
MSG-202601-000974,2026-01-07 01:38:24,operations@vendor-example.com,platform.support@nus.edu.sg,Report publication update,Delivered,e0d15de1e58a94820da67c31b0a3e5495269396173d686094268075fef5a801a,svc_fabric_pipeline,2026-06-31,b5cb5ed8bb96021b792208774d07f0f02546b04722fc519780ee29417e547176
MSG-202601-000381,2026-01-07 04:30:31,project.office@example.com,data.office@nus.edu.sg,File delivery confirmation,Resolved,9512b8c762cd9b9c73063998437e6a352dda56fd39dc76238982598fad980685,voyce.peh,2026-06-31,6aec1e34ad4fbf50e9720600452d77a939a24f8fad810fa30b3ab2f81dab216c
MSG-202601-001037,2026-01-08 14:09:32,governance.team@example.org,staff003@nus.edu.sg,Scheduled refresh notification,Delivered,9512b8c762cd9b9c73063998437e6a352dda56fd39dc76238982598fad980685,data.engineering,2026-06-31,3414f4f04e64901991cf8acfecbef1b97292fe4aed0c570e0b9cc01cecfa6d3f
MSG-202601-001182,2026-01-08 19:23:26,operations@vendor-example.com,staff001@nus.edu.sg,System maintenance notice,Resolved,9512b8c762cd9b9c73063998437e6a352dda56fd39dc76238982598fad980685,svc_fabric_pipeline,2026-06-31,359d9aea43230f6b5eb706b00e86a40d74772dacb7f8d4aba91f8dddb4b32f9c
MSG-202601-000996,2026-01-08 21:43:07,alice.tan@example.com,platform.support@nus.edu.sg,Contract review reminder,Delivered,e0d15de1e58a94820da67c31b0a3e5495269396173d686094268075fef5a801a,automation.service,2026-06-31,d475cc5768321447314b50d63b68fe925d862ee21ba2f3f372176d3ded0e0df0
MSG-202601-000346,2026-01-08 21:47:52,reporting.service@example.net,staff003@nus.edu.sg,Incident resolution update,Resolved,05490a7dc262f4a552acce14881d14d326bb9246b2874f49a39e2b9662f64e77,data.engineering,2026-06-31,71d504ac1a1780fd592201a10582fda6cf12c62397bcec2a01aca3b6ec3129e6
MSG-202601-000400,2026-01-09 05:16:44,data.platform@example.org,reporting@nus.edu.sg,Workspace permission request,Delivered,9512b8c762cd9b9c73063998437e6a352dda56fd39dc76238982598fad980685,voyce.peh,2026-06-31,aec97ed9d73c3188ef90241659022955c195f4708897ade343abe06ac504891f
MSG-202601-001032,2026-01-09 09:02:39,notifications@system-example.net,staff003@nus.edu.sg,Project status update,Delivered,9512b8c762cd9b9c73063998437e6a352dda56fd39dc76238982598fad980685,automation.service,2026-06-31,7a66b4a30ef0f604f43f0105271033837d433b38e5850302a9941317631b3465
MSG-202601-001043,2026-01-10 14:13:02,support@service-example.com,staff002@nus.edu.sg,Data quality alert,Failed,9512b8c762cd9b9c73063998437e6a352dda56fd39dc76238982598fad980685,voyce.peh,2026-06-31,dd5ce9d828e35b47a73bbf344fc56eeb607259ebb5fa211a96e168754b3dd446
MSG-202601-000182,2026-01-11 05:06:45,access.management@example.com,staff003@nus.edu.sg,System maintenance notice,Delivered,9512b8c762cd9b9c73063998437e6a352dda56fd39dc76238982598fad980685,data.engineering,2026-06-31,6e9f014e38cc06ad3cce5dc8eb47a93d0ace08bbe76c5e702a61e57cf6ed843f
MSG-202601-000172,2026-01-11 07:46:29,support@service-example.com,staff003@nus.edu.sg,Report publication update,Delivered,e0d15de1e58a94820da67c31b0a3e5495269396173d686094268075fef5a801a,automation.service,2026-06-31,364544af777bdfc1d8c8b87c4b9291fcb651a8f97966c51bde07563260e38071
MSG-202601-001035,2026-01-11 17:19:10,support@service-example.com,governance@nus.edu.sg,User account request,Failed,9512b8c762cd9b9c73063998437e6a352dda56fd39dc76238982598fad980685,voyce.peh,2026-06-31,1b341fc912bc84c6aada54a62bec37c429de73521e377cada73e90d18795e88b
MSG-202601-000297,2026-01-11 18:26:32,project.office@example.com,staff002@nus.edu.sg,User account request,Delivered,9512b8c762cd9b9c73063998437e6a352dda56fd39dc76238982598fad980685,automation.service,2026-06-31,809ccc6acd95d4c01016ee7d973659ce5c218cd1c10ffbae9c7bfc33f796b566
MSG-202601-000443,2026-01-11 20:37:03,notifications@system-example.net,reporting@nus.edu.sg,Data validation results,Delivered,9512b8c762cd9b9c73063998437e6a352dda56fd39dc76238982598fad980685,data.engineering,2026-06-31,7a4e85003dd0e90e8dd691758402581c3b88c0d47282b149f584ac27019df189
MSG-202601-000126,2026-01-11 23:48:56,data.platform@example.org,staff001@nus.edu.sg,Service request update,Delivered,9512b8c762cd9b9c73063998437e6a352dda56fd39dc76238982598fad980685,automation.service,2026-06-31,d102e373884e8425a51fe6d7a13f7e97cd61211aed6fd25254997354949999d3
MSG-202601-000339,2026-01-12 01:06:05,ben.lim@example.org,staff001@nus.edu.sg,Access request approved,Delivered,9512b8c762cd9b9c73063998437e6a352dda56fd39dc76238982598fad980685,voyce.peh,2026-06-31,af426825825c9483701eb0dbf36fd8a24da0389e2bb65a77498b4d96cce331fb
MSG-202601-000803,2026-01-12 09:41:46,alice.tan@example.com,staff003@nus.edu.sg,Service request update,Delivered,9512b8c762cd9b9c73063998437e6a352dda56fd39dc76238982598fad980685,automation.service,2026-06-31,d423fc455f0a17d87a921d66f024f735153dac0039323e533a02c6be40646158
MSG-202601-001371,2026-01-12 15:39:01,operations@vendor-example.com,platform.support@nus.edu.sg,Incident resolution update,Delivered,05490a7dc262f4a552acce14881d14d326bb9246b2874f49a39e2b9662f64e77,voyce.peh,2026-06-31,4c80117db14f61681df153fc8f42381d764f624f29e03c0c44f5359e17819872
MSG-202601-000596,2026-01-12 16:43:09,access.management@example.com,staff003@nus.edu.sg,Data quality alert,Delivered,9512b8c762cd9b9c73063998437e6a352dda56fd39dc76238982598fad980685,automation.service,2026-06-31,65d62ba307f93064a99516047fdfd73d62d4d0daab4c881e953ee0cd9da2df63
MSG-202601-000161,2026-01-12 20:17:51,alice.tan@example.com,data.office@nus.edu.sg,Data extract ready,Delivered,9512b8c762cd9b9c73063998437e6a352dda56fd39dc76238982598fad980685,svc_fabric_pipeline,2026-06-31,de6f339b0c53b462d6051fa842a078d5ecd8f43caf71e88ac7fa7ed5724c5aeb
MSG-202601-000739,2026-01-12 21:03:58,notifications@system-example.net,staff002@nus.edu.sg,Metadata update completed,Failed,9512b8c762cd9b9c73063998437e6a352dda56fd39dc76238982598fad980685,svc_fabric_pipeline,2026-06-31,2bb79c55ba1fe2faca533cafc0b65cff956d1fd3d15d16a9a474e4249443067e
MSG-202601-000235,2026-01-13 01:37:53,support@service-example.com,staff002@nus.edu.sg,File delivery confirmation,Delivered,e0d15de1e58a94820da67c31b0a3e5495269396173d686094268075fef5a801a,data.engineering,2026-06-31,e7dbbc39f0c2e89f4439d5f00d96f5f5dd3577772a1804199ec2a3705eb52e7d
MSG-202601-000495,2026-01-13 03:52:49,operations@vendor-example.com,platform.support@nus.edu.sg,Contract review reminder,Delivered,9512b8c762cd9b9c73063998437e6a352dda56fd39dc76238982598fad980685,voyce.peh,2026-06-31,ed30cdce24a321444f45bb007c09545962e0cf48237c435f7da710bbcd67bd3f
MSG-202601-001442,2026-01-13 05:20:28,support@service-example.com,reporting@nus.edu.sg,Meeting follow up,Delivered,05490a7dc262f4a552acce14881d14d326bb9246b2874f49a39e2b9662f64e77,voyce.peh,2026-06-31,804a80644c9eddd501346452ae21fbb0d92318690c05d0837e9c8e6961f62830
MSG-202601-001405,2026-01-13 06:24:56,support@service-example.com,analytics.team@nus.edu.sg,Metadata update completed,Resolved,9512b8c762cd9b9c73063998437e6a352dda56fd39dc76238982598fad980685,svc_fabric_pipeline,2026-06-31,ef088f05873e619910d8bcfcf5c3cc4721089d5a03e246363cbbe56eef3445ea
MSG-202601-001448,2026-01-13 11:51:52,governance.team@example.org,staff002@nus.edu.sg,File delivery confirmation,Delivered,9512b8c762cd9b9c73063998437e6a352dda56fd39dc76238982598fad980685,voyce.peh,2026-06-31,66961c99ca1554478f7e416bd0fbaf26994c3a83aaf73e267c414ef0abe03309
MSG-202601-000335,2026-01-13 18:27:34,notifications@system-example.net,platform.support@nus.edu.sg,Workspace permission request,Delivered,9512b8c762cd9b9c73063998437e6a352dda56fd39dc76238982598fad980685,data.engineering,2026-06-31,ff6b793957380e8b803164da30ba8dea304fcf36b9298a333dd393a88e584f89
MSG-202601-000375,2026-01-14 04:57:14,project.office@example.com,staff002@nus.edu.sg,Access request approved,Delivered,9512b8c762cd9b9c73063998437e6a352dda56fd39dc76238982598fad980685,voyce.peh,2026-06-31,9d94c150b9695b4f241e6fa33eed7ff7dca76c08c1b10f66115456e995f561c8
MSG-202601-000871,2026-01-14 08:23:07,alice.tan@example.com,reporting@nus.edu.sg,Report publication update,Delivered,e0d15de1e58a94820da67c31b0a3e5495269396173d686094268075fef5a801a,automation.service,2026-06-31,989c6bed390ffe3267807b703e1bd32252b3b78761a36b3b2c7910b44f866e04
MSG-202601-001042,2026-01-14 14:34:27,governance.team@example.org,analytics.team@nus.edu.sg,Service request update,Delivered,9512b8c762cd9b9c73063998437e6a352dda56fd39dc76238982598fad980685,data.engineering,2026-06-31,18f3b0e75f585d2d543798afdd726a831dd9921a62afab22732cc165daccdfe8
MSG-202601-000652,2026-01-14 15:12:51,project.office@example.com,governance@nus.edu.sg,Workspace permission request,Delivered,e0d15de1e58a94820da67c31b0a3e5495269396173d686094268075fef5a801a,voyce.peh,2026-06-31,76c600afec017c5773e627812923d22dc747d2e593b0a0be814bb6ed6da4cd2b
MSG-202601-000778,2026-01-14 21:18:41,alice.tan@example.com,platform.support@nus.edu.sg,Dashboard refresh completed,Delivered,05490a7dc262f4a552acce14881d14d326bb9246b2874f49a39e2b9662f64e77,voyce.peh,2026-06-31,5f7cd80491d38d21107b383e8a58c98455bf8ea2b1a81e757f5f08140a8e43a5
MSG-202601-000628,2026-01-15 03:34:44,project.office@example.com,analytics.team@nus.edu.sg,File delivery confirmation,Resolved,9512b8c762cd9b9c73063998437e6a352dda56fd39dc76238982598fad980685,voyce.peh,2026-06-31,15d2ac961403831aa38137da26e81003c3eeccb1a601660541740de0487cf6ab
MSG-202601-001259,2026-01-15 03:42:44,reporting.service@example.net,data.office@nus.edu.sg,Data validation results,Delivered,9512b8c762cd9b9c73063998437e6a352dda56fd39dc76238982598fad980685,svc_fabric_pipeline,2026-06-31,da0670494049bfefcd1af7c752ef9560635ccf5b9de2bb18cd05265892b5221e
MSG-202601-000561,2026-01-15 10:23:56,ben.lim@example.org,staff002@nus.edu.sg,Workspace permission request,Delivered,9512b8c762cd9b9c73063998437e6a352dda56fd39dc76238982598fad980685,voyce.peh,2026-06-31,af80643ff6975337de16c59cd89c01cc6abacf23ec174ea16cd4d163dc9935c2
MSG-202601-001021,2026-01-15 23:19:10,notifications@system-example.net,reporting@nus.edu.sg,User account request,Delivered,9512b8c762cd9b9c73063998437e6a352dda56fd39dc76238982598fad980685,automation.service,2026-06-31,50e482c20749ceac1e0ccdb5fbc10b74c0ed4ec83cf97525fdd758f71c2c91b1
MSG-202601-000923,2026-01-15 23:55:59,reporting.service@example.net,analytics.team@nus.edu.sg,Contract review reminder,Delivered,9512b8c762cd9b9c73063998437e6a352dda56fd39dc76238982598fad980685,svc_fabric_pipeline,2026-06-31,7282daaf14057330678048fb00834257a52cb0fbbeb6b7d0cc24d4c3dc0c1499
MSG-202601-000818,2026-01-16 08:12:00,project.office@example.com,staff001@nus.edu.sg,Report publication update,Resolved,9512b8c762cd9b9c73063998437e6a352dda56fd39dc76238982598fad980685,data.engineering,2026-06-31,c3890dd11a6b81752b8b2932292dd768c0c553c989bb9e245da085bf54e4160d
MSG-202601-001449,2026-01-17 04:50:53,support@service-example.com,governance@nus.edu.sg,Meeting follow up,Delivered,9512b8c762cd9b9c73063998437e6a352dda56fd39dc76238982598fad980685,voyce.peh,2026-06-31,8d3db1d96dba1b1d91b04038d5c407444f0098029bbc3d28d4686dc3d0c9a745
MSG-202601-000446,2026-01-17 12:10:52,operations@vendor-example.com,analytics.team@nus.edu.sg,Workspace permission request,Delivered,9512b8c762cd9b9c73063998437e6a352dda56fd39dc76238982598fad980685,svc_fabric_pipeline,2026-06-31,a93678419473ddd659e5aa483ac7b2baa82a8d4a5739f7fa6510ecc67366dfb6
MSG-202601-000693,2026-01-17 13:48:44,reporting.service@example.net,analytics.team@nus.edu.sg,Incident resolution update,Delivered,e0d15de1e58a94820da67c31b0a3e5495269396173d686094268075fef5a801a,automation.service,2026-06-31,057be230db2eb728fc8f60edfbfde7116cc83e0f924cc9bdd788bc9b67dc6288
MSG-202601-001057,2026-01-17 15:10:24,alice.tan@example.com,reporting@nus.edu.sg,Meeting follow up,Delivered,e0d15de1e58a94820da67c31b0a3e5495269396173d686094268075fef5a801a,voyce.peh,2026-06-31,070275cecfda9e1313c4a29f8680f05df62f4c4b475ed6a1e468ee4f97dbc4b3
MSG-202601-000569,2026-01-17 19:07:57,access.management@example.com,analytics.team@nus.edu.sg,Workspace permission request,Delivered,9512b8c762cd9b9c73063998437e6a352dda56fd39dc76238982598fad980685,data.engineering,2026-06-31,9cac4a015deb7b4ae2f421b4ec01122cb1ae279871852448b2b185d25b20370b
MSG-202601-000674,2026-01-17 19:30:56,operations@vendor-example.com,staff001@nus.edu.sg,Data validation results,Delivered,9512b8c762cd9b9c73063998437e6a352dda56fd39dc76238982598fad980685,data.engineering,2026-06-31,558c3704eb927adfc71d7ae1fc12901a3cf2b68bee18bea114e48c2352e94e7b
MSG-202601-001229,2026-01-18 05:42:01,access.management@example.com,analytics.team@nus.edu.sg,Report publication update,Delivered,e0d15de1e58a94820da67c31b0a3e5495269396173d686094268075fef5a801a,data.engineering,2026-06-31,2183ecbf3dc32461c830ca73a44489086ce34bfeb65a9b76eecbfd4cf84cd8ef
MSG-202601-000820,2026-01-18 07:55:29,notifications@system-example.net,reporting@nus.edu.sg,User account request,Resolved,9512b8c762cd9b9c73063998437e6a352dda56fd39dc76238982598fad980685,svc_fabric_pipeline,2026-06-31,29d5aedc2f492dfcf5b2a1e4b3e581951f361ed696a91c317c5d0faf2d6c1283
MSG-202601-000088,2026-01-18 08:06:12,data.platform@example.org,staff003@nus.edu.sg,System maintenance notice,Failed,9512b8c762cd9b9c73063998437e6a352dda56fd39dc76238982598fad980685,voyce.peh,2026-06-31,a28d29442e814e5e22d2c2bbdf2d6fb54ef3716b7c01112315eebffe860cd124
MSG-202601-000539,2026-01-18 15:03:44,ben.lim@example.org,governance@nus.edu.sg,Dashboard refresh completed,Resolved,9512b8c762cd9b9c73063998437e6a352dda56fd39dc76238982598fad980685,automation.service,2026-06-31,0f1f9438dcb68638bb04dc3b9077af346a8aaf8ece0ba0980f8f6072cf9849de
MSG-202601-001026,2026-01-18 17:26:56,access.management@example.com,analytics.team@nus.edu.sg,File delivery confirmation,Resolved,9512b8c762cd9b9c73063998437e6a352dda56fd39dc76238982598fad980685,svc_fabric_pipeline,2026-06-31,99c8db1505bc5ecef079e75410b0b30f68a1d6415570878b88f50257dce34593
MSG-202601-000473,2026-01-18 19:40:13,data.platform@example.org,reporting@nus.edu.sg,Data quality alert,Failed,9512b8c762cd9b9c73063998437e6a352dda56fd39dc76238982598fad980685,data.engineering,2026-06-31,0c02c3bbabdf19b82914fb613937ae8e0923d540efa6da305b3b9625a7f49f5f
MSG-202601-001053,2026-01-18 23:29:36,ben.lim@example.org,reporting@nus.edu.sg,Dashboard refresh completed,Resolved,e0d15de1e58a94820da67c31b0a3e5495269396173d686094268075fef5a801a,svc_fabric_pipeline,2026-06-31,017134e66a54232d40510546b886758282d57051ac27b536768dc65bd675c0f9
MSG-202601-000603,2026-01-19 10:46:55,reporting.service@example.net,governance@nus.edu.sg,Dashboard refresh completed,Delivered,9512b8c762cd9b9c73063998437e6a352dda56fd39dc76238982598fad980685,svc_fabric_pipeline,2026-06-31,5a7a50bd7bbaabfd248326ede387019d0f08747c18511f2d299bb99a9a4938c2
MSG-202601-001238,2026-01-19 23:41:18,ben.lim@example.org,staff002@nus.edu.sg,Dashboard refresh completed,Delivered,9512b8c762cd9b9c73063998437e6a352dda56fd39dc76238982598fad980685,svc_fabric_pipeline,2026-06-31,7c6395424baa9a37be23e445141989b2e541c3e6ea53dd1a8968ecf6696c73b1
MSG-202601-000290,2026-01-20 02:43:42,project.office@example.com,analytics.team@nus.edu.sg,User account request,Failed,9512b8c762cd9b9c73063998437e6a352dda56fd39dc76238982598fad980685,voyce.peh,2026-06-31,e6e8d9334c46011756ae6932a33f9d5315d864f4f9a86c1570a6f1055fc30947
MSG-202601-000452,2026-01-20 07:00:36,project.office@example.com,data.office@nus.edu.sg,Incident resolution update,Delivered,9512b8c762cd9b9c73063998437e6a352dda56fd39dc76238982598fad980685,automation.service,2026-06-31,421133481eb48fac2f6e399a6a4a81147751117e1dbb768502d9dff1ce525cc6
MSG-202601-000267,2026-01-20 07:29:21,governance.team@example.org,platform.support@nus.edu.sg,Data validation results,Resolved,9512b8c762cd9b9c73063998437e6a352dda56fd39dc76238982598fad980685,svc_fabric_pipeline,2026-06-31,141cab4395dff820cfc13a4ce15dca34f3876ca3f2e99b7cb9f063ebcdf260b0
MSG-202601-000962,2026-01-20 15:20:45,project.office@example.com,analytics.team@nus.edu.sg,Incident resolution update,Delivered,9512b8c762cd9b9c73063998437e6a352dda56fd39dc76238982598fad980685,data.engineering,2026-06-31,802d5d844f0bfc710907195220affb5786321db8e85299ee962856bf87227365
MSG-202601-001214,2026-01-20 23:06:17,governance.team@example.org,staff001@nus.edu.sg,Project status update,Delivered,9512b8c762cd9b9c73063998437e6a352dda56fd39dc76238982598fad980685,automation.service,2026-06-31,9f27b077536f8cab500b9771c89d4bda01d8bb64e2a0741323e8704abcb02b83
MSG-202601-000858,2026-01-21 02:12:59,notifications@system-example.net,staff002@nus.edu.sg,Contract review reminder,Delivered,05490a7dc262f4a552acce14881d14d326bb9246b2874f49a39e2b9662f64e77,svc_fabric_pipeline,2026-06-31,2f5f616f017c2a290aa82eec21ee76e49757e23a9c31a5b2467e3b8cfcc8cf87
MSG-202601-000969,2026-01-21 03:16:59,data.platform@example.org,staff003@nus.edu.sg,File delivery confirmation,Failed,9512b8c762cd9b9c73063998437e6a352dda56fd39dc76238982598fad980685,svc_fabric_pipeline,2026-06-31,40708da11cdd156180c4a090285708ee4a73e80c04f39d080614ccb4cdaa9f01
MSG-202601-000919,2026-01-21 06:31:50,access.management@example.com,analytics.team@nus.edu.sg,Data extract ready,Delivered,9512b8c762cd9b9c73063998437e6a352dda56fd39dc76238982598fad980685,automation.service,2026-06-31,d0c1b82875253f4644115585d88d6b2cd8c21444e5b8fffd80ebe73824246157
MSG-202601-000832,2026-01-21 10:36:36,data.platform@example.org,staff001@nus.edu.sg,Service request update,Delivered,9512b8c762cd9b9c73063998437e6a352dda56fd39dc76238982598fad980685,data.engineering,2026-06-31,7cb5d3b8b9793373d2f622beeb336470b0df4ecb0b9a84601969a33c1debdbfa
MSG-202601-000365,2026-01-22 04:28:19,ben.lim@example.org,analytics.team@nus.edu.sg,Meeting follow up,Resolved,9512b8c762cd9b9c73063998437e6a352dda56fd39dc76238982598fad980685,data.engineering,2026-06-31,7b1a0268c8c3a54ba11355ca4240c92aa76c637f586adae0ef796d5f78c6d31e
MSG-202601-000706,2026-01-22 05:13:42,data.platform@example.org,governance@nus.edu.sg,Security access review,Delivered,9512b8c762cd9b9c73063998437e6a352dda56fd39dc76238982598fad980685,automation.service,2026-06-31,e0cb8ea97290c7913b2990f081a13f39779285e52d7e2fcc8eb18687f10fc496
MSG-202601-000888,2026-01-22 11:35:15,ben.lim@example.org,staff003@nus.edu.sg,Scheduled refresh notification,Delivered,9512b8c762cd9b9c73063998437e6a352dda56fd39dc76238982598fad980685,svc_fabric_pipeline,2026-06-31,e5eaf5636f856555ab1953353893bc6782ef04ee02ff63426dd4e1f62744b931
MSG-202601-000061,2026-01-23 06:10:58,operations@vendor-example.com,data.office@nus.edu.sg,Data validation results,Delivered,9512b8c762cd9b9c73063998437e6a352dda56fd39dc76238982598fad980685,automation.service,2026-06-31,e3035b5ad0c045c18e2f62c0dd980017b9fb450ac2e298420102ebcfefc4b896
MSG-202601-000690,2026-01-23 16:06:18,access.management@example.com,analytics.team@nus.edu.sg,Access request approved,Delivered,e0d15de1e58a94820da67c31b0a3e5495269396173d686094268075fef5a801a,svc_fabric_pipeline,2026-06-31,980da23dd00dfd27c26f8deca3adbf798d77e8c20d2577217d8930ef9ac7f067
MSG-202601-000667,2026-01-23 19:23:26,notifications@system-example.net,governance@nus.edu.sg,System maintenance notice,Delivered,05490a7dc262f4a552acce14881d14d326bb9246b2874f49a39e2b9662f64e77,data.engineering,2026-06-31,a04147f5fd6608b0bae5e470138cb8713a821dcbba9b30d0c8b771b59d614427
MSG-202601-000941,2026-01-24 08:49:36,governance.team@example.org,governance@nus.edu.sg,User account request,Delivered,9512b8c762cd9b9c73063998437e6a352dda56fd39dc76238982598fad980685,voyce.peh,2026-06-31,84fb59849eaa3e8236816449441fb2db23e608d1e6acc3699f714d828afef7e9
MSG-202601-001239,2026-01-24 14:11:03,reporting.service@example.net,reporting@nus.edu.sg,Security access review,Delivered,9512b8c762cd9b9c73063998437e6a352dda56fd39dc76238982598fad980685,svc_fabric_pipeline,2026-06-31,52bfcded774cfa03af76db278c79ff8f88e26fcefe0c98fa701089e13c62184a
MSG-202601-000664,2026-01-25 08:43:21,operations@vendor-example.com,reporting@nus.edu.sg,Project status update,Failed,9512b8c762cd9b9c73063998437e6a352dda56fd39dc76238982598fad980685,automation.service,2026-06-31,923b3e3322f59883f3a62b9e294c788192dc3792400311bbc95717957b3f5e16
MSG-202601-000483,2026-01-25 16:39:16,data.platform@example.org,platform.support@nus.edu.sg,System maintenance notice,Resolved,9512b8c762cd9b9c73063998437e6a352dda56fd39dc76238982598fad980685,data.engineering,2026-06-31,2092e16886f1907cb0ea92843f18e601b5aaf5bd5bd2a2ed4bbcdf727a60ae58
MSG-202601-000637,2026-01-25 20:14:49,data.platform@example.org,reporting@nus.edu.sg,Meeting follow up,Delivered,9512b8c762cd9b9c73063998437e6a352dda56fd39dc76238982598fad980685,voyce.peh,2026-06-31,fb0804358071dbc3ca282b591da51971bd72cc89977d2969ebdc40855b5c5c05
MSG-202601-001453,2026-01-25 22:09:43,project.office@example.com,data.office@nus.edu.sg,Data extract ready,Delivered,e0d15de1e58a94820da67c31b0a3e5495269396173d686094268075fef5a801a,data.engineering,2026-06-31,b98e9309f6b879c219390b61fba365a0744e6118e637e8867296d9ec03d6717c
MSG-202601-000881,2026-01-26 08:49:31,operations@vendor-example.com,governance@nus.edu.sg,Project status update,Failed,9512b8c762cd9b9c73063998437e6a352dda56fd39dc76238982598fad980685,voyce.peh,2026-06-31,26e11a70fdf56fac97dbd289304cf0dad33774834dfd23b81324ef5fc369c722
MSG-202601-001317,2026-01-26 14:34:00,support@service-example.com,staff002@nus.edu.sg,File delivery confirmation,Failed,9512b8c762cd9b9c73063998437e6a352dda56fd39dc76238982598fad980685,data.engineering,2026-06-31,272b8f8e14245d72cd04e071b8cfee53e0890d259a685e4f37c4a26a6d47cd16
MSG-202601-001181,2026-01-26 15:01:42,notifications@system-example.net,data.office@nus.edu.sg,Report publication update,Delivered,9512b8c762cd9b9c73063998437e6a352dda56fd39dc76238982598fad980685,voyce.peh,2026-06-31,2ba7f62d1bf12bec814a15f8abbbaa94d13d8695010c9d861f4226c823861819
MSG-202601-000211,2026-01-27 05:18:44,governance.team@example.org,data.office@nus.edu.sg,Meeting follow up,Delivered,9512b8c762cd9b9c73063998437e6a352dda56fd39dc76238982598fad980685,voyce.peh,2026-06-31,cbbd5726d91c0f660fe33bb3099d5c4f470048ca5342793c9d425c542c87bbc0
MSG-202601-000103,2026-01-27 19:27:05,support@service-example.com,platform.support@nus.edu.sg,Data extract ready,Resolved,9512b8c762cd9b9c73063998437e6a352dda56fd39dc76238982598fad980685,automation.service,2026-06-31,096be48206b10527e79e00309a75e2068ec9cf9ded30f05493e528a1e6d9185b
MSG-202601-001372,2026-01-27 20:52:22,ben.lim@example.org,reporting@nus.edu.sg,User account request,Delivered,9512b8c762cd9b9c73063998437e6a352dda56fd39dc76238982598fad980685,automation.service,2026-06-31,e640d7cc5e6bdec7aca7a6febac886a5866931747e021255ecf3ac07da34122d
MSG-202601-001227,2026-01-28 07:10:44,access.management@example.com,staff001@nus.edu.sg,Workspace permission request,Delivered,e0d15de1e58a94820da67c31b0a3e5495269396173d686094268075fef5a801a,svc_fabric_pipeline,2026-06-31,99c6e6f0ed017fb265743cc1f9c2700436375f59ca4cfaa42001b45e1d5a1228
MSG-202601-000823,2026-01-28 07:42:00,alice.tan@example.com,staff001@nus.edu.sg,Workspace permission request,Resolved,9512b8c762cd9b9c73063998437e6a352dda56fd39dc76238982598fad980685,automation.service,2026-06-31,fa7804f3c81a6d10628fab4c318bdd86618a24add8d4e7f21d7ab2f6edeb3caa
MSG-202601-001286,2026-01-28 12:02:08,support@service-example.com,analytics.team@nus.edu.sg,Security access review,Delivered,9512b8c762cd9b9c73063998437e6a352dda56fd39dc76238982598fad980685,data.engineering,2026-06-31,63152410c066077ebab3495f7f72854a7b08721c5c85efb7f90629a96070283a
MSG-202601-000843,2026-01-28 12:16:44,reporting.service@example.net,analytics.team@nus.edu.sg,Meeting follow up,Resolved,e0d15de1e58a94820da67c31b0a3e5495269396173d686094268075fef5a801a,voyce.peh,2026-06-31,9658ac5fb2aae218131904007611fba74993df06c016cf3c563b37a981f1686c
MSG-202601-000193,2026-01-28 16:40:10,access.management@example.com,staff003@nus.edu.sg,Report publication update,Resolved,e0d15de1e58a94820da67c31b0a3e5495269396173d686094268075fef5a801a,data.engineering,2026-06-31,1e0bf10fb823c1e2a3daf2280c9d61a1fe934210ba3ca184b63504a3ed1b1d73
MSG-202601-000978,2026-01-28 17:21:21,operations@vendor-example.com,staff002@nus.edu.sg,File delivery confirmation,Delivered,9512b8c762cd9b9c73063998437e6a352dda56fd39dc76238982598fad980685,svc_fabric_pipeline,2026-06-31,a736d54ef85c630359dc81e9e6eb495661d4881f9a4d3d0a21a217bece4b8027
MSG-202601-000493,2026-01-28 18:30:22,reporting.service@example.net,staff003@nus.edu.sg,Meeting follow up,Delivered,9512b8c762cd9b9c73063998437e6a352dda56fd39dc76238982598fad980685,svc_fabric_pipeline,2026-06-31,7dcac453d91f481a28ed5730323803cda069fa4e64e8b039b4c0bc02b3be0294
MSG-202601-000471,2026-01-29 02:00:40,notifications@system-example.net,data.office@nus.edu.sg,Dashboard refresh completed,Delivered,9512b8c762cd9b9c73063998437e6a352dda56fd39dc76238982598fad980685,data.engineering,2026-06-31,3d3746e09a585ab2c3fb6bdf0abd7f8857978ce7679f678ca548ff99365b39d6
MSG-202601-000378,2026-01-29 04:41:27,support@service-example.com,staff003@nus.edu.sg,User account request,Failed,9512b8c762cd9b9c73063998437e6a352dda56fd39dc76238982598fad980685,voyce.peh,2026-06-31,97483ffd58dd60f38e1d336ae8bb363a450da8fa5f44e6c11ecebd38a351e854
MSG-202601-001141,2026-01-29 09:05:38,support@service-example.com,platform.support@nus.edu.sg,Monthly report submission,Delivered,e0d15de1e58a94820da67c31b0a3e5495269396173d686094268075fef5a801a,svc_fabric_pipeline,2026-06-31,669833425897dd0e736fcb7f1a5e668723cd8bd3428e415a24d2c228502398e4
MSG-202601-000285,2026-01-29 09:52:48,reporting.service@example.net,reporting@nus.edu.sg,Meeting follow up,Resolved,e0d15de1e58a94820da67c31b0a3e5495269396173d686094268075fef5a801a,voyce.peh,2026-06-31,c298bac23f1850a1ad6211e99a620bae81dbc83de7e450a7e758dc67919d6c10
MSG-202601-001254,2026-01-29 10:00:03,notifications@system-example.net,staff003@nus.edu.sg,File delivery confirmation,Delivered,9512b8c762cd9b9c73063998437e6a352dda56fd39dc76238982598fad980685,voyce.peh,2026-06-31,385c374f31ab69b7bdddd17548fcdd561ab3f8366fc87281cbfec7a4a53c686a
MSG-202601-000282,2026-01-30 00:10:48,operations@vendor-example.com,reporting@nus.edu.sg,Incident resolution update,Resolved,e0d15de1e58a94820da67c31b0a3e5495269396173d686094268075fef5a801a,svc_fabric_pipeline,2026-06-31,f02078db2674a106451fd3ffa445f22d18ec4819a639286f0f496deae0e10916
MSG-202601-001399,2026-01-30 02:37:03,notifications@system-example.net,governance@nus.edu.sg,Data extract ready,Delivered,9512b8c762cd9b9c73063998437e6a352dda56fd39dc76238982598fad980685,data.engineering,2026-06-31,6d2106e057b95ae7d1e25e286d3b073cef3eb700e28f31c827ffd6f5a9df4b57
MSG-202601-001070,2026-01-30 14:24:20,access.management@example.com,analytics.team@nus.edu.sg,Contract review reminder,Delivered,9512b8c762cd9b9c73063998437e6a352dda56fd39dc76238982598fad980685,svc_fabric_pipeline,2026-06-31,c27b34a15e24a33565e030b549d5e9d6271a15ab90bdf7d9d633f23df461e4d3
MSG-202601-000715,2026-01-30 17:28:37,notifications@system-example.net,staff003@nus.edu.sg,User account request,Resolved,e0d15de1e58a94820da67c31b0a3e5495269396173d686094268075fef5a801a,voyce.peh,2026-06-31,5abad181a2eee21c5b5d8e3b6370f7e20d4cee3f0b1f362d190511cd68818c96
MSG-202601-000617,2026-01-31 03:10:30,notifications@system-example.net,staff002@nus.edu.sg,Access request approved,Failed,05490a7dc262f4a552acce14881d14d326bb9246b2874f49a39e2b9662f64e77,automation.service,2026-06-31,9caf8f1a89bc62864abe8d739d28efc3bbd58df447c0e61f34072035a156dcab
MSG-202601-000479,2026-01-31 04:10:03,alice.tan@example.com,staff001@nus.edu.sg,Service request update,Delivered,9512b8c762cd9b9c73063998437e6a352dda56fd39dc76238982598fad980685,svc_fabric_pipeline,2026-06-31,ad91aa3f123e5288bfdf34f52ad6f940b5482008b0d8c1968bbb6535d35310fd
MSG-202601-001423,2026-01-31 18:27:44,operations@vendor-example.com,reporting@nus.edu.sg,Access request approved,Delivered,9512b8c762cd9b9c73063998437e6a352dda56fd39dc76238982598fad980685,svc_fabric_pipeline,2026-06-31,c3b7b72a19fdc0d325dd2ea230c558dda39d8fb3ca55fab59884d5989cfab245
MSG-202602-000795,2026-02-01 05:14:04,alice.tan@example.com,platform.support@nus.edu.sg,Contract review reminder,Delivered,9512b8c762cd9b9c73063998437e6a352dda56fd39dc76238982598fad980685,voyce.peh,2026-06-31,bb6c0c616a37779a4127329edbc0560b32db7939a0d7e4670f37b539ccd1dbe8
MSG-202602-001247,2026-02-02 09:13:34,reporting.service@example.net,governance@nus.edu.sg,Incident resolution update,Delivered,9512b8c762cd9b9c73063998437e6a352dda56fd39dc76238982598fad980685,automation.service,2026-06-31,6a5a7fe49ab0d8e7a29e81ec0238033a976fd78e8e5e2ab92785515130e815db
MSG-202602-000385,2026-02-02 16:15:47,alice.tan@example.com,data.office@nus.edu.sg,Data validation results,Delivered,e0d15de1e58a94820da67c31b0a3e5495269396173d686094268075fef5a801a,voyce.peh,2026-06-31,3bfcb32ac5906c2202527ddedc0df7481c26e2c56ff41e7f4638378b09001e7f
MSG-202602-000187,2026-02-02 20:04:59,operations@vendor-example.com,analytics.team@nus.edu.sg,Report publication update,Delivered,9512b8c762cd9b9c73063998437e6a352dda56fd39dc76238982598fad980685,automation.service,2026-06-31,075a581d5870bc1fe11c03f11469c9ad78a0dbee6c721b1947227d7fa8cacba7
MSG-202602-000800,2026-02-03 01:32:06,data.platform@example.org,staff003@nus.edu.sg,Dashboard refresh completed,Delivered,05490a7dc262f4a552acce14881d14d326bb9246b2874f49a39e2b9662f64e77,svc_fabric_pipeline,2026-06-31,d952140f7e9099c45fbbdf7f48a77bdc691a31dbc15b9832303b4e1bf5e99fbc
MSG-202602-000833,2026-02-03 07:26:16,ben.lim@example.org,staff002@nus.edu.sg,Dashboard refresh completed,Resolved,e0d15de1e58a94820da67c31b0a3e5495269396173d686094268075fef5a801a,svc_fabric_pipeline,2026-06-31,b2a049c1f4a6757615c154d8f0dd8c1f10a2ee3bd05ab6648d58a66259b20297
MSG-202602-001292,2026-02-03 16:35:07,data.platform@example.org,reporting@nus.edu.sg,Contract review reminder,Failed,05490a7dc262f4a552acce14881d14d326bb9246b2874f49a39e2b9662f64e77,data.engineering,2026-06-31,7c1657120aa67e657ff35321dc1bd9e7e14f2d34e7ceaf7e7db7c7c43bf3cb49
MSG-202602-000784,2026-02-03 23:46:20,governance.team@example.org,reporting@nus.edu.sg,Monthly report submission,Failed,e0d15de1e58a94820da67c31b0a3e5495269396173d686094268075fef5a801a,automation.service,2026-06-31,d45e0b2716f6cb0656b3f1088155fbb0ee5c7c6dd78b49a398d46e4f36fd2aac
MSG-202602-001013,2026-02-04 00:40:00,reporting.service@example.net,platform.support@nus.edu.sg,Pipeline execution summary,Resolved,e0d15de1e58a94820da67c31b0a3e5495269396173d686094268075fef5a801a,voyce.peh,2026-06-31,060f4cf057cdabc37ebe3537e4ab8621bd3cc76db71a288e34b62ba083cac986
MSG-202602-001088,2026-02-04 06:53:09,project.office@example.com,analytics.team@nus.edu.sg,Data extract ready,Failed,9512b8c762cd9b9c73063998437e6a352dda56fd39dc76238982598fad980685,data.engineering,2026-06-31,971200e8e318e18a9a81b3b68b40be1992528842d97185bfeea0bd5ed0443abe
MSG-202602-000744,2026-02-04 09:09:11,operations@vendor-example.com,data.office@nus.edu.sg,Access request approved,Delivered,9512b8c762cd9b9c73063998437e6a352dda56fd39dc76238982598fad980685,svc_fabric_pipeline,2026-06-31,56a19ff63418029fb89048aac3c48eeee390c1dad650e27ad3b32bd25f578680
MSG-202602-000316,2026-02-04 12:18:50,notifications@system-example.net,staff003@nus.edu.sg,Dashboard refresh completed,Resolved,e0d15de1e58a94820da67c31b0a3e5495269396173d686094268075fef5a801a,svc_fabric_pipeline,2026-06-31,f25f53aaa346b987466ea7b030919f104b7231fed33a3822983bf9d4cd5fab6a
MSG-202602-000636,2026-02-04 18:21:01,project.office@example.com,platform.support@nus.edu.sg,Data quality alert,Delivered,e0d15de1e58a94820da67c31b0a3e5495269396173d686094268075fef5a801a,svc_fabric_pipeline,2026-06-31,03e16c0a4f3e030ae89a5ff6287fcc5966fa5d00826f98fe954896d7a7b23d95
MSG-202602-000724,2026-02-04 21:28:36,notifications@system-example.net,governance@nus.edu.sg,Data validation results,Delivered,05490a7dc262f4a552acce14881d14d326bb9246b2874f49a39e2b9662f64e77,automation.service,2026-06-31,078fd7bb8b9f24f1131de3072b9d20af91c4b3c3f38080ba2d0b7c5783cd0a36
MSG-202602-000999,2026-02-05 02:13:50,operations@vendor-example.com,data.office@nus.edu.sg,File delivery confirmation,Delivered,9512b8c762cd9b9c73063998437e6a352dda56fd39dc76238982598fad980685,svc_fabric_pipeline,2026-06-31,18687d5ec0fb11eb76db3fcec55e022c815e1414ce870f35accc5f9545dab3dd
MSG-202602-000134,2026-02-05 05:33:21,access.management@example.com,reporting@nus.edu.sg,Contract review reminder,Resolved,9512b8c762cd9b9c73063998437e6a352dda56fd39dc76238982598fad980685,voyce.peh,2026-06-31,064ec9f28a74eb64d398657f75acf65a636230dbe0f7a24e091903ec0289b87d
MSG-202602-000191,2026-02-05 09:01:01,support@service-example.com,data.office@nus.edu.sg,File delivery confirmation,Delivered,9512b8c762cd9b9c73063998437e6a352dda56fd39dc76238982598fad980685,data.engineering,2026-06-31,747a558b67a046962b53978becd498c11879efa12840f1c645152826bb26a50e
MSG-202602-000243,2026-02-05 09:43:02,reporting.service@example.net,governance@nus.edu.sg,Dashboard refresh completed,Delivered,9512b8c762cd9b9c73063998437e6a352dda56fd39dc76238982598fad980685,svc_fabric_pipeline,2026-06-31,91918a8592d99396041dd2b96fe3b7afc57745f5c2bc60a8cdf247a396226c44
MSG-202602-000505,2026-02-05 09:53:47,notifications@system-example.net,reporting@nus.edu.sg,Meeting follow up,Delivered,9512b8c762cd9b9c73063998437e6a352dda56fd39dc76238982598fad980685,voyce.peh,2026-06-31,6369be8276585ba7891a8257592ce9868b80ae5ddb7c849abc47f4120070079c
MSG-202602-000927,2026-02-05 13:35:28,reporting.service@example.net,data.office@nus.edu.sg,Dashboard refresh completed,Delivered,9512b8c762cd9b9c73063998437e6a352dda56fd39dc76238982598fad980685,data.engineering,2026-06-31,6287f9f870ef863633041b436672c7190bcb0abcde7423b4fb5b89d5cfe0f034
MSG-202602-000200,2026-02-05 21:22:35,support@service-example.com,staff003@nus.edu.sg,Incident resolution update,Delivered,9512b8c762cd9b9c73063998437e6a352dda56fd39dc76238982598fad980685,svc_fabric_pipeline,2026-06-31,913713315b5bb4ed8adf0bf18afc0db2dd25ce4299732a9ab13edada306e64e5
MSG-202602-001432,2026-02-06 00:04:17,notifications@system-example.net,reporting@nus.edu.sg,Report publication update,Delivered,9512b8c762cd9b9c73063998437e6a352dda56fd39dc76238982598fad980685,svc_fabric_pipeline,2026-06-31,3e5315c78f2045cb39fd60e1d8e490be720230a2b8a9480dee28f849cd09397d
MSG-202602-000797,2026-02-06 00:31:37,reporting.service@example.net,data.office@nus.edu.sg,User account request,Delivered,e0d15de1e58a94820da67c31b0a3e5495269396173d686094268075fef5a801a,data.engineering,2026-06-31,3536f5bd7913bff678dd4c2843a4d2ceecc5d672b4624fc84ebd443ea43e7c8d
MSG-202602-000329,2026-02-06 01:20:30,data.platform@example.org,staff001@nus.edu.sg,Report publication update,Delivered,e0d15de1e58a94820da67c31b0a3e5495269396173d686094268075fef5a801a,automation.service,2026-06-31,2aa1e4261c7bcadb84c08d886d2fa84a285f57bd3bf06541a527e9a3c8f79ba9
MSG-202602-001458,2026-02-06 05:40:51,alice.tan@example.com,data.office@nus.edu.sg,Project status update,Resolved,9512b8c762cd9b9c73063998437e6a352dda56fd39dc76238982598fad980685,svc_fabric_pipeline,2026-06-31,861a48b6c07e57ab0c0733a40c15bdbf78c75087629b77bb4cb76c387114b13a
MSG-202602-000370,2026-02-06 10:23:53,project.office@example.com,governance@nus.edu.sg,Access request approved,Delivered,9512b8c762cd9b9c73063998437e6a352dda56fd39dc76238982598fad980685,svc_fabric_pipeline,2026-06-31,43260fa43b15875866e067f22baff51df1bffa26c7b2c6158299356b522bc7b9
MSG-202602-000062,2026-02-06 10:55:59,governance.team@example.org,reporting@nus.edu.sg,Scheduled refresh notification,Resolved,9512b8c762cd9b9c73063998437e6a352dda56fd39dc76238982598fad980685,svc_fabric_pipeline,2026-06-31,1a25aa2db02aacd57efcab8a581b3d113bc2ab8e7d044cde3a4e0c3bb34e1fc8
MSG-202602-000807,2026-02-06 16:06:40,alice.tan@example.com,staff001@nus.edu.sg,Data validation results,Resolved,9512b8c762cd9b9c73063998437e6a352dda56fd39dc76238982598fad980685,svc_fabric_pipeline,2026-06-31,64413b31a399a3fda68b0beaed5b26de5e9ccadf92db08e3d5a02f5393287278
MSG-202602-001082,2026-02-06 17:12:15,notifications@system-example.net,analytics.team@nus.edu.sg,System maintenance notice,Delivered,e0d15de1e58a94820da67c31b0a3e5495269396173d686094268075fef5a801a,automation.service,2026-06-31,35ada926ae73fd510eb291f398add3737980f51cad978a7515d06b22c69cfa7d
MSG-202602-000841,2026-02-06 17:50:12,support@service-example.com,data.office@nus.edu.sg,Data validation results,Delivered,9512b8c762cd9b9c73063998437e6a352dda56fd39dc76238982598fad980685,voyce.peh,2026-06-31,9092d56b1779e402e3e2f60a871aa59e052654f82b05d0364b162ff4e6eb0403
MSG-202602-000151,2026-02-06 18:15:29,notifications@system-example.net,reporting@nus.edu.sg,Monthly report submission,Delivered,e0d15de1e58a94820da67c31b0a3e5495269396173d686094268075fef5a801a,data.engineering,2026-06-31,9fddf1e136628089d3aaebd11e4f6164938bd9813760dc50a332c8b2f200014d
MSG-202602-000986,2026-02-07 02:48:43,project.office@example.com,staff001@nus.edu.sg,Workspace permission request,Delivered,9512b8c762cd9b9c73063998437e6a352dda56fd39dc76238982598fad980685,svc_fabric_pipeline,2026-06-31,2cc4ac7722106bc3112a1e10167245624b1e4412fa3d678836f626bf0833050d
MSG-202602-001382,2026-02-07 03:29:32,ben.lim@example.org,governance@nus.edu.sg,Security access review,Resolved,9512b8c762cd9b9c73063998437e6a352dda56fd39dc76238982598fad980685,svc_fabric_pipeline,2026-06-31,3a58174eaa6db2e107ef36a120445721bf47f469f8be385a36adfde93a5ee3ef
MSG-202602-001012,2026-02-07 04:01:19,data.platform@example.org,data.office@nus.edu.sg,Dashboard refresh completed,Delivered,9512b8c762cd9b9c73063998437e6a352dda56fd39dc76238982598fad980685,svc_fabric_pipeline,2026-06-31,f932736be9d90c090686cbff6b01b7583b9895e754509c51e304ce2124cbf5f0
MSG-202602-000673,2026-02-07 06:10:27,reporting.service@example.net,reporting@nus.edu.sg,Project status update,Delivered,e0d15de1e58a94820da67c31b0a3e5495269396173d686094268075fef5a801a,data.engineering,2026-06-31,e7d495d546c887ff93ba9452a386753f77ea0c5276b852957e92044677107024
MSG-202602-000676,2026-02-07 09:35:38,reporting.service@example.net,staff002@nus.edu.sg,Workspace permission request,Delivered,05490a7dc262f4a552acce14881d14d326bb9246b2874f49a39e2b9662f64e77,svc_fabric_pipeline,2026-06-31,c34ed549336acda5d30dcb5edd6a9b4f045cbbf754e127b0c48ca9066015d5f8
MSG-202602-001295,2026-02-07 09:57:05,access.management@example.com,reporting@nus.edu.sg,Metadata update completed,Delivered,9512b8c762cd9b9c73063998437e6a352dda56fd39dc76238982598fad980685,voyce.peh,2026-06-31,e6c043e7f1171fa445df7e49eb4b9bc6db896bcedc574f4ccae3b01a1b199066
MSG-202602-001342,2026-02-07 10:05:14,governance.team@example.org,governance@nus.edu.sg,Data extract ready,Delivered,e0d15de1e58a94820da67c31b0a3e5495269396173d686094268075fef5a801a,voyce.peh,2026-06-31,dc82a8f014c37daa46926a4d0d4de4034df880bda0b30dbf5dfa7a63db06efcf
MSG-202602-000966,2026-02-07 13:01:04,ben.lim@example.org,staff001@nus.edu.sg,Security access review,Resolved,9512b8c762cd9b9c73063998437e6a352dda56fd39dc76238982598fad980685,data.engineering,2026-06-31,acc16ef811b54be2e3ca1031d93f0f0c3c087e355f141b6aa0e0e8d46ec5cac6
MSG-202602-000576,2026-02-08 06:01:57,alice.tan@example.com,staff001@nus.edu.sg,Scheduled refresh notification,Delivered,e0d15de1e58a94820da67c31b0a3e5495269396173d686094268075fef5a801a,voyce.peh,2026-06-31,cbb2442301d41caf0e1a92073db5b9d13cec936260dbd61fe92f85c611485247
MSG-202602-001385,2026-02-08 06:52:12,access.management@example.com,analytics.team@nus.edu.sg,Dashboard refresh completed,Delivered,9512b8c762cd9b9c73063998437e6a352dda56fd39dc76238982598fad980685,svc_fabric_pipeline,2026-06-31,bbb08bf35194bb72baad3205c79641e97773292af9b697f00c2617b1cc0ded3e
MSG-202602-001241,2026-02-08 18:44:36,operations@vendor-example.com,staff002@nus.edu.sg,Meeting follow up,Delivered,9512b8c762cd9b9c73063998437e6a352dda56fd39dc76238982598fad980685,voyce.peh,2026-06-31,6ae5195a357515907dfe849ae92025738de2409f47cf360e4dcbf34ae7d40f69
MSG-202602-000698,2026-02-08 22:02:00,access.management@example.com,staff001@nus.edu.sg,System maintenance notice,Delivered,9512b8c762cd9b9c73063998437e6a352dda56fd39dc76238982598fad980685,data.engineering,2026-06-31,1556ac0dd2388fd5079ff307866a7d4c57bffff58326c45eb4c0dab3d0cadc8d
MSG-202602-000555,2026-02-09 19:00:45,alice.tan@example.com,staff002@nus.edu.sg,Pipeline execution summary,Failed,9512b8c762cd9b9c73063998437e6a352dda56fd39dc76238982598fad980685,data.engineering,2026-06-31,ceb4ab7db0ec7c3e82371c0c21203eea3cd7a5652249828f50a374a6b5482f47
MSG-202602-000666,2026-02-10 08:51:22,data.platform@example.org,reporting@nus.edu.sg,Meeting follow up,Resolved,9512b8c762cd9b9c73063998437e6a352dda56fd39dc76238982598fad980685,voyce.peh,2026-06-31,65ad1d408654ff16e35b45da42a3a85678cd49b41ee5f0b6d7ef5a338665804b
MSG-202602-000089,2026-02-10 17:56:20,data.platform@example.org,reporting@nus.edu.sg,Report publication update,Delivered,9512b8c762cd9b9c73063998437e6a352dda56fd39dc76238982598fad980685,automation.service,2026-06-31,3bfad9b5fba71d563fcf9887dfd0d5703cff79c428892cab5426b5ef26a045fc
MSG-202602-001069,2026-02-10 18:25:31,access.management@example.com,governance@nus.edu.sg,Metadata update completed,Failed,05490a7dc262f4a552acce14881d14d326bb9246b2874f49a39e2b9662f64e77,svc_fabric_pipeline,2026-06-31,10028276423d6d9d4818e36d89886c211e0f13441956d820fbfe6651e5c94734
MSG-202602-000606,2026-02-11 05:13:44,alice.tan@example.com,governance@nus.edu.sg,Service request update,Delivered,9512b8c762cd9b9c73063998437e6a352dda56fd39dc76238982598fad980685,automation.service,2026-06-31,943bc6273560a65f4dfae9fc878250516366fa67676504158be968735deec17c
MSG-202602-001007,2026-02-11 11:41:46,operations@vendor-example.com,governance@nus.edu.sg,Incident resolution update,Resolved,9512b8c762cd9b9c73063998437e6a352dda56fd39dc76238982598fad980685,data.engineering,2026-06-31,3b2ae995833243e35c9aa3ccb1da90a90602e1ee8c2a5156ebf35268af37c6e4
MSG-202602-000099,2026-02-11 16:58:48,support@service-example.com,governance@nus.edu.sg,User account request,Resolved,e0d15de1e58a94820da67c31b0a3e5495269396173d686094268075fef5a801a,voyce.peh,2026-06-31,88880400cce2254fea913db1eaa1e4f86fa2110a5b76b527efaf2cef42817333
MSG-202602-000164,2026-02-11 17:37:33,access.management@example.com,analytics.team@nus.edu.sg,Security access review,Resolved,9512b8c762cd9b9c73063998437e6a352dda56fd39dc76238982598fad980685,automation.service,2026-06-31,5b2316d39dcf5a795239f3a6fd5450ffd94a65f614532eb83185d3a1ddcc97d2
MSG-202602-000834,2026-02-11 22:31:58,project.office@example.com,data.office@nus.edu.sg,Metadata update completed,Failed,9512b8c762cd9b9c73063998437e6a352dda56fd39dc76238982598fad980685,automation.service,2026-06-31,f206a3594a743100e31022e66a8cd8b3c22c79c4a05d73144c5c672ee9719b2b
MSG-202602-000382,2026-02-12 01:33:34,operations@vendor-example.com,analytics.team@nus.edu.sg,Monthly report submission,Delivered,9512b8c762cd9b9c73063998437e6a352dda56fd39dc76238982598fad980685,automation.service,2026-06-31,edca57a365eb7daafde4d7e89d31f5f55c4b0ae1ef97fe63ae64b0233dbe1593
MSG-202602-001473,2026-02-12 01:34:57,data.platform@example.org,data.office@nus.edu.sg,System maintenance notice,Failed,9512b8c762cd9b9c73063998437e6a352dda56fd39dc76238982598fad980685,data.engineering,2026-06-31,f1ccd507c75f69bee321526d89259135654c556adceebb18af0275264f629eb0
MSG-202602-000247,2026-02-12 07:43:35,alice.tan@example.com,staff001@nus.edu.sg,Meeting follow up,Delivered,9512b8c762cd9b9c73063998437e6a352dda56fd39dc76238982598fad980685,data.engineering,2026-06-31,84201860568f55e31e83abc185a0b92757af4a127f5d6e113b4be5c2d0efa0df
MSG-202602-001384,2026-02-12 08:53:33,notifications@system-example.net,platform.support@nus.edu.sg,Data validation results,Delivered,9512b8c762cd9b9c73063998437e6a352dda56fd39dc76238982598fad980685,svc_fabric_pipeline,2026-06-31,af9d0049ca3e8f91524544f09c63c19f3f886f1a7407bfe55334e6c15cc06c32
MSG-202602-000602,2026-02-13 00:48:50,operations@vendor-example.com,data.office@nus.edu.sg,Contract review reminder,Resolved,9512b8c762cd9b9c73063998437e6a352dda56fd39dc76238982598fad980685,voyce.peh,2026-06-31,7b707302e009a965beee60398442d7d9d3cda59578590eff47f373a5d79e2771
MSG-202602-000983,2026-02-13 09:55:52,operations@vendor-example.com,analytics.team@nus.edu.sg,Data extract ready,Delivered,9512b8c762cd9b9c73063998437e6a352dda56fd39dc76238982598fad980685,data.engineering,2026-06-31,87a97b2626ec6f7620ac7df7d4e5598fcec126358864096024615c0ec008e031
MSG-202602-000416,2026-02-13 15:36:54,governance.team@example.org,platform.support@nus.edu.sg,Data quality alert,Delivered,9512b8c762cd9b9c73063998437e6a352dda56fd39dc76238982598fad980685,svc_fabric_pipeline,2026-06-31,de297e4bb65563c31d22efc1be2ef58e87a11e280151ef0dbcf7afcc1a895e89
MSG-202602-000533,2026-02-14 09:49:40,alice.tan@example.com,staff003@nus.edu.sg,Workspace permission request,Failed,9512b8c762cd9b9c73063998437e6a352dda56fd39dc76238982598fad980685,automation.service,2026-06-31,37d010a748cb0c551783690d12a7ca3b40b6253dba2086fb1817e91845394d0c
MSG-202602-000770,2026-02-14 10:37:57,governance.team@example.org,governance@nus.edu.sg,Project status update,Resolved,9512b8c762cd9b9c73063998437e6a352dda56fd39dc76238982598fad980685,svc_fabric_pipeline,2026-06-31,a5233de54c964100e5ff4ff14ecd6402eb76bf555a3481e77cfa8b170032690a
MSG-202602-001400,2026-02-14 11:56:13,notifications@system-example.net,reporting@nus.edu.sg,Project status update,Delivered,9512b8c762cd9b9c73063998437e6a352dda56fd39dc76238982598fad980685,data.engineering,2026-06-31,9694b849117dfcc784fd8f16a21a9ff9fa3a8dd4b2d4e64309720d1587a356ae
MSG-202602-001246,2026-02-14 13:11:01,alice.tan@example.com,analytics.team@nus.edu.sg,Security access review,Delivered,9512b8c762cd9b9c73063998437e6a352dda56fd39dc76238982598fad980685,data.engineering,2026-06-31,ba906bf33bfcd540be783d98e5c600d7f33065b657c2171d35d7fbd0295c8e07
MSG-202602-000449,2026-02-14 13:12:18,project.office@example.com,data.office@nus.edu.sg,User account request,Delivered,e0d15de1e58a94820da67c31b0a3e5495269396173d686094268075fef5a801a,automation.service,2026-06-31,01a2fb26563a5906fc2270aebe42dc77f817b2b89b42dce348fcdf2240631ff2
MSG-202602-000876,2026-02-14 13:51:17,project.office@example.com,staff003@nus.edu.sg,Scheduled refresh notification,Delivered,e0d15de1e58a94820da67c31b0a3e5495269396173d686094268075fef5a801a,svc_fabric_pipeline,2026-06-31,2e41c0f40530aef472a1f96ddf337c0f03a7beef7bc3afa63a5f2984a3f47293
MSG-202602-000203,2026-02-14 19:19:40,data.platform@example.org,staff002@nus.edu.sg,Contract review reminder,Delivered,e0d15de1e58a94820da67c31b0a3e5495269396173d686094268075fef5a801a,automation.service,2026-06-31,f7b5c8974523a7a1c80c5cee065464d98865e9c0658b2bc9d9e565309cfe3149
MSG-202602-001261,2026-02-14 22:05:29,reporting.service@example.net,staff001@nus.edu.sg,Meeting follow up,Delivered,e0d15de1e58a94820da67c31b0a3e5495269396173d686094268075fef5a801a,data.engineering,2026-06-31,ef40cfa7a00b79b1bf20f67476baf62b5c9c2d42c1c0e8ea9eabcd27521e7113
MSG-202602-000188,2026-02-14 22:18:10,access.management@example.com,staff001@nus.edu.sg,Security access review,Resolved,9512b8c762cd9b9c73063998437e6a352dda56fd39dc76238982598fad980685,svc_fabric_pipeline,2026-06-31,12cf90af13e6b748a04abfc98e5a23cce36f97ada4d597d8b0ddd47e04e5c606
MSG-202602-000682,2026-02-14 23:25:38,governance.team@example.org,reporting@nus.edu.sg,File delivery confirmation,Delivered,9512b8c762cd9b9c73063998437e6a352dda56fd39dc76238982598fad980685,automation.service,2026-06-31,e399dffc99b90168f6a81e066dc147919da7c3a44d3a9d63083eedb2c257de05
MSG-202602-000307,2026-02-15 18:19:43,ben.lim@example.org,analytics.team@nus.edu.sg,User account request,Delivered,e0d15de1e58a94820da67c31b0a3e5495269396173d686094268075fef5a801a,automation.service,2026-06-31,de46e55463f8eceb0cba846a24ef8164cda94b5d8d4dec700ed6f8757f9bf8ac
MSG-202602-001178,2026-02-15 22:51:03,access.management@example.com,staff001@nus.edu.sg,Report publication update,Delivered,9512b8c762cd9b9c73063998437e6a352dda56fd39dc76238982598fad980685,svc_fabric_pipeline,2026-06-31,ed14fde89cdcd657197ec02d238f66ce5104ac9d649eea183457c99ab379a206
MSG-202602-001370,2026-02-16 05:39:08,governance.team@example.org,staff003@nus.edu.sg,Incident resolution update,Delivered,05490a7dc262f4a552acce14881d14d326bb9246b2874f49a39e2b9662f64e77,svc_fabric_pipeline,2026-06-31,e4b811e1f7c3c3d1e124ab46f75293f16684f987026d4490f9b5bd6ac065f156
MSG-202602-000001,2026-02-16 06:16:40,access.management@example.com,staff002@nus.edu.sg,Project status update,Delivered,9512b8c762cd9b9c73063998437e6a352dda56fd39dc76238982598fad980685,voyce.peh,2026-06-31,e59b038c65184b97bbe3467fa5bff6598b7aa524b91c78ca4692bfea0302e2d9
MSG-202602-001391,2026-02-16 16:39:17,support@service-example.com,staff003@nus.edu.sg,Workspace permission request,Resolved,9512b8c762cd9b9c73063998437e6a352dda56fd39dc76238982598fad980685,svc_fabric_pipeline,2026-06-31,460019865428e753f480989500f774eeca281d18f679c5fa38549d9c018090cd
MSG-202602-001249,2026-02-16 17:49:12,ben.lim@example.org,staff003@nus.edu.sg,Access request approved,Failed,05490a7dc262f4a552acce14881d14d326bb9246b2874f49a39e2b9662f64e77,svc_fabric_pipeline,2026-06-31,36f6673842ed551d372ac95cdd44ce229a9078fd3f3a732764651b8bbd5d5599
MSG-202602-000645,2026-02-16 21:24:19,project.office@example.com,platform.support@nus.edu.sg,Contract review reminder,Resolved,9512b8c762cd9b9c73063998437e6a352dda56fd39dc76238982598fad980685,svc_fabric_pipeline,2026-06-31,3da49029f94850c0511337a6d69154876a8a19d1f42a473676798943ac4f9ae5
MSG-202602-000029,2026-02-16 22:06:49,access.management@example.com,data.office@nus.edu.sg,Security access review,Delivered,e0d15de1e58a94820da67c31b0a3e5495269396173d686094268075fef5a801a,automation.service,2026-06-31,3929520f40ccbb3834386efefcd7ca296002a1ec75d444ce28853a6dab4af58f
MSG-202602-000943,2026-02-16 22:15:17,governance.team@example.org,platform.support@nus.edu.sg,User account request,Delivered,9512b8c762cd9b9c73063998437e6a352dda56fd39dc76238982598fad980685,voyce.peh,2026-06-31,f66bdf578fc517e3c5cf10289a32aedfb8b4a61b4ef673b627eceb25844a032f
MSG-202602-001379,2026-02-16 23:42:43,alice.tan@example.com,data.office@nus.edu.sg,Data quality alert,Delivered,9512b8c762cd9b9c73063998437e6a352dda56fd39dc76238982598fad980685,data.engineering,2026-06-31,ed631ee14a665309a4addd776c39f68ee019dcaf317353092ba74ae10333c8e4
MSG-202602-001102,2026-02-17 04:10:31,data.platform@example.org,staff002@nus.edu.sg,File delivery confirmation,Delivered,9512b8c762cd9b9c73063998437e6a352dda56fd39dc76238982598fad980685,data.engineering,2026-06-31,87f65ded41289e640da7d28034376e76a5dc82ba41bb82dc90f0c4c203f2a363
MSG-202602-001408,2026-02-17 06:04:32,alice.tan@example.com,data.office@nus.edu.sg,Incident resolution update,Delivered,e0d15de1e58a94820da67c31b0a3e5495269396173d686094268075fef5a801a,data.engineering,2026-06-31,8f564a192fdeb43d2ab44c3fa0170eb4721b0abff777ce1ee9bb5448fe224154
MSG-202602-000183,2026-02-17 10:40:37,ben.lim@example.org,staff002@nus.edu.sg,Report publication update,Delivered,9512b8c762cd9b9c73063998437e6a352dda56fd39dc76238982598fad980685,voyce.peh,2026-06-31,4c1bd52e1c4a7a71837ea6cc25ddc3a05d9fa2524c020f4a2e99cfb45a62d751
MSG-202602-000293,2026-02-17 23:31:55,data.platform@example.org,staff002@nus.edu.sg,Contract review reminder,Delivered,9512b8c762cd9b9c73063998437e6a352dda56fd39dc76238982598fad980685,svc_fabric_pipeline,2026-06-31,d23d991b35f2a5136967fe9786746cf313ca6c697959f71f7cd65c12a452ba1e
MSG-202602-000903,2026-02-18 00:20:32,access.management@example.com,data.office@nus.edu.sg,Data quality alert,Resolved,9512b8c762cd9b9c73063998437e6a352dda56fd39dc76238982598fad980685,automation.service,2026-06-31,575499644a720013a10ba49106b8ad104b115daeb2a30a68f3725c171736be67
MSG-202602-000226,2026-02-18 13:25:07,data.platform@example.org,platform.support@nus.edu.sg,Access request approved,Delivered,9512b8c762cd9b9c73063998437e6a352dda56fd39dc76238982598fad980685,voyce.peh,2026-06-31,d0fd61c3e6bd0bb4c16e0c6c816e135ae56577dd126e5e22cb2471513b9e7489
MSG-202602-000626,2026-02-19 02:22:25,reporting.service@example.net,governance@nus.edu.sg,Service request update,Resolved,9512b8c762cd9b9c73063998437e6a352dda56fd39dc76238982598fad980685,svc_fabric_pipeline,2026-06-31,af0639216d1c3f986609328a829ce7d964f521b6855a338f6f4938870b800984
MSG-202602-000670,2026-02-19 06:17:27,reporting.service@example.net,platform.support@nus.edu.sg,Monthly report submission,Delivered,9512b8c762cd9b9c73063998437e6a352dda56fd39dc76238982598fad980685,automation.service,2026-06-31,4b4ff0017e158e186d949c62502b1ab0e9e9d275a4f1ba71c648a1d3252d784a
MSG-202602-000269,2026-02-19 07:09:29,data.platform@example.org,analytics.team@nus.edu.sg,Data validation results,Delivered,e0d15de1e58a94820da67c31b0a3e5495269396173d686094268075fef5a801a,automation.service,2026-06-31,242ebb289c8de884dc38b765139dd616a2724642d91c7295f9decf2b8e064bbc
MSG-202602-000782,2026-02-20 16:26:15,operations@vendor-example.com,reporting@nus.edu.sg,Contract review reminder,Resolved,9512b8c762cd9b9c73063998437e6a352dda56fd39dc76238982598fad980685,data.engineering,2026-06-31,ec103497e43765a29f383fcc5469e373b516339b2cd45b6d6e0fe979e4c5ebe6
MSG-202602-000842,2026-02-21 02:12:53,alice.tan@example.com,reporting@nus.edu.sg,Access request approved,Resolved,9512b8c762cd9b9c73063998437e6a352dda56fd39dc76238982598fad980685,voyce.peh,2026-06-31,544acd8c165c9c525213144d5e3a46b1ee84ea8030e0b9ec4fdc3f4789f69006
MSG-202602-001097,2026-02-21 02:50:09,alice.tan@example.com,data.office@nus.edu.sg,Security access review,Resolved,9512b8c762cd9b9c73063998437e6a352dda56fd39dc76238982598fad980685,automation.service,2026-06-31,6870c01acaead068477ecd18c55c980be21279560896d7610e5514519e9d82cd
MSG-202602-000550,2026-02-21 03:25:55,notifications@system-example.net,reporting@nus.edu.sg,Service request update,Delivered,9512b8c762cd9b9c73063998437e6a352dda56fd39dc76238982598fad980685,automation.service,2026-06-31,f480f9aa39d23a9903268e0e6f2f8a0f834482c4fc439634f9dc90cebb41c439
MSG-202602-000611,2026-02-21 15:42:54,project.office@example.com,staff001@nus.edu.sg,User account request,Delivered,9512b8c762cd9b9c73063998437e6a352dda56fd39dc76238982598fad980685,data.engineering,2026-06-31,c3a4cf30486fd551945ba9ecb3ec355d2bb05140bb72aad5dcda9a16490a025d
MSG-202602-000130,2026-02-21 17:50:01,project.office@example.com,data.office@nus.edu.sg,Workspace permission request,Delivered,e0d15de1e58a94820da67c31b0a3e5495269396173d686094268075fef5a801a,voyce.peh,2026-06-31,2753b721f23be885cb5a5f3da450d3b2e2bf819700d092e21b807538c53b68a7
MSG-202602-000428,2026-02-21 18:19:58,alice.tan@example.com,staff002@nus.edu.sg,Report publication update,Delivered,9512b8c762cd9b9c73063998437e6a352dda56fd39dc76238982598fad980685,automation.service,2026-06-31,3e17012b46a21b3f3d0cc2261d4435ac4caea170fe22514b3f57f0fed9f730c3
MSG-202602-000624,2026-02-21 20:24:13,ben.lim@example.org,staff001@nus.edu.sg,Data quality alert,Delivered,9512b8c762cd9b9c73063998437e6a352dda56fd39dc76238982598fad980685,voyce.peh,2026-06-31,42d89b2d192d309a773a0d50280f1c0fb9781d422a322161a09b95fc8c3a4017
MSG-202602-001274,2026-02-21 22:37:55,ben.lim@example.org,staff001@nus.edu.sg,Data extract ready,Delivered,9512b8c762cd9b9c73063998437e6a352dda56fd39dc76238982598fad980685,data.engineering,2026-06-31,5b6d3a2a6bc908d34764c7320a998612cd062ab940db2154bd7246a6abde7b8c
MSG-202602-000092,2026-02-22 01:00:53,ben.lim@example.org,staff001@nus.edu.sg,Metadata update completed,Failed,9512b8c762cd9b9c73063998437e6a352dda56fd39dc76238982598fad980685,automation.service,2026-06-31,9e7864815bf1fce03839aa0601eddf1543f84124cde70d2efb60e71cd59b27a4
MSG-202602-001005,2026-02-22 11:08:07,project.office@example.com,staff003@nus.edu.sg,Pipeline execution summary,Delivered,9512b8c762cd9b9c73063998437e6a352dda56fd39dc76238982598fad980685,voyce.peh,2026-06-31,fefed000299b02a6633ceb610ee43738255f08c4764bd380f44b36ec5db29d6c
MSG-202602-000516,2026-02-22 21:50:12,alice.tan@example.com,staff001@nus.edu.sg,Data extract ready,Delivered,9512b8c762cd9b9c73063998437e6a352dda56fd39dc76238982598fad980685,data.engineering,2026-06-31,c3f314f367c0cd6055fdb2ba44e980ed43467602e74316b5c5c550beade57de9
MSG-202602-001497,2026-02-23 11:37:03,operations@vendor-example.com,data.office@nus.edu.sg,Data quality alert,Failed,9512b8c762cd9b9c73063998437e6a352dda56fd39dc76238982598fad980685,voyce.peh,2026-06-31,fb75b8848d471a74f2e013499544d1fcad86287770cde23f0997e250d720601c
MSG-202602-000642,2026-02-23 22:16:26,support@service-example.com,staff001@nus.edu.sg,Access request approved,Delivered,9512b8c762cd9b9c73063998437e6a352dda56fd39dc76238982598fad980685,automation.service,2026-06-31,a9ea453d823a08520abae34f9366c9b6160c60b175d875d54fa76dc9bf166596
MSG-202602-000925,2026-02-24 03:58:11,governance.team@example.org,data.office@nus.edu.sg,Data extract ready,Delivered,9512b8c762cd9b9c73063998437e6a352dda56fd39dc76238982598fad980685,automation.service,2026-06-31,c429676731b0ad9dee173bc1ffc39b17ffd6738aedc859f74746f2a460c83125
MSG-202602-001415,2026-02-24 10:54:30,project.office@example.com,staff002@nus.edu.sg,Data extract ready,Failed,e0d15de1e58a94820da67c31b0a3e5495269396173d686094268075fef5a801a,automation.service,2026-06-31,deefaf91d967739f5ab780c0fb87c7be825acad30583a0436f7b464ca1dcd2ed
MSG-202602-000769,2026-02-24 22:55:56,project.office@example.com,analytics.team@nus.edu.sg,Report publication update,Delivered,9512b8c762cd9b9c73063998437e6a352dda56fd39dc76238982598fad980685,voyce.peh,2026-06-31,bd0f2436249e9d344ffe3354db7b298c9afeef217850f96f9ffb70418a5b9ba3
MSG-202602-000997,2026-02-25 06:21:04,alice.tan@example.com,staff003@nus.edu.sg,Data quality alert,Delivered,9512b8c762cd9b9c73063998437e6a352dda56fd39dc76238982598fad980685,data.engineering,2026-06-31,1a827c3074b79e3cffd1d432631a2844d5c37013ba0624511dcf5c07c574a114
MSG-202602-000421,2026-02-25 16:53:38,data.platform@example.org,staff003@nus.edu.sg,User account request,Delivered,9512b8c762cd9b9c73063998437e6a352dda56fd39dc76238982598fad980685,data.engineering,2026-06-31,d382952dfdac2f6c103121b6bef6d7a7fbe8e3a578c63ce7e1537fa07b5d41fa
MSG-202602-000112,2026-02-25 17:11:21,support@service-example.com,data.office@nus.edu.sg,Data extract ready,Delivered,9512b8c762cd9b9c73063998437e6a352dda56fd39dc76238982598fad980685,svc_fabric_pipeline,2026-06-31,bb36f4a5d48f2e1b7c6590238b0a4c837b48512b107bbe51ea70227a808ff442
MSG-202602-000383,2026-02-26 04:31:13,operations@vendor-example.com,staff003@nus.edu.sg,Data validation results,Delivered,9512b8c762cd9b9c73063998437e6a352dda56fd39dc76238982598fad980685,voyce.peh,2026-06-31,05adfaf3bdada02c2ef0c3d76bbd71cb60b79d129387c1812ee9e4f88fdf356f
MSG-202602-001470,2026-02-26 09:59:25,governance.team@example.org,staff001@nus.edu.sg,Access request approved,Resolved,9512b8c762cd9b9c73063998437e6a352dda56fd39dc76238982598fad980685,data.engineering,2026-06-31,b22db917b60a7cf1f8c23c85d67e3a8ef47600f395f725220f53ce7b3aac4841
MSG-202602-000305,2026-02-26 14:07:20,reporting.service@example.net,governance@nus.edu.sg,Data validation results,Resolved,9512b8c762cd9b9c73063998437e6a352dda56fd39dc76238982598fad980685,automation.service,2026-06-31,9fb7a44ccff03a08b8a9a1507b279d035b76cd01fcc9d59e1d829462c2ee6699
MSG-202602-001293,2026-02-26 14:38:35,ben.lim@example.org,staff002@nus.edu.sg,Security access review,Resolved,9512b8c762cd9b9c73063998437e6a352dda56fd39dc76238982598fad980685,voyce.peh,2026-06-31,e116beb595ebcf78fe2f4c1b7ba9d6d8504e9e791b4bf5f2ba5c6491b99e3a5b
MSG-202602-000672,2026-02-26 15:39:15,operations@vendor-example.com,staff001@nus.edu.sg,Data validation results,Failed,05490a7dc262f4a552acce14881d14d326bb9246b2874f49a39e2b9662f64e77,svc_fabric_pipeline,2026-06-31,3fd1d262e8eed3430841431af850863470ed52defe698d4aeb2c01014f15a259
MSG-202602-001224,2026-02-27 05:09:35,project.office@example.com,staff002@nus.edu.sg,Metadata update completed,Resolved,9512b8c762cd9b9c73063998437e6a352dda56fd39dc76238982598fad980685,svc_fabric_pipeline,2026-06-31,499ab1688cc6c5b95f7ce0d09d7abc8ba2eca44cbb2736ce150530c5010af8e2
MSG-202602-001108,2026-02-27 08:04:22,alice.tan@example.com,reporting@nus.edu.sg,Pipeline execution summary,Delivered,9512b8c762cd9b9c73063998437e6a352dda56fd39dc76238982598fad980685,voyce.peh,2026-06-31,c8f1962cccc646aa7c76b3870c27e5d37e87b5461de33253d8a3b4922726f4f5
MSG-202602-001481,2026-02-27 14:13:56,support@service-example.com,data.office@nus.edu.sg,Report publication update,Delivered,9512b8c762cd9b9c73063998437e6a352dda56fd39dc76238982598fad980685,data.engineering,2026-06-31,81f03ab7783c9ffc86b579324c961fb4f375bd07782f7dd897e01b7ec610571b
MSG-202602-000917,2026-02-27 15:57:06,alice.tan@example.com,data.office@nus.edu.sg,Dashboard refresh completed,Delivered,9512b8c762cd9b9c73063998437e6a352dda56fd39dc76238982598fad980685,voyce.peh,2026-06-31,b1caa526f683eb442d5711a63c425977e68e21cc948fa476e84fa0f628c7d6e7
MSG-202602-000529,2026-02-27 22:48:48,project.office@example.com,data.office@nus.edu.sg,Metadata update completed,Delivered,9512b8c762cd9b9c73063998437e6a352dda56fd39dc76238982598fad980685,data.engineering,2026-06-31,cac7dc6d7c0897b16437f6fae5d03fb275639f9196cedfc57bbcc9759f0f0c5a
MSG-202602-000242,2026-02-28 00:29:29,support@service-example.com,governance@nus.edu.sg,Meeting follow up,Delivered,9512b8c762cd9b9c73063998437e6a352dda56fd39dc76238982598fad980685,svc_fabric_pipeline,2026-06-31,8f8eece8c24d588570e38b40821d811f2e44a63ad593b1ec549a9d0db78fea7a
MSG-202602-000019,2026-02-28 04:38:41,governance.team@example.org,platform.support@nus.edu.sg,System maintenance notice,Delivered,9512b8c762cd9b9c73063998437e6a352dda56fd39dc76238982598fad980685,svc_fabric_pipeline,2026-06-31,daa373c74fdc8dab21c1f93562a81eee15b1d8a62728aca19efb9b985de86a50
MSG-202602-001332,2026-02-28 09:34:14,notifications@system-example.net,analytics.team@nus.edu.sg,System maintenance notice,Delivered,9512b8c762cd9b9c73063998437e6a352dda56fd39dc76238982598fad980685,automation.service,2026-06-31,1c1f101f4648427ee22ea71c146709e5c7652b6059940ae10acc6640a6d0df7b
MSG-202602-001331,2026-02-28 10:39:41,support@service-example.com,analytics.team@nus.edu.sg,Project status update,Failed,9512b8c762cd9b9c73063998437e6a352dda56fd39dc76238982598fad980685,voyce.peh,2026-06-31,f7dda0ec266685749534498452aeed574b87509c15ebbab730a430e7ea0329c9
MSG-202602-000946,2026-02-28 15:42:07,data.platform@example.org,reporting@nus.edu.sg,Data validation results,Resolved,05490a7dc262f4a552acce14881d14d326bb9246b2874f49a39e2b9662f64e77,voyce.peh,2026-06-31,f9722ad64095208417136133d4ba8d670712f4fb8ad2cf4adfdd18ae77934f71
MSG-202602-001318,2026-02-28 18:09:26,access.management@example.com,data.office@nus.edu.sg,Metadata update completed,Delivered,9512b8c762cd9b9c73063998437e6a352dda56fd39dc76238982598fad980685,voyce.peh,2026-06-31,ce3d9ca8cd1e56c91c0015f8e1291e455352dc5ce692c4b1b85da2d93b78b0d2
MSG-202603-000646,2026-03-01 09:36:48,access.management@example.com,analytics.team@nus.edu.sg,Scheduled refresh notification,Delivered,9512b8c762cd9b9c73063998437e6a352dda56fd39dc76238982598fad980685,voyce.peh,2026-06-31,34a475ea67d6c9be8de3b1c8dc6bc75a7de76715c7e1d3bf027b65962ac3a1ee
MSG-202603-001285,2026-03-01 09:56:05,operations@vendor-example.com,governance@nus.edu.sg,Security access review,Delivered,05490a7dc262f4a552acce14881d14d326bb9246b2874f49a39e2b9662f64e77,data.engineering,2026-06-31,a68d1e7587818a341a927b2328ca65c1917f9bfc1a0f293959ca0bec93cb213b
MSG-202603-000360,2026-03-01 22:34:10,operations@vendor-example.com,data.office@nus.edu.sg,Meeting follow up,Delivered,9512b8c762cd9b9c73063998437e6a352dda56fd39dc76238982598fad980685,voyce.peh,2026-06-31,d4040e56140ccd5694aee2b85ad2e61e857137ae8c2a3bddbf8548fffdac3505
MSG-202603-000030,2026-03-02 02:28:34,governance.team@example.org,platform.support@nus.edu.sg,Meeting follow up,Delivered,9512b8c762cd9b9c73063998437e6a352dda56fd39dc76238982598fad980685,voyce.peh,2026-06-31,de1527c3471e7a414e625eca590b3e904205418fc3e3da92db1e5cee2b41bb3f
MSG-202603-001067,2026-03-02 02:29:43,operations@vendor-example.com,governance@nus.edu.sg,Security access review,Delivered,9512b8c762cd9b9c73063998437e6a352dda56fd39dc76238982598fad980685,svc_fabric_pipeline,2026-06-31,e4b9be6b3d3ed166c42efa3e4286e3398e991d609f43926df8f7e0d969cc1b60
MSG-202603-001101,2026-03-02 04:05:16,ben.lim@example.org,staff002@nus.edu.sg,Data quality alert,Delivered,9512b8c762cd9b9c73063998437e6a352dda56fd39dc76238982598fad980685,svc_fabric_pipeline,2026-06-31,33887e642ba4ea1f9a57bdf984beaa287fa3819561fe052cc6a453df1bb84cf5
MSG-202603-001153,2026-03-02 22:22:11,reporting.service@example.net,staff001@nus.edu.sg,Access request approved,Delivered,9512b8c762cd9b9c73063998437e6a352dda56fd39dc76238982598fad980685,data.engineering,2026-06-31,84ad36da03a82866a8f8573dad48e07541866080801f4fb20b4435fb05ee73eb
MSG-202603-001381,2026-03-03 06:31:19,ben.lim@example.org,governance@nus.edu.sg,Workspace permission request,Delivered,9512b8c762cd9b9c73063998437e6a352dda56fd39dc76238982598fad980685,data.engineering,2026-06-31,e87e74a5c5190a6542b5f29fbfe474cb3993456bcb25fb40c96580894ba9d51f
MSG-202603-000848,2026-03-03 17:52:44,reporting.service@example.net,data.office@nus.edu.sg,Data validation results,Delivered,9512b8c762cd9b9c73063998437e6a352dda56fd39dc76238982598fad980685,data.engineering,2026-06-31,f6016d940974b3313e8eae01f414ee87e45ff978dbbc890f5cf0afa03d9d4a3a
MSG-202603-001380,2026-03-04 23:19:38,alice.tan@example.com,reporting@nus.edu.sg,Data quality alert,Delivered,9512b8c762cd9b9c73063998437e6a352dda56fd39dc76238982598fad980685,svc_fabric_pipeline,2026-06-31,bb3bed4acdfa78253ac2bad66ce66b34107019d826b433bf477ce83c572ad485
MSG-202603-001280,2026-03-05 02:41:22,access.management@example.com,platform.support@nus.edu.sg,User account request,Delivered,9512b8c762cd9b9c73063998437e6a352dda56fd39dc76238982598fad980685,voyce.peh,2026-06-31,c5def0fea6ad4c0388202968e011786aa15d788d209108c9c22b658f76b3f8dd
MSG-202603-000152,2026-03-05 14:49:25,support@service-example.com,governance@nus.edu.sg,Data quality alert,Delivered,e0d15de1e58a94820da67c31b0a3e5495269396173d686094268075fef5a801a,svc_fabric_pipeline,2026-06-31,d7a6c7d3f7028e4a4725c18086bf4910bff339efc517cad9b34d3c7ec6b21a48
MSG-202603-000424,2026-03-06 07:34:11,support@service-example.com,governance@nus.edu.sg,Contract review reminder,Delivered,e0d15de1e58a94820da67c31b0a3e5495269396173d686094268075fef5a801a,automation.service,2026-06-31,2d9f58b82485045e87b4718fd0978a12a9961ebee423c7f0eea53bdd72248ab9
MSG-202603-001444,2026-03-06 07:38:32,support@service-example.com,reporting@nus.edu.sg,Pipeline execution summary,Delivered,e0d15de1e58a94820da67c31b0a3e5495269396173d686094268075fef5a801a,voyce.peh,2026-06-31,074e757d9698b527cd080eb0890c4a82107034d46357e31269521e72b15c1f2e
MSG-202603-000899,2026-03-06 14:26:20,operations@vendor-example.com,analytics.team@nus.edu.sg,Workspace permission request,Delivered,9512b8c762cd9b9c73063998437e6a352dda56fd39dc76238982598fad980685,automation.service,2026-06-31,42467c17c4f7eef4d77d9a36510a18781a3ff9760d5ed4db5ecf10ead92ab861
MSG-202603-000815,2026-03-07 01:22:55,notifications@system-example.net,staff001@nus.edu.sg,Workspace permission request,Resolved,9512b8c762cd9b9c73063998437e6a352dda56fd39dc76238982598fad980685,svc_fabric_pipeline,2026-06-31,50e9baa4d554eee5df7c704b391cb1788db19dfe968f03ed34a01aa5eefaf489
MSG-202603-000430,2026-03-07 08:44:24,data.platform@example.org,governance@nus.edu.sg,System maintenance notice,Delivered,9512b8c762cd9b9c73063998437e6a352dda56fd39dc76238982598fad980685,automation.service,2026-06-31,021e4145534a393b8ab88f32810aaee0c4a9ad029f96c32945bcf2184eff4e22
MSG-202603-000677,2026-03-07 12:00:00,project.office@example.com,data.office@nus.edu.sg,Incident resolution update,Delivered,e0d15de1e58a94820da67c31b0a3e5495269396173d686094268075fef5a801a,svc_fabric_pipeline,2026-06-31,c94c818f83d1abe67cefc94b78ba222c5b210064fa39224a4c2b67d60ada7c13
MSG-202603-000643,2026-03-07 20:51:31,governance.team@example.org,staff003@nus.edu.sg,Data extract ready,Delivered,e0d15de1e58a94820da67c31b0a3e5495269396173d686094268075fef5a801a,svc_fabric_pipeline,2026-06-31,59c8d8d7d2457ef91631497826bf18edacb959dc2623b3623b90d0071deda707
MSG-202603-000853,2026-03-07 23:21:30,governance.team@example.org,analytics.team@nus.edu.sg,Security access review,Resolved,9512b8c762cd9b9c73063998437e6a352dda56fd39dc76238982598fad980685,data.engineering,2026-06-31,24706a015dd42327607214e1e95b906501f9f5d9d4f4005c9355ac8a48cf20bf
MSG-202603-000184,2026-03-08 01:05:58,support@service-example.com,staff002@nus.edu.sg,Data quality alert,Delivered,e0d15de1e58a94820da67c31b0a3e5495269396173d686094268075fef5a801a,svc_fabric_pipeline,2026-06-31,04887ad9fead44223fddca07a085d65fbcdd3124958ebffa7c2b4f624e9629bf
MSG-202603-001023,2026-03-08 05:15:05,reporting.service@example.net,analytics.team@nus.edu.sg,Pipeline execution summary,Delivered,9512b8c762cd9b9c73063998437e6a352dda56fd39dc76238982598fad980685,data.engineering,2026-06-31,300ec0dd925dd1b9208dbc390118ae64a4c0deacfac1c1307dafda2683ad2dde
MSG-202603-000286,2026-03-08 08:00:55,access.management@example.com,data.office@nus.edu.sg,Data validation results,Delivered,9512b8c762cd9b9c73063998437e6a352dda56fd39dc76238982598fad980685,data.engineering,2026-06-31,7049cc792f290d5af105b13b363453b21af5614bd6605868f824e26aee89b64b
MSG-202603-001204,2026-03-08 08:05:09,data.platform@example.org,staff003@nus.edu.sg,System maintenance notice,Resolved,05490a7dc262f4a552acce14881d14d326bb9246b2874f49a39e2b9662f64e77,data.engineering,2026-06-31,c81fbc7e050fcb805d40f038e436e67c48088cc4c5330b878733563afc8fcf85
MSG-202603-000895,2026-03-08 08:10:42,operations@vendor-example.com,staff003@nus.edu.sg,Meeting follow up,Resolved,9512b8c762cd9b9c73063998437e6a352dda56fd39dc76238982598fad980685,svc_fabric_pipeline,2026-06-31,0562cbf3c292623bed9d8bcd2cb9a2dfe5e7a0809b17cb752829b8bf7da2430e
MSG-202603-000094,2026-03-08 08:45:56,operations@vendor-example.com,staff003@nus.edu.sg,Scheduled refresh notification,Resolved,9512b8c762cd9b9c73063998437e6a352dda56fd39dc76238982598fad980685,data.engineering,2026-06-31,11be3e64243fbd8a0dad91bb6cb8f38df8664b6370b0228249a55aabdab6e3c6
MSG-202603-000433,2026-03-08 18:07:05,notifications@system-example.net,platform.support@nus.edu.sg,Dashboard refresh completed,Resolved,9512b8c762cd9b9c73063998437e6a352dda56fd39dc76238982598fad980685,svc_fabric_pipeline,2026-06-31,c689d1b2634a8491c78f917ed8b8def7c124896f8847ea3212163ab8c8ad7d1d
MSG-202603-000160,2026-03-08 20:17:30,data.platform@example.org,analytics.team@nus.edu.sg,Data quality alert,Delivered,9512b8c762cd9b9c73063998437e6a352dda56fd39dc76238982598fad980685,svc_fabric_pipeline,2026-06-31,6876bae6001fe03138137653f3c6255cf435b10eb41b2fd871d5158d792e1c14
MSG-202603-001213,2026-03-09 13:53:21,operations@vendor-example.com,analytics.team@nus.edu.sg,Contract review reminder,Delivered,e0d15de1e58a94820da67c31b0a3e5495269396173d686094268075fef5a801a,svc_fabric_pipeline,2026-06-31,e96b03702afb57b576ceb37da50c40cf046498289a3e8e13f1a2ab4045b6b637
MSG-202603-001302,2026-03-09 19:11:29,project.office@example.com,analytics.team@nus.edu.sg,User account request,Delivered,e0d15de1e58a94820da67c31b0a3e5495269396173d686094268075fef5a801a,automation.service,2026-06-31,49908c7fda9feccd5720ea526c537885d0bacb3d482ba1536040ee185e716d64
MSG-202603-000390,2026-03-09 22:53:48,access.management@example.com,governance@nus.edu.sg,File delivery confirmation,Failed,9512b8c762cd9b9c73063998437e6a352dda56fd39dc76238982598fad980685,data.engineering,2026-06-31,8a4bea6339d45e851493c1bb8626fb6da719f8bbac23a48437b64e6b588ac089
MSG-202603-001138,2026-03-09 23:57:36,governance.team@example.org,data.office@nus.edu.sg,User account request,Delivered,9512b8c762cd9b9c73063998437e6a352dda56fd39dc76238982598fad980685,automation.service,2026-06-31,85cd211aeedc737467351afc5fcc2c48c34a4e15aa9c8f32a3a85d1a68fe06d6
MSG-202603-000759,2026-03-10 14:20:14,reporting.service@example.net,staff002@nus.edu.sg,Report publication update,Resolved,05490a7dc262f4a552acce14881d14d326bb9246b2874f49a39e2b9662f64e77,automation.service,2026-06-31,d054354c6f06f53dfa14a8c4da613aacfb892f7e552e17d43f3d6f89de5b358c
MSG-202603-001485,2026-03-11 00:20:57,alice.tan@example.com,data.office@nus.edu.sg,Dashboard refresh completed,Delivered,05490a7dc262f4a552acce14881d14d326bb9246b2874f49a39e2b9662f64e77,automation.service,2026-06-31,2c3d17f929b39e6b89d33fc020d8ca4cf224263a65f0e2d4d65d60122bb85733
MSG-202603-000343,2026-03-11 05:44:31,ben.lim@example.org,staff001@nus.edu.sg,Dashboard refresh completed,Resolved,e0d15de1e58a94820da67c31b0a3e5495269396173d686094268075fef5a801a,voyce.peh,2026-06-31,4faef4d0545e635d71ebf3c6643fe7e033da8452c591a7bbe5df1eff61043e30
MSG-202603-000198,2026-03-11 07:27:52,alice.tan@example.com,analytics.team@nus.edu.sg,System maintenance notice,Delivered,e0d15de1e58a94820da67c31b0a3e5495269396173d686094268075fef5a801a,svc_fabric_pipeline,2026-06-31,5a73ef669a7ac05ff757aa760dce4b6447ff772664408ddc8c40b7af8f41fcc0
MSG-202603-000456,2026-03-11 11:41:00,ben.lim@example.org,analytics.team@nus.edu.sg,Pipeline execution summary,Delivered,e0d15de1e58a94820da67c31b0a3e5495269396173d686094268075fef5a801a,voyce.peh,2026-06-31,610041ce5b2877a5c5e2473a2fecd0759726c72de54c556437cc030a62832027
MSG-202603-000776,2026-03-12 01:57:37,reporting.service@example.net,staff001@nus.edu.sg,Data quality alert,Resolved,9512b8c762cd9b9c73063998437e6a352dda56fd39dc76238982598fad980685,automation.service,2026-06-31,c482e8b50790a91b1064f0c7ffe70f92e06606789b25ece396c667e3ec59a88b
MSG-202603-001168,2026-03-12 14:00:49,access.management@example.com,analytics.team@nus.edu.sg,Data extract ready,Delivered,e0d15de1e58a94820da67c31b0a3e5495269396173d686094268075fef5a801a,automation.service,2026-06-31,1dee4c4cc55aec5477a9a044b5e503fc3309314de8915923435998c644e5c668
MSG-202603-001417,2026-03-13 04:16:36,alice.tan@example.com,governance@nus.edu.sg,Scheduled refresh notification,Delivered,9512b8c762cd9b9c73063998437e6a352dda56fd39dc76238982598fad980685,voyce.peh,2026-06-31,bf56a6969e33cbd5d35db85b244a46b5432a96da1c394c11b9dba106728f67dc
MSG-202603-000653,2026-03-13 05:45:16,data.platform@example.org,staff002@nus.edu.sg,Dashboard refresh completed,Delivered,9512b8c762cd9b9c73063998437e6a352dda56fd39dc76238982598fad980685,data.engineering,2026-06-31,0538df561dee9f1fa636f3efe1f33888b2ae040b9f753e1727b1a2a93e81767a
MSG-202603-000886,2026-03-13 12:14:33,reporting.service@example.net,analytics.team@nus.edu.sg,File delivery confirmation,Delivered,9512b8c762cd9b9c73063998437e6a352dda56fd39dc76238982598fad980685,voyce.peh,2026-06-31,22d7b9788f351351bab90a05671453b7382352f6e50c847668e97a8e235dbe73
MSG-202603-001186,2026-03-13 23:06:29,reporting.service@example.net,reporting@nus.edu.sg,Incident resolution update,Resolved,9512b8c762cd9b9c73063998437e6a352dda56fd39dc76238982598fad980685,svc_fabric_pipeline,2026-06-31,f169c3ae971e4627375ea46d3e66433f680a7bb34a9fdd82d7f0c5afe86c1e0d
MSG-202603-001270,2026-03-14 04:36:08,access.management@example.com,analytics.team@nus.edu.sg,Meeting follow up,Delivered,9512b8c762cd9b9c73063998437e6a352dda56fd39dc76238982598fad980685,svc_fabric_pipeline,2026-06-31,7239dacea9797725b38575bfe6f4ad14922b285880c8bf9744288bd58df91494
MSG-202603-000146,2026-03-14 10:58:39,alice.tan@example.com,staff003@nus.edu.sg,Data quality alert,Resolved,9512b8c762cd9b9c73063998437e6a352dda56fd39dc76238982598fad980685,automation.service,2026-06-31,fe50d862c6ecac6846b82faf5f025bb899136da2d6990d6ca6b1e63412957b5b
MSG-202603-000047,2026-03-14 16:49:08,notifications@system-example.net,platform.support@nus.edu.sg,Contract review reminder,Delivered,9512b8c762cd9b9c73063998437e6a352dda56fd39dc76238982598fad980685,automation.service,2026-06-31,71d83f357df5aa16a137beb0e73934f51f7432e5f4abbb50ef5999c211824fbd
MSG-202603-001333,2026-03-14 17:10:32,project.office@example.com,staff002@nus.edu.sg,Contract review reminder,Delivered,e0d15de1e58a94820da67c31b0a3e5495269396173d686094268075fef5a801a,svc_fabric_pipeline,2026-06-31,e82f4e02f4aa2c0d55443d0eb7c09872d736b1ff453c8c20579549a1b76e27c3
MSG-202603-001074,2026-03-14 18:08:24,ben.lim@example.org,staff002@nus.edu.sg,Data validation results,Delivered,9512b8c762cd9b9c73063998437e6a352dda56fd39dc76238982598fad980685,automation.service,2026-06-31,d10874e96f70bf4867202e7877f930758013f498f20870f9bfcc54b7868fad16
MSG-202603-000288,2026-03-14 21:09:46,project.office@example.com,platform.support@nus.edu.sg,Dashboard refresh completed,Resolved,e0d15de1e58a94820da67c31b0a3e5495269396173d686094268075fef5a801a,automation.service,2026-06-31,571820898cbc3100e13da591304670248b696b88356b94438c4f53584237ab94
MSG-202603-000499,2026-03-16 04:20:57,support@service-example.com,platform.support@nus.edu.sg,User account request,Delivered,9512b8c762cd9b9c73063998437e6a352dda56fd39dc76238982598fad980685,voyce.peh,2026-06-31,1b743785212a5d5dd6b43542e3ea54c275c7b77e0719b3fec2ac8fd5d5d29a70
MSG-202603-000279,2026-03-16 10:42:35,reporting.service@example.net,staff003@nus.edu.sg,File delivery confirmation,Delivered,e0d15de1e58a94820da67c31b0a3e5495269396173d686094268075fef5a801a,automation.service,2026-06-31,685c6bec8ae2b9ab30c3ec781ef77d1fba668ac6f14a455ad925ffc95fc07907
MSG-202603-000972,2026-03-16 12:41:03,alice.tan@example.com,analytics.team@nus.edu.sg,Meeting follow up,Delivered,e0d15de1e58a94820da67c31b0a3e5495269396173d686094268075fef5a801a,svc_fabric_pipeline,2026-06-31,980e1a9912d9698271e643d0403353e076de4ae65c122a42debd9f024f65240f
MSG-202603-000548,2026-03-16 15:22:10,operations@vendor-example.com,staff001@nus.edu.sg,Report publication update,Delivered,9512b8c762cd9b9c73063998437e6a352dda56fd39dc76238982598fad980685,voyce.peh,2026-06-31,4f2fbdc21c73b9460231af8ffc7676e8912dd5a0a23999816bd5d2d9fb79332d
MSG-202603-000281,2026-03-17 01:53:57,support@service-example.com,reporting@nus.edu.sg,Pipeline execution summary,Delivered,05490a7dc262f4a552acce14881d14d326bb9246b2874f49a39e2b9662f64e77,automation.service,2026-06-31,b894740de4eda45db697a4547a4308aa3b5314edf5b09b0776f3ece798e058d3
MSG-202603-000707,2026-03-17 02:28:44,notifications@system-example.net,staff003@nus.edu.sg,File delivery confirmation,Delivered,9512b8c762cd9b9c73063998437e6a352dda56fd39dc76238982598fad980685,automation.service,2026-06-31,cc7d6a9049c7622723c5d984806baca0438dfc0d4ea454ea184698b95df597c0
MSG-202603-000026,2026-03-17 13:40:43,data.platform@example.org,staff003@nus.edu.sg,Workspace permission request,Resolved,05490a7dc262f4a552acce14881d14d326bb9246b2874f49a39e2b9662f64e77,automation.service,2026-06-31,aca71376b48a5c21813e95df6558041e9d9cc4f196aba80b9b9ac5b743e3ee93
MSG-202603-000041,2026-03-17 22:08:07,alice.tan@example.com,staff001@nus.edu.sg,Report publication update,Delivered,9512b8c762cd9b9c73063998437e6a352dda56fd39dc76238982598fad980685,data.engineering,2026-06-31,de498637b56a27c47f49ac9bb168856a1434ab3383f78fd245bbf1d882a44da6
MSG-202603-000680,2026-03-18 02:55:47,operations@vendor-example.com,staff001@nus.edu.sg,Meeting follow up,Delivered,9512b8c762cd9b9c73063998437e6a352dda56fd39dc76238982598fad980685,voyce.peh,2026-06-31,782b70bb1b82e617f571cfe1790f7df73a8469e7865c6449719f0c6750442e42
MSG-202603-000804,2026-03-18 06:05:56,notifications@system-example.net,reporting@nus.edu.sg,Data quality alert,Delivered,e0d15de1e58a94820da67c31b0a3e5495269396173d686094268075fef5a801a,data.engineering,2026-06-31,d71c5c102ade8fc08f05e53ff67547b31857eac5b90d76d657786c0acc9938d6
MSG-202603-000348,2026-03-18 08:51:20,alice.tan@example.com,platform.support@nus.edu.sg,Data validation results,Delivered,9512b8c762cd9b9c73063998437e6a352dda56fd39dc76238982598fad980685,svc_fabric_pipeline,2026-06-31,10a21763d734a9471832cd7f67f95fd79b410549edff9ed15b8a24f00963fa04
MSG-202603-001147,2026-03-18 08:55:51,support@service-example.com,analytics.team@nus.edu.sg,Incident resolution update,Delivered,9512b8c762cd9b9c73063998437e6a352dda56fd39dc76238982598fad980685,voyce.peh,2026-06-31,743c5a3abb5e9e632e89d026266498ecf64ecdcf10f43f28ad7f80f902aa65bb
MSG-202603-000131,2026-03-19 04:20:09,access.management@example.com,governance@nus.edu.sg,Data extract ready,Delivered,9512b8c762cd9b9c73063998437e6a352dda56fd39dc76238982598fad980685,data.engineering,2026-06-31,3070d7b8782c3c4772ebfc32f3e2b380c9993dd476af9fe9d40cb448a6df02f3
MSG-202603-000333,2026-03-19 04:29:43,governance.team@example.org,staff003@nus.edu.sg,Contract review reminder,Resolved,e0d15de1e58a94820da67c31b0a3e5495269396173d686094268075fef5a801a,automation.service,2026-06-31,7c4b944e1aba07a758e383743442f7fecc7454949e6f179877b4a0f02b941c06
MSG-202603-000153,2026-03-19 10:52:30,alice.tan@example.com,analytics.team@nus.edu.sg,Project status update,Resolved,e0d15de1e58a94820da67c31b0a3e5495269396173d686094268075fef5a801a,svc_fabric_pipeline,2026-06-31,b5369fa569bc38f4da435db22113b9efd313495d093f4f983ee298bf261b7503
MSG-202603-000334,2026-03-19 23:46:13,operations@vendor-example.com,reporting@nus.edu.sg,Workspace permission request,Failed,9512b8c762cd9b9c73063998437e6a352dda56fd39dc76238982598fad980685,data.engineering,2026-06-31,7796ed6e28836e044db833e0b9e54147bfeda900a42730408d10328ef624739a
MSG-202603-001323,2026-03-20 12:23:31,project.office@example.com,reporting@nus.edu.sg,Project status update,Resolved,9512b8c762cd9b9c73063998437e6a352dda56fd39dc76238982598fad980685,automation.service,2026-06-31,140c9d9764d0a8e8632ecd5fb63bf04c76901d0fbe184fe05887df187a17cff7
MSG-202603-000733,2026-03-21 13:05:04,notifications@system-example.net,analytics.team@nus.edu.sg,Pipeline execution summary,Delivered,9512b8c762cd9b9c73063998437e6a352dda56fd39dc76238982598fad980685,voyce.peh,2026-06-31,6ff69631bf1695f147fc2c582db519273d995627a37d7c6575457dadf868b1b6
MSG-202603-000918,2026-03-21 23:50:30,notifications@system-example.net,analytics.team@nus.edu.sg,Data extract ready,Delivered,9512b8c762cd9b9c73063998437e6a352dda56fd39dc76238982598fad980685,automation.service,2026-06-31,a9aedc23bb13aabc5fcd68c9a88fad83f22359a597e0df77f12906d1e825f6f6
MSG-202603-001118,2026-03-22 01:13:23,access.management@example.com,platform.support@nus.edu.sg,Data validation results,Delivered,9512b8c762cd9b9c73063998437e6a352dda56fd39dc76238982598fad980685,data.engineering,2026-06-31,192d5528a5d1c0363b37a8f98daa6dd936fbe9675d7c3babc5226144d5ddac69
MSG-202603-001365,2026-03-22 01:44:31,access.management@example.com,staff001@nus.edu.sg,Security access review,Delivered,9512b8c762cd9b9c73063998437e6a352dda56fd39dc76238982598fad980685,data.engineering,2026-06-31,8986034ef4ba97963c4b0c962956321c074045f73844c2d16621ae66a784ca55
MSG-202603-000266,2026-03-22 02:17:36,support@service-example.com,analytics.team@nus.edu.sg,Service request update,Delivered,9512b8c762cd9b9c73063998437e6a352dda56fd39dc76238982598fad980685,svc_fabric_pipeline,2026-06-31,71512ecd0fb52cd420c97a58929ed8540ca7cae68e8d1c0c8e81f975b320038a
MSG-202603-001078,2026-03-22 03:35:22,alice.tan@example.com,platform.support@nus.edu.sg,Incident resolution update,Delivered,e0d15de1e58a94820da67c31b0a3e5495269396173d686094268075fef5a801a,automation.service,2026-06-31,d6b53358d3a9f602fb61164207c6d2eade62e3d0c4278b536047278e425a1b82
MSG-202603-000445,2026-03-22 09:50:21,support@service-example.com,reporting@nus.edu.sg,Data quality alert,Resolved,9512b8c762cd9b9c73063998437e6a352dda56fd39dc76238982598fad980685,automation.service,2026-06-31,ee110365c83525a156f6e6f0a33c2d7c26443d306329189e6ca0d7a0c9017529
MSG-202603-000640,2026-03-22 10:28:06,project.office@example.com,analytics.team@nus.edu.sg,Meeting follow up,Delivered,9512b8c762cd9b9c73063998437e6a352dda56fd39dc76238982598fad980685,voyce.peh,2026-06-31,4204fbd63e3cfb8b820bb02fc7418674d774a0009274ef3d8bc8f2a26b371e85
MSG-202603-000703,2026-03-23 01:22:50,support@service-example.com,governance@nus.edu.sg,Data validation results,Delivered,e0d15de1e58a94820da67c31b0a3e5495269396173d686094268075fef5a801a,data.engineering,2026-06-31,49520e041aa9666b91212f1417d4606024f39447dd02c4970ae01ec33f74036e
MSG-202603-001475,2026-03-23 01:44:55,alice.tan@example.com,data.office@nus.edu.sg,Data quality alert,Resolved,9512b8c762cd9b9c73063998437e6a352dda56fd39dc76238982598fad980685,data.engineering,2026-06-31,37957e94af05061fef5e90a813ff33d823f32e6f4509844aa45c9c707fdec7e6
MSG-202603-001127,2026-03-23 05:12:19,governance.team@example.org,analytics.team@nus.edu.sg,User account request,Resolved,9512b8c762cd9b9c73063998437e6a352dda56fd39dc76238982598fad980685,svc_fabric_pipeline,2026-06-31,c986b8cb1e41b49d0457aa1c038962a5b3b30e7ded62e7c1752ecd221cfc3eed
MSG-202603-001040,2026-03-23 20:05:34,reporting.service@example.net,data.office@nus.edu.sg,Dashboard refresh completed,Failed,9512b8c762cd9b9c73063998437e6a352dda56fd39dc76238982598fad980685,voyce.peh,2026-06-31,9193cc414f2950dc87f5422b12ac44780f3e5c14ea59bb562c5ec8b83388e157
MSG-202603-000139,2026-03-24 01:15:22,notifications@system-example.net,platform.support@nus.edu.sg,Meeting follow up,Resolved,9512b8c762cd9b9c73063998437e6a352dda56fd39dc76238982598fad980685,svc_fabric_pipeline,2026-06-31,e37b268c619f0c60e8ed9a11b58231446280ec88d999dc9dec2ccba29eb83ecc
MSG-202603-001167,2026-03-24 11:13:58,reporting.service@example.net,data.office@nus.edu.sg,Project status update,Delivered,9512b8c762cd9b9c73063998437e6a352dda56fd39dc76238982598fad980685,voyce.peh,2026-06-31,c7f07565dc725cef3d16577588f387749c9700592dff1d0c699d43702c31e0e3
MSG-202603-000219,2026-03-24 20:20:36,notifications@system-example.net,governance@nus.edu.sg,Project status update,Failed,9512b8c762cd9b9c73063998437e6a352dda56fd39dc76238982598fad980685,voyce.peh,2026-06-31,758e8251b8d484b0b0d0d0021d9650e2715c3903f2eccfd5e0e77fb9529b1d1c
MSG-202603-000308,2026-03-24 20:50:36,operations@vendor-example.com,staff002@nus.edu.sg,Access request approved,Delivered,9512b8c762cd9b9c73063998437e6a352dda56fd39dc76238982598fad980685,svc_fabric_pipeline,2026-06-31,722dec0ff870a9badf11ca5ae20282f9ccde1afd1ad9d634d6c3845924d91105
MSG-202603-001212,2026-03-25 00:39:34,data.platform@example.org,staff003@nus.edu.sg,Security access review,Delivered,e0d15de1e58a94820da67c31b0a3e5495269396173d686094268075fef5a801a,voyce.peh,2026-06-31,7c365e4968ec6ba89868d84a479aed00aed34b9dda46cda1fb6ef29f78362e0f
MSG-202603-000684,2026-03-25 01:23:11,notifications@system-example.net,governance@nus.edu.sg,Security access review,Delivered,9512b8c762cd9b9c73063998437e6a352dda56fd39dc76238982598fad980685,automation.service,2026-06-31,331228757317437850017b5465138ecaa1836a9d95713efb449a6b7d644e5d6d
MSG-202603-001367,2026-03-25 02:40:10,notifications@system-example.net,analytics.team@nus.edu.sg,Service request update,Delivered,9512b8c762cd9b9c73063998437e6a352dda56fd39dc76238982598fad980685,data.engineering,2026-06-31,5a02239778db38f29ad42987c7b71a9b701eeb985a4e7acf09467eb1edbbd7d5
MSG-202603-000233,2026-03-25 14:47:29,governance.team@example.org,governance@nus.edu.sg,Contract review reminder,Delivered,9512b8c762cd9b9c73063998437e6a352dda56fd39dc76238982598fad980685,voyce.peh,2026-06-31,bd37930a7beebc3e44838a696bbbb8cdae79e3ab01d6ae930680619e4ab8bace
MSG-202603-001062,2026-03-25 15:38:33,ben.lim@example.org,staff001@nus.edu.sg,File delivery confirmation,Delivered,9512b8c762cd9b9c73063998437e6a352dda56fd39dc76238982598fad980685,data.engineering,2026-06-31,cb8538fafead05d207894d9660f02d8ca9a419e857128fac44a88a5b933e225d
MSG-202603-000890,2026-03-25 20:34:32,access.management@example.com,staff003@nus.edu.sg,System maintenance notice,Delivered,9512b8c762cd9b9c73063998437e6a352dda56fd39dc76238982598fad980685,automation.service,2026-06-31,ce624bbbdfac995049e52d1b670fdcdfa41118db2f898bea2c33f0448afd3cf9
MSG-202603-000465,2026-03-26 01:37:05,project.office@example.com,staff001@nus.edu.sg,Data quality alert,Delivered,9512b8c762cd9b9c73063998437e6a352dda56fd39dc76238982598fad980685,automation.service,2026-06-31,858d7dcac7a50cec8f8807a69099b954473c36239ce714d5d181f4aa3922f84a
MSG-202603-000578,2026-03-26 05:35:23,data.platform@example.org,platform.support@nus.edu.sg,Monthly report submission,Delivered,9512b8c762cd9b9c73063998437e6a352dda56fd39dc76238982598fad980685,data.engineering,2026-06-31,5910c660da916ad2ef37ee4b5a68471c01f327475c5ebe3704b4c897498a922c
MSG-202603-000087,2026-03-26 07:43:44,governance.team@example.org,data.office@nus.edu.sg,Incident resolution update,Resolved,9512b8c762cd9b9c73063998437e6a352dda56fd39dc76238982598fad980685,data.engineering,2026-06-31,98ef078e3e7b1e53636f5db932006bb8a6d11def433883c904ed01c2b21ca96a
MSG-202603-000438,2026-03-26 08:05:17,alice.tan@example.com,governance@nus.edu.sg,Access request approved,Delivered,9512b8c762cd9b9c73063998437e6a352dda56fd39dc76238982598fad980685,voyce.peh,2026-06-31,a67cb412cbc5081bfbce4413d02466b2c3cf4531f0724e2552b1df2385af64be
MSG-202603-000911,2026-03-26 12:27:17,alice.tan@example.com,data.office@nus.edu.sg,Metadata update completed,Delivered,9512b8c762cd9b9c73063998437e6a352dda56fd39dc76238982598fad980685,voyce.peh,2026-06-31,db759c18b5ea628e93420f68fa8c7e6e3d7f8eb8cd9b2d64307ccd86571eef45
MSG-202603-000572,2026-03-26 14:46:45,reporting.service@example.net,data.office@nus.edu.sg,Project status update,Delivered,9512b8c762cd9b9c73063998437e6a352dda56fd39dc76238982598fad980685,data.engineering,2026-06-31,154c386911e2d56641f9729dd2394b1d5a6a06a3ea62cd86fb1e510199b516c8
MSG-202603-000132,2026-03-26 18:38:58,data.platform@example.org,staff002@nus.edu.sg,System maintenance notice,Delivered,9512b8c762cd9b9c73063998437e6a352dda56fd39dc76238982598fad980685,data.engineering,2026-06-31,07970924be610d3ff9f8576eaa87ac81e993c24d1483ae435147e745729df0c9
MSG-202603-000044,2026-03-26 22:39:03,access.management@example.com,staff003@nus.edu.sg,Service request update,Resolved,9512b8c762cd9b9c73063998437e6a352dda56fd39dc76238982598fad980685,voyce.peh,2026-06-31,8bc716ef8a1fece2577dca446ccc141d042cc9cd9c21e90aef50f0a7d31ae514
MSG-202603-000692,2026-03-27 02:03:03,governance.team@example.org,platform.support@nus.edu.sg,Scheduled refresh notification,Delivered,9512b8c762cd9b9c73063998437e6a352dda56fd39dc76238982598fad980685,data.engineering,2026-06-31,34b036bc15bf2c0efdd65eefbd767d6013f5563d3b5e5112ed2bede9e6eb93b0
MSG-202603-001151,2026-03-27 03:23:48,support@service-example.com,analytics.team@nus.edu.sg,Monthly report submission,Delivered,9512b8c762cd9b9c73063998437e6a352dda56fd39dc76238982598fad980685,automation.service,2026-06-31,9fd415da8fe7724528c27c59178b252a891ab0d6d5c6d3ea1559ac1d2ed97c42
MSG-202603-000230,2026-03-27 15:41:42,access.management@example.com,governance@nus.edu.sg,Pipeline execution summary,Delivered,9512b8c762cd9b9c73063998437e6a352dda56fd39dc76238982598fad980685,data.engineering,2026-06-31,4dd7aa3f7894862de6c98ad09d1a4d3088de2ab2f34a0996149c8cd2bd3dadba
MSG-202603-001454,2026-03-27 17:36:23,notifications@system-example.net,staff001@nus.edu.sg,Scheduled refresh notification,Delivered,e0d15de1e58a94820da67c31b0a3e5495269396173d686094268075fef5a801a,voyce.peh,2026-06-31,9eb6484f66cfb71e86582a979725641719684b1b9a8b1e4b6cd93fbfd69f2f27
MSG-202603-000837,2026-03-27 18:12:34,access.management@example.com,governance@nus.edu.sg,Metadata update completed,Delivered,9512b8c762cd9b9c73063998437e6a352dda56fd39dc76238982598fad980685,voyce.peh,2026-06-31,4c1b808ceae4b9f8bb98e850409a498fa54bea3a40b995f6cb228efad6ec181d
MSG-202603-000148,2026-03-27 19:16:40,access.management@example.com,staff002@nus.edu.sg,Workspace permission request,Delivered,9512b8c762cd9b9c73063998437e6a352dda56fd39dc76238982598fad980685,voyce.peh,2026-06-31,c3d9eb1e50c741a7025c903c0ec1bc008f3d2d5e77fa19d9538d80d6f128ee1a
MSG-202603-000469,2026-03-28 02:53:27,reporting.service@example.net,data.office@nus.edu.sg,Workspace permission request,Resolved,9512b8c762cd9b9c73063998437e6a352dda56fd39dc76238982598fad980685,svc_fabric_pipeline,2026-06-31,f4e3403a84be207b723118f442c3e7c1d3f6500b64a722195de9c3e96172eacf
MSG-202603-000080,2026-03-28 03:41:10,alice.tan@example.com,governance@nus.edu.sg,Security access review,Delivered,9512b8c762cd9b9c73063998437e6a352dda56fd39dc76238982598fad980685,automation.service,2026-06-31,08828fc50383458d62bb7298cfa682ff9fe9fff21bb3da8eba86bb4c508b139d
MSG-202603-000878,2026-03-28 10:00:24,notifications@system-example.net,platform.support@nus.edu.sg,Pipeline execution summary,Delivered,05490a7dc262f4a552acce14881d14d326bb9246b2874f49a39e2b9662f64e77,voyce.peh,2026-06-31,d150aabe9d75fa3ee95bbd29a2f82b1e1b5688063693ac460db8b2820b066498
MSG-202603-001395,2026-03-28 21:28:20,notifications@system-example.net,reporting@nus.edu.sg,Data validation results,Resolved,9512b8c762cd9b9c73063998437e6a352dda56fd39dc76238982598fad980685,data.engineering,2026-06-31,5df4bf62ee87d9e8e99cab86e4b3f5423d7649248656122c29fd94ac1624c7ba
MSG-202603-000357,2026-03-29 01:33:30,data.platform@example.org,governance@nus.edu.sg,Meeting follow up,Resolved,9512b8c762cd9b9c73063998437e6a352dda56fd39dc76238982598fad980685,automation.service,2026-06-31,aca509a7f46c2e20a69c2892bfcc463a0d804b63f7eafce0fd58d58f3156e4fd
MSG-202603-001100,2026-03-29 19:29:23,governance.team@example.org,governance@nus.edu.sg,Dashboard refresh completed,Delivered,e0d15de1e58a94820da67c31b0a3e5495269396173d686094268075fef5a801a,data.engineering,2026-06-31,2f641175ae569c49a771e617333d55d696dc22c7137243dbf40bbaab16adf601
MSG-202603-000507,2026-03-29 21:54:38,reporting.service@example.net,data.office@nus.edu.sg,User account request,Delivered,9512b8c762cd9b9c73063998437e6a352dda56fd39dc76238982598fad980685,svc_fabric_pipeline,2026-06-31,ed2b9394781469a258800878bd1592dbc7b5491753b7c1a865e91e6e83f8b5c3
MSG-202603-000379,2026-03-29 22:28:59,project.office@example.com,staff002@nus.edu.sg,Data quality alert,Delivered,9512b8c762cd9b9c73063998437e6a352dda56fd39dc76238982598fad980685,voyce.peh,2026-06-31,670714b0889cac27ecfa3edf0423aba2aff292e26a7aa23341da89f2514c4d3e
MSG-202603-001177,2026-03-30 07:03:03,data.platform@example.org,reporting@nus.edu.sg,Data validation results,Delivered,05490a7dc262f4a552acce14881d14d326bb9246b2874f49a39e2b9662f64e77,svc_fabric_pipeline,2026-06-31,bde81e36a64abf1fb0273b9169a2b3e9d76c171fb246443aad6f6947e97f4bd8
MSG-202603-000474,2026-03-30 10:18:34,notifications@system-example.net,analytics.team@nus.edu.sg,Incident resolution update,Delivered,9512b8c762cd9b9c73063998437e6a352dda56fd39dc76238982598fad980685,automation.service,2026-06-31,9f8e12776640f592e73966c199636cafec5ec4fb904a6751970a876ae3f29c96
MSG-202603-000221,2026-03-31 06:19:51,governance.team@example.org,reporting@nus.edu.sg,Report publication update,Delivered,9512b8c762cd9b9c73063998437e6a352dda56fd39dc76238982598fad980685,automation.service,2026-06-31,488548429705c1fc6b65ab57944da1813d83cd7139822f57acb1a36083c2c09b
MSG-202603-000051,2026-03-31 20:11:48,support@service-example.com,platform.support@nus.edu.sg,Scheduled refresh notification,Delivered,e0d15de1e58a94820da67c31b0a3e5495269396173d686094268075fef5a801a,data.engineering,2026-06-31,e021e931001ac46cf16c1532b1e5b111a990bfc5f054b8284891b4fd9654a0d5
MSG-202604-000612,2026-04-01 02:51:31,support@service-example.com,platform.support@nus.edu.sg,Data quality alert,Resolved,e0d15de1e58a94820da67c31b0a3e5495269396173d686094268075fef5a801a,automation.service,2026-06-31,0af8317b9af808d2a10f2ec6bd80a4a38c9a6f51bf70c71f1deaab5352cffd97
MSG-202604-001305,2026-04-01 09:21:33,reporting.service@example.net,staff003@nus.edu.sg,Pipeline execution summary,Delivered,9512b8c762cd9b9c73063998437e6a352dda56fd39dc76238982598fad980685,svc_fabric_pipeline,2026-06-31,addec07ed0db6ca82d53606a4ba2f291e06d5b095caa51ce3ad8279de947e3d4
MSG-202604-001396,2026-04-01 11:56:25,notifications@system-example.net,platform.support@nus.edu.sg,Data quality alert,Resolved,e0d15de1e58a94820da67c31b0a3e5495269396173d686094268075fef5a801a,svc_fabric_pipeline,2026-06-31,4bddc19ade67c1c9ecb7728fc9b7faf752731ddce62c585a19efc4200603ccdd
MSG-202604-001050,2026-04-01 14:14:39,governance.team@example.org,data.office@nus.edu.sg,Meeting follow up,Failed,9512b8c762cd9b9c73063998437e6a352dda56fd39dc76238982598fad980685,data.engineering,2026-06-31,bfde8528a9a1f8f4e43efaad02725c032e9d84d15e294cfca564ab35663487b1
MSG-202604-001248,2026-04-01 19:14:33,project.office@example.com,staff001@nus.edu.sg,Pipeline execution summary,Delivered,9512b8c762cd9b9c73063998437e6a352dda56fd39dc76238982598fad980685,data.engineering,2026-06-31,a99c40b5c0631331999f888bb6101e7ca9683dd133fbca13532d19e7fc0070a5
MSG-202604-000725,2026-04-02 00:10:15,ben.lim@example.org,reporting@nus.edu.sg,Incident resolution update,Delivered,9512b8c762cd9b9c73063998437e6a352dda56fd39dc76238982598fad980685,voyce.peh,2026-06-31,9d3b4159ffee5b5435c83c4f13114fd14ed2b029774a296e0ef412e66b501af4
MSG-202604-000714,2026-04-02 12:20:50,access.management@example.com,reporting@nus.edu.sg,Contract review reminder,Delivered,9512b8c762cd9b9c73063998437e6a352dda56fd39dc76238982598fad980685,voyce.peh,2026-06-31,57fbdfadf8d2648a7d5234e9000d5082011ccaab1dd02616238f77ac16a8c5c5
MSG-202604-000618,2026-04-02 14:08:18,alice.tan@example.com,data.office@nus.edu.sg,Contract review reminder,Failed,9512b8c762cd9b9c73063998437e6a352dda56fd39dc76238982598fad980685,data.engineering,2026-06-31,037082cc57ee0f5e6b744de2126b94b373476df3ec4bbcd6062b7e27069663e7
MSG-202604-000531,2026-04-02 14:29:16,notifications@system-example.net,analytics.team@nus.edu.sg,Monthly report submission,Delivered,9512b8c762cd9b9c73063998437e6a352dda56fd39dc76238982598fad980685,data.engineering,2026-06-31,4d48487e8080209ab50e03cc952fcbb7cc8a6f82e05056ce7a740d14af69d08d
MSG-202604-000206,2026-04-03 10:15:41,ben.lim@example.org,data.office@nus.edu.sg,Metadata update completed,Delivered,9512b8c762cd9b9c73063998437e6a352dda56fd39dc76238982598fad980685,automation.service,2026-06-31,88e8ca385264cfaeac26eba97e588d7e31a2f9acd1bd7640a3cf8c90afebde49
MSG-202604-001006,2026-04-03 11:58:04,project.office@example.com,staff003@nus.edu.sg,Project status update,Resolved,9512b8c762cd9b9c73063998437e6a352dda56fd39dc76238982598fad980685,voyce.peh,2026-06-31,f93e4346b852b9f1a4beddcd7621d2041aaab1bf58ca7807327bab81a4a930e1
MSG-202604-000338,2026-04-03 13:04:05,support@service-example.com,staff001@nus.edu.sg,Service request update,Delivered,9512b8c762cd9b9c73063998437e6a352dda56fd39dc76238982598fad980685,automation.service,2026-06-31,f5cc35a8f73ff30f40e9fb1657737da1a76a68efb97ad8461ecf6446a3cf7d4e
MSG-202604-000176,2026-04-03 14:20:39,project.office@example.com,governance@nus.edu.sg,Access request approved,Delivered,9512b8c762cd9b9c73063998437e6a352dda56fd39dc76238982598fad980685,automation.service,2026-06-31,1b525fc6e674a03f27480ca80044aa25887a3690cbd5e32723600db39edfe671
MSG-202604-001231,2026-04-03 20:11:59,project.office@example.com,analytics.team@nus.edu.sg,Data quality alert,Resolved,9512b8c762cd9b9c73063998437e6a352dda56fd39dc76238982598fad980685,svc_fabric_pipeline,2026-06-31,8bd231fac9c16d307a23027193f57edddf876d53e130154843e6ff7535e9f750
MSG-202604-000073,2026-04-03 22:29:36,ben.lim@example.org,staff003@nus.edu.sg,Service request update,Resolved,9512b8c762cd9b9c73063998437e6a352dda56fd39dc76238982598fad980685,data.engineering,2026-06-31,281b22812a3bbe2dfc12c6d53300151ccbf3fc2d6fc774e8aea7ff8cbcf35f1d
MSG-202604-000830,2026-04-04 09:33:59,data.platform@example.org,staff002@nus.edu.sg,Workspace permission request,Delivered,e0d15de1e58a94820da67c31b0a3e5495269396173d686094268075fef5a801a,voyce.peh,2026-06-31,f571f81e49b21a91966ac699fa94e8ceedd1c53418f3a45a62bb5633ff37372c
MSG-202604-000565,2026-04-04 10:49:42,access.management@example.com,staff002@nus.edu.sg,Workspace permission request,Delivered,9512b8c762cd9b9c73063998437e6a352dda56fd39dc76238982598fad980685,svc_fabric_pipeline,2026-06-31,5e9bc30ccf489ef9d90c7cb02711ac6bd81f094545b73bd2c32a259cf778583f
MSG-202604-001397,2026-04-04 22:26:51,data.platform@example.org,governance@nus.edu.sg,Report publication update,Resolved,9512b8c762cd9b9c73063998437e6a352dda56fd39dc76238982598fad980685,automation.service,2026-06-31,624cf259298562270d45d91385e6bb4ee3bd2e375461c1fe06f884930405fdcb
MSG-202604-000859,2026-04-05 04:38:49,project.office@example.com,platform.support@nus.edu.sg,Service request update,Failed,9512b8c762cd9b9c73063998437e6a352dda56fd39dc76238982598fad980685,voyce.peh,2026-06-31,e9ea2c6e8afbc15a56024ca4ad7ab823529828f12339a6d51d86d697315ed9de
MSG-202604-000224,2026-04-05 04:52:17,notifications@system-example.net,staff001@nus.edu.sg,Metadata update completed,Delivered,05490a7dc262f4a552acce14881d14d326bb9246b2874f49a39e2b9662f64e77,svc_fabric_pipeline,2026-06-31,c49a98b77505fd04511db4debf207111d705cba1515bb801eec4c18ad01b6e49
MSG-202604-001398,2026-04-06 03:04:50,alice.tan@example.com,staff001@nus.edu.sg,Project status update,Delivered,9512b8c762cd9b9c73063998437e6a352dda56fd39dc76238982598fad980685,automation.service,2026-06-31,c57feba81ee10ab6ab99dfe98b2f9637c52f5d5b473acda459c923dd8dbf375a
MSG-202604-000821,2026-04-06 04:09:24,ben.lim@example.org,staff001@nus.edu.sg,System maintenance notice,Delivered,9512b8c762cd9b9c73063998437e6a352dda56fd39dc76238982598fad980685,voyce.peh,2026-06-31,b07f135ad25b53dea330a559611f6a3c0a31904f95fcb7dabdc3f49c176bffe7
MSG-202604-001207,2026-04-06 06:52:06,governance.team@example.org,analytics.team@nus.edu.sg,Project status update,Resolved,9512b8c762cd9b9c73063998437e6a352dda56fd39dc76238982598fad980685,svc_fabric_pipeline,2026-06-31,a595b70a5819a9d9d2e0174ce7538443f1d70a40634767f48f28006cc50624f1
MSG-202604-001076,2026-04-06 06:55:29,data.platform@example.org,staff002@nus.edu.sg,Pipeline execution summary,Delivered,e0d15de1e58a94820da67c31b0a3e5495269396173d686094268075fef5a801a,automation.service,2026-06-31,b30987c5b0bb6efbde0406980068419bcf7edf7ae7a24260dcf0a3bf2963c083
MSG-202604-000468,2026-04-06 14:16:41,governance.team@example.org,staff002@nus.edu.sg,User account request,Delivered,9512b8c762cd9b9c73063998437e6a352dda56fd39dc76238982598fad980685,automation.service,2026-06-31,e722b51be648380c8ee9cc1b9672c9db5c6aaa54012c465ccabd7bb27ca29fa5
MSG-202604-001488,2026-04-06 16:28:54,governance.team@example.org,platform.support@nus.edu.sg,Project status update,Delivered,e0d15de1e58a94820da67c31b0a3e5495269396173d686094268075fef5a801a,automation.service,2026-06-31,aacefc0cbcbcd2224197dea0378a251523ff64b642204d27b8bb02d0fa33bf22
MSG-202604-001159,2026-04-06 16:30:45,alice.tan@example.com,reporting@nus.edu.sg,Service request update,Delivered,9512b8c762cd9b9c73063998437e6a352dda56fd39dc76238982598fad980685,voyce.peh,2026-06-31,79560ca2219551b7512524d41f4c119d5cb0deae3a66fa0f9be7276c9eedc864
MSG-202604-001133,2026-04-07 02:12:51,project.office@example.com,platform.support@nus.edu.sg,Monthly report submission,Delivered,9512b8c762cd9b9c73063998437e6a352dda56fd39dc76238982598fad980685,automation.service,2026-06-31,df74e35b861e5a993236e7be5e12e312ded44608f4ab79cc7c6e73c503257377
MSG-202604-000970,2026-04-07 09:03:23,project.office@example.com,reporting@nus.edu.sg,Dashboard refresh completed,Resolved,9512b8c762cd9b9c73063998437e6a352dda56fd39dc76238982598fad980685,automation.service,2026-06-31,4f23dfb13115f6ef19abc7a0aa6de11720d1c4ef25adb7d2e5196cdb1f075e42
MSG-202604-000638,2026-04-08 05:16:47,ben.lim@example.org,staff002@nus.edu.sg,Data validation results,Delivered,9512b8c762cd9b9c73063998437e6a352dda56fd39dc76238982598fad980685,data.engineering,2026-06-31,e47bd66561cd7dab7dde128387271557dfc9914e78fd9329e18757719178d30c
MSG-202604-001430,2026-04-08 12:06:22,governance.team@example.org,staff001@nus.edu.sg,Project status update,Delivered,9512b8c762cd9b9c73063998437e6a352dda56fd39dc76238982598fad980685,svc_fabric_pipeline,2026-06-31,48fabb058a66c110ed2c4b3e24cc593632b4dcfe32002f5c5834562f0e9a88f3
MSG-202604-000989,2026-04-09 04:29:05,reporting.service@example.net,staff001@nus.edu.sg,Report publication update,Delivered,e0d15de1e58a94820da67c31b0a3e5495269396173d686094268075fef5a801a,voyce.peh,2026-06-31,795cb2197b75e925f8fe5690179bc0593909e477530fe0757e5632c71c19d2b9
MSG-202604-000484,2026-04-09 12:16:56,governance.team@example.org,governance@nus.edu.sg,Data validation results,Delivered,9512b8c762cd9b9c73063998437e6a352dda56fd39dc76238982598fad980685,automation.service,2026-06-31,e1f21e1e1d66b8e3ae7567415f0492c075d2bcc5ca7bbe2c639031609335f3d2
MSG-202604-000839,2026-04-09 14:15:46,ben.lim@example.org,platform.support@nus.edu.sg,Monthly report submission,Delivered,9512b8c762cd9b9c73063998437e6a352dda56fd39dc76238982598fad980685,voyce.peh,2026-06-31,1086fe7b152b83f8da7099273d86cc2486ad40a9bd5ce8bfdb8c52d8eb1b2a99
MSG-202604-000406,2026-04-09 21:13:54,governance.team@example.org,data.office@nus.edu.sg,Access request approved,Delivered,9512b8c762cd9b9c73063998437e6a352dda56fd39dc76238982598fad980685,automation.service,2026-06-31,df87d015b0865e95d498eae0b10ebbe9d03655f73e9c02666de4d7fbf3d28a42
MSG-202604-000856,2026-04-09 21:28:57,ben.lim@example.org,analytics.team@nus.edu.sg,Service request update,Delivered,9512b8c762cd9b9c73063998437e6a352dda56fd39dc76238982598fad980685,automation.service,2026-06-31,4fbcd22546399b6c70b19d519a3baf8404a1527561319e1fb6df4b9eb77b9fdb
MSG-202604-000802,2026-04-11 15:35:23,data.platform@example.org,staff001@nus.edu.sg,Report publication update,Delivered,9512b8c762cd9b9c73063998437e6a352dda56fd39dc76238982598fad980685,data.engineering,2026-06-31,54547ab3d3613dff61d84442384f769d449ff05d2bb029fbde221f95440267b2
MSG-202604-001499,2026-04-12 06:00:29,project.office@example.com,staff001@nus.edu.sg,Project status update,Delivered,05490a7dc262f4a552acce14881d14d326bb9246b2874f49a39e2b9662f64e77,data.engineering,2026-06-31,4cb486964ebb3f832c9e620bb603de132029ce2322c7f1a71fe187883a75a8b0
MSG-202604-000931,2026-04-12 07:41:40,notifications@system-example.net,staff003@nus.edu.sg,Scheduled refresh notification,Delivered,9512b8c762cd9b9c73063998437e6a352dda56fd39dc76238982598fad980685,automation.service,2026-06-31,bf37b240e9f4dae8e9e6bbad1d95357d841367144d435fea57abdbef3b5d5531
MSG-202604-000090,2026-04-12 12:50:07,governance.team@example.org,analytics.team@nus.edu.sg,Service request update,Delivered,9512b8c762cd9b9c73063998437e6a352dda56fd39dc76238982598fad980685,automation.service,2026-06-31,13372c2330abb584163895f1214abac5cdd359576996c843c7a0d2428e4502ea
MSG-202604-000464,2026-04-12 15:14:54,project.office@example.com,governance@nus.edu.sg,Dashboard refresh completed,Delivered,9512b8c762cd9b9c73063998437e6a352dda56fd39dc76238982598fad980685,automation.service,2026-06-31,fe3ab5d3a64a0b69d3ad4a685e3fae5a693815bed0d6e664757c4136d0088033
MSG-202604-000186,2026-04-13 00:20:19,alice.tan@example.com,data.office@nus.edu.sg,Security access review,Resolved,e0d15de1e58a94820da67c31b0a3e5495269396173d686094268075fef5a801a,automation.service,2026-06-31,a5eed85caee0129e0211d0de348ed22c96f736f3542266cb05638e3281297521
MSG-202604-000111,2026-04-13 09:08:37,notifications@system-example.net,analytics.team@nus.edu.sg,Scheduled refresh notification,Delivered,e0d15de1e58a94820da67c31b0a3e5495269396173d686094268075fef5a801a,automation.service,2026-06-31,f6c7b1ac5d70a71d250be270a298d2c6e0ce3496d75f909257b7d04137b98fe6
MSG-202604-001427,2026-04-13 09:27:03,reporting.service@example.net,staff001@nus.edu.sg,Meeting follow up,Resolved,9512b8c762cd9b9c73063998437e6a352dda56fd39dc76238982598fad980685,voyce.peh,2026-06-31,9b990727047aeb7877bbe282bbc7f8ba875a112a35114b47b44d86d0eb714e63
MSG-202604-000402,2026-04-13 21:31:33,ben.lim@example.org,analytics.team@nus.edu.sg,System maintenance notice,Resolved,9512b8c762cd9b9c73063998437e6a352dda56fd39dc76238982598fad980685,voyce.peh,2026-06-31,ea0940332b483f0e0b405e382e52b2c50e1cd31e4afbb1d5604301d4d8ae8d06
MSG-202604-000104,2026-04-14 00:48:44,ben.lim@example.org,staff003@nus.edu.sg,Scheduled refresh notification,Resolved,9512b8c762cd9b9c73063998437e6a352dda56fd39dc76238982598fad980685,voyce.peh,2026-06-31,d94fd605babed71b7ef2203b4639805365cfee914e3e766a51be97d9425bab03
MSG-202604-000356,2026-04-14 09:26:44,alice.tan@example.com,governance@nus.edu.sg,User account request,Delivered,9512b8c762cd9b9c73063998437e6a352dda56fd39dc76238982598fad980685,automation.service,2026-06-31,529dbf8f8529be4fca129214fda775feb724dfd067a425cd06fa71fdd934956f
MSG-202604-001299,2026-04-14 10:29:19,project.office@example.com,reporting@nus.edu.sg,Project status update,Delivered,9512b8c762cd9b9c73063998437e6a352dda56fd39dc76238982598fad980685,svc_fabric_pipeline,2026-06-31,92c8c4fdabb9726878464c71c09154250fde7c22ac51685a537764ab75803c0d
MSG-202604-001289,2026-04-14 14:19:53,reporting.service@example.net,analytics.team@nus.edu.sg,Security access review,Delivered,e0d15de1e58a94820da67c31b0a3e5495269396173d686094268075fef5a801a,svc_fabric_pipeline,2026-06-31,f7118f1c4465e1a0c0cbde8e1062164cd83f7caaf7d6d8eaa1b47e471079e4ee
MSG-202604-001374,2026-04-14 18:14:26,data.platform@example.org,analytics.team@nus.edu.sg,System maintenance notice,Delivered,e0d15de1e58a94820da67c31b0a3e5495269396173d686094268075fef5a801a,automation.service,2026-06-31,246cb66b0904974ddb27712003ba28642311d325324cf489ff432b254002c5d9
MSG-202604-000790,2026-04-14 18:45:42,access.management@example.com,reporting@nus.edu.sg,Monthly report submission,Delivered,9512b8c762cd9b9c73063998437e6a352dda56fd39dc76238982598fad980685,voyce.peh,2026-06-31,0af5eed37d86d25fa9a5fec05dcb6bbac3e647b236bc06fa0f40223cec43ad16
MSG-202604-000292,2026-04-15 04:13:47,support@service-example.com,analytics.team@nus.edu.sg,Data extract ready,Delivered,e0d15de1e58a94820da67c31b0a3e5495269396173d686094268075fef5a801a,data.engineering,2026-06-31,76be03b23f667e80c8102b09da1e5ca69e30b2bb75072df177d9b86702f54cbe
MSG-202604-000536,2026-04-15 09:38:48,project.office@example.com,staff002@nus.edu.sg,Metadata update completed,Delivered,e0d15de1e58a94820da67c31b0a3e5495269396173d686094268075fef5a801a,data.engineering,2026-06-31,ec26547f1d79c900baaf904ddc9af002cb5bf54383e5d8ec6e2c4fc0f0588459
MSG-202604-001140,2026-04-15 10:01:03,data.platform@example.org,staff002@nus.edu.sg,Contract review reminder,Failed,9512b8c762cd9b9c73063998437e6a352dda56fd39dc76238982598fad980685,svc_fabric_pipeline,2026-06-31,d0c4ddfbf94aab656f6c588aaf009bf05678ac82a132ea074166ed6385d032a4
MSG-202604-000395,2026-04-15 10:48:20,support@service-example.com,staff003@nus.edu.sg,Metadata update completed,Resolved,05490a7dc262f4a552acce14881d14d326bb9246b2874f49a39e2b9662f64e77,automation.service,2026-06-31,93d74f1b6b4395732cac73ad673d9a5d591798c4b1edc9e7ad1550792475a090
MSG-202604-000771,2026-04-15 22:41:51,governance.team@example.org,governance@nus.edu.sg,Monthly report submission,Delivered,05490a7dc262f4a552acce14881d14d326bb9246b2874f49a39e2b9662f64e77,automation.service,2026-06-31,fa3d7f01be0d68674de0607d05741a4fbfc1f20406a8be22e1afc96099f08780
MSG-202604-000694,2026-04-16 04:52:09,operations@vendor-example.com,reporting@nus.edu.sg,Data validation results,Delivered,e0d15de1e58a94820da67c31b0a3e5495269396173d686094268075fef5a801a,automation.service,2026-06-31,a547478ce8d37b9db107df3b416388c09538134be62dd313ad5562bd177b84a4
MSG-202604-000639,2026-04-16 06:42:02,data.platform@example.org,staff003@nus.edu.sg,Access request approved,Resolved,9512b8c762cd9b9c73063998437e6a352dda56fd39dc76238982598fad980685,voyce.peh,2026-06-31,8fd3356b55dfc582d9accbcbfb5ce8cece7b5ce02eefd851af9df469e18c5886
MSG-202604-000750,2026-04-16 07:04:15,operations@vendor-example.com,staff003@nus.edu.sg,Scheduled refresh notification,Delivered,e0d15de1e58a94820da67c31b0a3e5495269396173d686094268075fef5a801a,svc_fabric_pipeline,2026-06-31,a694acad9aac3a98c4ec9b999f64af0efa329c5cdd0b847fc56fe048196f6084
MSG-202604-000979,2026-04-16 07:49:43,project.office@example.com,platform.support@nus.edu.sg,Pipeline execution summary,Delivered,e0d15de1e58a94820da67c31b0a3e5495269396173d686094268075fef5a801a,svc_fabric_pipeline,2026-06-31,838946246422e3588936e035588d2dfa3033a5cc5bbb882446107c77324f747a
MSG-202604-000772,2026-04-16 09:46:20,support@service-example.com,data.office@nus.edu.sg,System maintenance notice,Delivered,e0d15de1e58a94820da67c31b0a3e5495269396173d686094268075fef5a801a,voyce.peh,2026-06-31,a3d703b90d0d500593f71914acaa97f056b4f5ea199170acf3f1aeeb1d50bba6
MSG-202604-000809,2026-04-17 01:43:47,support@service-example.com,data.office@nus.edu.sg,User account request,Delivered,9512b8c762cd9b9c73063998437e6a352dda56fd39dc76238982598fad980685,voyce.peh,2026-06-31,2c7db6733ca1e8d552cdc0bfaf65f397cf1accf6d7e4e7915d0e885974624f4e
MSG-202604-000423,2026-04-17 02:20:23,data.platform@example.org,data.office@nus.edu.sg,File delivery confirmation,Delivered,9512b8c762cd9b9c73063998437e6a352dda56fd39dc76238982598fad980685,data.engineering,2026-06-31,8803c3e42bc297feb0cce0be674ceba8b8ebd773da2ccaf5f232911c4181c05c
MSG-202604-000668,2026-04-17 09:46:38,ben.lim@example.org,data.office@nus.edu.sg,Access request approved,Delivered,05490a7dc262f4a552acce14881d14d326bb9246b2874f49a39e2b9662f64e77,data.engineering,2026-06-31,67333e7b21323f16a5599a94e41d3a119acdd30822cffd5c2673965dfbd428bd
MSG-202604-000687,2026-04-17 14:53:03,ben.lim@example.org,staff003@nus.edu.sg,Data validation results,Delivered,e0d15de1e58a94820da67c31b0a3e5495269396173d686094268075fef5a801a,automation.service,2026-06-31,50e7e94b0c4eed00232121e772a1a925cf32e7fbb836abb8148eb8df2c55d1e4
MSG-202604-000320,2026-04-18 03:24:11,reporting.service@example.net,reporting@nus.edu.sg,Dashboard refresh completed,Resolved,9512b8c762cd9b9c73063998437e6a352dda56fd39dc76238982598fad980685,voyce.peh,2026-06-31,5741dd4d30458b14dfdaa469aa63fb387b2a6495b2d8c085de25c01630e7dd6b
MSG-202604-000398,2026-04-18 03:41:30,reporting.service@example.net,staff002@nus.edu.sg,Project status update,Resolved,9512b8c762cd9b9c73063998437e6a352dda56fd39dc76238982598fad980685,svc_fabric_pipeline,2026-06-31,5d8176e09f6b069c9af22c861a9a64c776511711c176190ffaaa130b3078f8b3
MSG-202604-001107,2026-04-18 05:22:32,governance.team@example.org,reporting@nus.edu.sg,Monthly report submission,Delivered,e0d15de1e58a94820da67c31b0a3e5495269396173d686094268075fef5a801a,svc_fabric_pipeline,2026-06-31,bcdd492b18f28621a0b8f8754995b22d9bd4f9ef420d7410771d9435615c9f4a
MSG-202604-000121,2026-04-18 12:58:58,project.office@example.com,staff002@nus.edu.sg,Report publication update,Delivered,e0d15de1e58a94820da67c31b0a3e5495269396173d686094268075fef5a801a,automation.service,2026-06-31,cd8c6da8621b9d963290a81c2250ae9a243503100f40cbf428a1a8fb4c5ed9fb
MSG-202604-001096,2026-04-19 05:22:49,access.management@example.com,governance@nus.edu.sg,Incident resolution update,Resolved,9512b8c762cd9b9c73063998437e6a352dda56fd39dc76238982598fad980685,automation.service,2026-06-31,cc559ae32b9848decd9f5c766254df0c06321f39b74ba71d2025de1833d0ec80
MSG-202604-000880,2026-04-19 16:06:12,project.office@example.com,staff002@nus.edu.sg,Report publication update,Delivered,e0d15de1e58a94820da67c31b0a3e5495269396173d686094268075fef5a801a,svc_fabric_pipeline,2026-06-31,8a7c2639577b9259bb5c25ff7fb1d61451448163cc4cf9b792a6adb93806a435
MSG-202604-000144,2026-04-19 21:12:41,alice.tan@example.com,staff003@nus.edu.sg,User account request,Resolved,9512b8c762cd9b9c73063998437e6a352dda56fd39dc76238982598fad980685,svc_fabric_pipeline,2026-06-31,4f4c49ed9f3fc13c7f57aa59777e0d3f9919a6dff24fa9d7553897158aa2a916
MSG-202604-001184,2026-04-20 06:49:19,notifications@system-example.net,staff003@nus.edu.sg,Data quality alert,Resolved,9512b8c762cd9b9c73063998437e6a352dda56fd39dc76238982598fad980685,svc_fabric_pipeline,2026-06-31,5bb43e26d300a3506a449d5c983cef1be3c035cf6b7e3d5f5d26a542dfb67a11
MSG-202604-000754,2026-04-20 09:59:57,operations@vendor-example.com,data.office@nus.edu.sg,Data quality alert,Delivered,e0d15de1e58a94820da67c31b0a3e5495269396173d686094268075fef5a801a,voyce.peh,2026-06-31,126963c9cd3d89a9c1f7e8d55c9799dab08b34ddbbf428d45d222a1391c83bb3
MSG-202604-001378,2026-04-20 10:54:26,alice.tan@example.com,analytics.team@nus.edu.sg,Access request approved,Delivered,9512b8c762cd9b9c73063998437e6a352dda56fd39dc76238982598fad980685,voyce.peh,2026-06-31,74cc62c88c2555c192dfc55623a0e617bb18a8538a885a38c83088c9a658a7d9
MSG-202604-001079,2026-04-20 20:43:33,notifications@system-example.net,reporting@nus.edu.sg,Contract review reminder,Delivered,9512b8c762cd9b9c73063998437e6a352dda56fd39dc76238982598fad980685,svc_fabric_pipeline,2026-06-31,41c684164565a83e1e0f9d8d69e71a7d1258dc2ff802cc0c37a7b10cd45c9df7
MSG-202604-001075,2026-04-21 04:05:21,operations@vendor-example.com,data.office@nus.edu.sg,Meeting follow up,Delivered,9512b8c762cd9b9c73063998437e6a352dda56fd39dc76238982598fad980685,automation.service,2026-06-31,8bf4fa7c99e5b7524c5cdecc1561829ee62f0e14b58e338241c0efff3ad4b513
MSG-202604-001216,2026-04-21 20:38:19,reporting.service@example.net,reporting@nus.edu.sg,Security access review,Delivered,9512b8c762cd9b9c73063998437e6a352dda56fd39dc76238982598fad980685,svc_fabric_pipeline,2026-06-31,14179587fb27d08773e3cab29c476b74787cde05fb92988788993b845fd0356d
MSG-202604-001085,2026-04-21 21:44:57,reporting.service@example.net,staff003@nus.edu.sg,Data validation results,Delivered,9512b8c762cd9b9c73063998437e6a352dda56fd39dc76238982598fad980685,automation.service,2026-06-31,27ef257a0d4a765f8d5a9e5b751ce4afd1bfc8bd97214a5f01eb0ac566fe6ceb
MSG-202604-001358,2026-04-22 04:04:34,governance.team@example.org,reporting@nus.edu.sg,Service request update,Resolved,9512b8c762cd9b9c73063998437e6a352dda56fd39dc76238982598fad980685,data.engineering,2026-06-31,70a5aa6b36953cf89373750068962a45de41c7177696a42eb5d83e6be5a61ffc
MSG-202604-000426,2026-04-22 06:36:26,project.office@example.com,analytics.team@nus.edu.sg,Data extract ready,Delivered,9512b8c762cd9b9c73063998437e6a352dda56fd39dc76238982598fad980685,automation.service,2026-06-31,0a69a02081f5d1a2171ca2426b0660c77b24c2cee60b756124a340993ce20e27
MSG-202604-000910,2026-04-22 08:39:41,operations@vendor-example.com,analytics.team@nus.edu.sg,Dashboard refresh completed,Delivered,9512b8c762cd9b9c73063998437e6a352dda56fd39dc76238982598fad980685,svc_fabric_pipeline,2026-06-31,546cc54131a95155090450289372e66538176a96313b3b19565bf26ab174dd44
MSG-202604-000607,2026-04-22 14:32:02,support@service-example.com,platform.support@nus.edu.sg,Monthly report submission,Delivered,9512b8c762cd9b9c73063998437e6a352dda56fd39dc76238982598fad980685,data.engineering,2026-06-31,0636a0a1b20dbfacef3ec61d738a749465b9299644a9942832f61dff008cee4e
MSG-202604-000278,2026-04-22 15:02:17,support@service-example.com,staff003@nus.edu.sg,Data quality alert,Resolved,05490a7dc262f4a552acce14881d14d326bb9246b2874f49a39e2b9662f64e77,data.engineering,2026-06-31,dc536afeb6a8e619f40d92c66d5fcc0b154e8b5a8f0dacb2a3abbe733a492f2b
MSG-202604-000553,2026-04-23 14:37:09,support@service-example.com,platform.support@nus.edu.sg,Service request update,Resolved,9512b8c762cd9b9c73063998437e6a352dda56fd39dc76238982598fad980685,svc_fabric_pipeline,2026-06-31,a462cf81f3c4d724387c15730e9145f8075bc55c22d9edacdda0c02858c1afd8
MSG-202604-000701,2026-04-23 21:46:36,alice.tan@example.com,governance@nus.edu.sg,System maintenance notice,Delivered,e0d15de1e58a94820da67c31b0a3e5495269396173d686094268075fef5a801a,voyce.peh,2026-06-31,b49b75ff4e84bb449fbf27a253416e016625194961ee76ab4a1a25bca610847d
MSG-202604-001173,2026-04-24 00:34:24,access.management@example.com,governance@nus.edu.sg,Contract review reminder,Delivered,05490a7dc262f4a552acce14881d14d326bb9246b2874f49a39e2b9662f64e77,voyce.peh,2026-06-31,33f2ec0411da1a16889941a069c8840baa68bf2f8987e87b07c3b72a0532c483
MSG-202604-000295,2026-04-24 01:08:16,support@service-example.com,analytics.team@nus.edu.sg,File delivery confirmation,Resolved,9512b8c762cd9b9c73063998437e6a352dda56fd39dc76238982598fad980685,svc_fabric_pipeline,2026-06-31,31ef0a15983998944140e9b37db752ce7b86d6eddf4a11da7ab23e679ef6719b
MSG-202604-000066,2026-04-24 08:31:54,project.office@example.com,staff001@nus.edu.sg,Data quality alert,Failed,9512b8c762cd9b9c73063998437e6a352dda56fd39dc76238982598fad980685,data.engineering,2026-06-31,cbfece940d0b78832debb668419a173d04bbe9374249de5f4f56b8bcba8aadb7
MSG-202604-001124,2026-04-24 22:52:49,reporting.service@example.net,staff002@nus.edu.sg,Data extract ready,Delivered,9512b8c762cd9b9c73063998437e6a352dda56fd39dc76238982598fad980685,data.engineering,2026-06-31,f174ce878bcd43967ed2bf619dfd3e7718e2d29bf776830541d25932b5a23a38
MSG-202604-000908,2026-04-25 01:58:19,notifications@system-example.net,reporting@nus.edu.sg,File delivery confirmation,Resolved,9512b8c762cd9b9c73063998437e6a352dda56fd39dc76238982598fad980685,voyce.peh,2026-06-31,2e965a2f851c02dea14c353bcbacc70db586ec2f3596aa21c6b7c3382e6ccb23
MSG-202604-000055,2026-04-25 10:48:15,access.management@example.com,staff003@nus.edu.sg,Data validation results,Delivered,05490a7dc262f4a552acce14881d14d326bb9246b2874f49a39e2b9662f64e77,svc_fabric_pipeline,2026-06-31,4cd009bebff2086f2bdbc2853b5981d73f31a19bc0a085e3a58e5b6b0f118e05
MSG-202604-001253,2026-04-25 13:01:08,reporting.service@example.net,governance@nus.edu.sg,Security access review,Failed,9512b8c762cd9b9c73063998437e6a352dda56fd39dc76238982598fad980685,automation.service,2026-06-31,d62d89544dc1b0ddc39f9f69338bd3414c1961ad5ccfdcb6cf37f756ad490e6d
MSG-202604-000213,2026-04-25 18:09:47,data.platform@example.org,staff001@nus.edu.sg,Workspace permission request,Failed,9512b8c762cd9b9c73063998437e6a352dda56fd39dc76238982598fad980685,automation.service,2026-06-31,b5e48527751774561f85f4489cc14aa4cd0012b9ddb40906fcce22f9297da326
MSG-202604-000168,2026-04-26 05:59:06,governance.team@example.org,staff001@nus.edu.sg,Dashboard refresh completed,Delivered,9512b8c762cd9b9c73063998437e6a352dda56fd39dc76238982598fad980685,voyce.peh,2026-06-31,4a2f39c9ee0a8a847e09811443d2b4f6658f51cf4675b3ef9ccde00d3431fb32
MSG-202604-001437,2026-04-26 06:00:20,project.office@example.com,reporting@nus.edu.sg,Project status update,Resolved,e0d15de1e58a94820da67c31b0a3e5495269396173d686094268075fef5a801a,voyce.peh,2026-06-31,b3b8abc271e9cb8518fa770a18ec7de11fc8b810455fe54a07b5f289fc34860e
MSG-202604-000068,2026-04-26 07:42:00,project.office@example.com,staff001@nus.edu.sg,Report publication update,Resolved,9512b8c762cd9b9c73063998437e6a352dda56fd39dc76238982598fad980685,voyce.peh,2026-06-31,ab956135c2f1f28a64328748a854ac4b33acf240aad4c7112c0f4ce77369f135
MSG-202604-000695,2026-04-26 16:02:45,access.management@example.com,staff002@nus.edu.sg,Scheduled refresh notification,Resolved,9512b8c762cd9b9c73063998437e6a352dda56fd39dc76238982598fad980685,svc_fabric_pipeline,2026-06-31,f72e41a40608bf1bdcf59ca31b138c07daf4e14b6862a6b3f8aa64e4dbe9dc22
MSG-202604-000228,2026-04-26 17:03:49,ben.lim@example.org,data.office@nus.edu.sg,Metadata update completed,Resolved,9512b8c762cd9b9c73063998437e6a352dda56fd39dc76238982598fad980685,svc_fabric_pipeline,2026-06-31,52b36795e91bdf2f947aabcd7dc3047102ea8a1015dd91969fc4c65ce3fa3bc5
MSG-202604-000364,2026-04-26 23:27:46,support@service-example.com,platform.support@nus.edu.sg,Report publication update,Delivered,e0d15de1e58a94820da67c31b0a3e5495269396173d686094268075fef5a801a,automation.service,2026-06-31,ce3e984a8cf74e9326c100df687c4fab3214047514485c6c6366fceec0d4621c
MSG-202604-000898,2026-04-27 06:05:56,project.office@example.com,staff001@nus.edu.sg,Data extract ready,Delivered,9512b8c762cd9b9c73063998437e6a352dda56fd39dc76238982598fad980685,voyce.peh,2026-06-31,a41fcef7c943a78df3dcf4608212260fde5e5d771266d1f8788d52cfae4e07ef
MSG-202604-000427,2026-04-27 07:10:13,governance.team@example.org,governance@nus.edu.sg,Workspace permission request,Delivered,9512b8c762cd9b9c73063998437e6a352dda56fd39dc76238982598fad980685,automation.service,2026-06-31,1fe14abb0f93530d6faf44c494d1b39133e98d8b6853f6e42f928ec7a44be3b2
MSG-202604-000813,2026-04-27 14:26:51,access.management@example.com,reporting@nus.edu.sg,Access request approved,Resolved,9512b8c762cd9b9c73063998437e6a352dda56fd39dc76238982598fad980685,automation.service,2026-06-31,ae162fe23e8c7045f0fde6db6d2ee2586681ca4b444f335368e28393da840485
MSG-202604-000644,2026-04-27 23:08:32,support@service-example.com,data.office@nus.edu.sg,Project status update,Delivered,9512b8c762cd9b9c73063998437e6a352dda56fd39dc76238982598fad980685,voyce.peh,2026-06-31,de3e155712fe1b931ac8b1c26cffe50b88523b1fa1fe61f269102ee02fe2b4d1
MSG-202604-000311,2026-04-28 02:41:20,data.platform@example.org,data.office@nus.edu.sg,Data quality alert,Delivered,9512b8c762cd9b9c73063998437e6a352dda56fd39dc76238982598fad980685,automation.service,2026-06-31,c7bd7e85361a4f3bc68d3c9a6c72cbeca1f42527732a7c10dd519d76ad829de3
MSG-202604-000793,2026-04-28 11:41:41,reporting.service@example.net,analytics.team@nus.edu.sg,Security access review,Delivered,9512b8c762cd9b9c73063998437e6a352dda56fd39dc76238982598fad980685,svc_fabric_pipeline,2026-06-31,f1956e026861edefd7acaf33147e5de00bfd46793498864c89e207b5ecfa6053
MSG-202604-000751,2026-04-28 18:38:09,alice.tan@example.com,staff002@nus.edu.sg,Data validation results,Delivered,9512b8c762cd9b9c73063998437e6a352dda56fd39dc76238982598fad980685,data.engineering,2026-06-31,1b762cadf357401170ce294b3305ee7bf86a1d40b382093aff2b7ed937583067
MSG-202604-000598,2026-04-28 22:24:30,reporting.service@example.net,data.office@nus.edu.sg,Data extract ready,Delivered,9512b8c762cd9b9c73063998437e6a352dda56fd39dc76238982598fad980685,automation.service,2026-06-31,e96647a97ab448cdb21bc18395966059abceebeaa9e78f0194c1e9b0519998b3
MSG-202604-000939,2026-04-29 02:17:14,alice.tan@example.com,data.office@nus.edu.sg,Scheduled refresh notification,Delivered,9512b8c762cd9b9c73063998437e6a352dda56fd39dc76238982598fad980685,data.engineering,2026-06-31,725368bcb29a31c5b04951b89049b15cb4f59e30e325ab6e432f16c03e8e7a66
MSG-202604-000523,2026-04-29 08:57:54,project.office@example.com,reporting@nus.edu.sg,Dashboard refresh completed,Delivered,e0d15de1e58a94820da67c31b0a3e5495269396173d686094268075fef5a801a,svc_fabric_pipeline,2026-06-31,b75ad1d47ba4b46bf802cc14e5033462a04dfe8e0c610bdde5123c107ade7bc5
MSG-202604-001443,2026-04-29 15:24:38,data.platform@example.org,staff001@nus.edu.sg,Data extract ready,Delivered,9512b8c762cd9b9c73063998437e6a352dda56fd39dc76238982598fad980685,voyce.peh,2026-06-31,55a8a7f132e5fc9c699a240d41c613005bb524d1002bc0d9f1d9466445f82f92
MSG-202604-000767,2026-04-30 00:25:22,data.platform@example.org,staff002@nus.edu.sg,Incident resolution update,Failed,9512b8c762cd9b9c73063998437e6a352dda56fd39dc76238982598fad980685,svc_fabric_pipeline,2026-06-31,63500cddb448295b4b5ec20ac50ccbc5d8c931058287fc6e66c79ee2ae44aae8
MSG-202604-000504,2026-04-30 04:07:18,ben.lim@example.org,staff003@nus.edu.sg,Project status update,Failed,9512b8c762cd9b9c73063998437e6a352dda56fd39dc76238982598fad980685,voyce.peh,2026-06-31,1cf48c2b162fba3719d4fafb94e2a49538eb5f68dc10a8646c6dadc1eb17e32d
MSG-202604-000660,2026-04-30 18:40:30,support@service-example.com,staff002@nus.edu.sg,Incident resolution update,Failed,9512b8c762cd9b9c73063998437e6a352dda56fd39dc76238982598fad980685,automation.service,2026-06-31,a0314cb24f4ff823279cd73ed0376ad3f559b0d7e967a675935e0c03b3a6b15b
MSG-202604-000450,2026-04-30 20:18:57,project.office@example.com,staff002@nus.edu.sg,Security access review,Delivered,9512b8c762cd9b9c73063998437e6a352dda56fd39dc76238982598fad980685,voyce.peh,2026-06-31,7431eaa887b11a35c589afddb5cfc5144bfbb98cade107f7aa7e546fa6ff905e
MSG-202605-000009,2026-05-01 00:04:36,project.office@example.com,reporting@nus.edu.sg,Workspace permission request,Delivered,9512b8c762cd9b9c73063998437e6a352dda56fd39dc76238982598fad980685,data.engineering,2026-06-31,703cc8337aa4c2e08cda49573d5c63335865617013f3d184d33607a641a2351d
MSG-202605-000866,2026-05-01 01:26:11,data.platform@example.org,data.office@nus.edu.sg,Access request approved,Delivered,9512b8c762cd9b9c73063998437e6a352dda56fd39dc76238982598fad980685,data.engineering,2026-06-31,f1474399a322e61d1aba66b6f37b5a5afbf586eb77ef2c419396e4ac8d06d09d
MSG-202605-000341,2026-05-01 03:20:56,ben.lim@example.org,platform.support@nus.edu.sg,Dashboard refresh completed,Delivered,9512b8c762cd9b9c73063998437e6a352dda56fd39dc76238982598fad980685,svc_fabric_pipeline,2026-06-31,681b30fc723b8b9f5350c4b43a48897e9be26abac47ac022b40f2049518b24a5
MSG-202605-001095,2026-05-01 10:41:11,alice.tan@example.com,reporting@nus.edu.sg,Scheduled refresh notification,Delivered,e0d15de1e58a94820da67c31b0a3e5495269396173d686094268075fef5a801a,automation.service,2026-06-31,40ab4c519226dfccad52c48cbf46712c19893aec6da82fd685641850ece35a9a
MSG-202605-001366,2026-05-01 13:20:25,support@service-example.com,staff002@nus.edu.sg,Project status update,Delivered,9512b8c762cd9b9c73063998437e6a352dda56fd39dc76238982598fad980685,automation.service,2026-06-31,67c2cc2438ef8a37560d2320b5ee0144faf3e6b7e131b58bc4d2eac7a537cf88
MSG-202605-001312,2026-05-01 13:45:29,data.platform@example.org,staff003@nus.edu.sg,Incident resolution update,Resolved,9512b8c762cd9b9c73063998437e6a352dda56fd39dc76238982598fad980685,svc_fabric_pipeline,2026-06-31,8e803f86a384d4a04004d908f55ae46035dabeb0b331e23e44e67cc3009991ad
MSG-202605-000238,2026-05-01 15:03:14,support@service-example.com,staff002@nus.edu.sg,Scheduled refresh notification,Resolved,9512b8c762cd9b9c73063998437e6a352dda56fd39dc76238982598fad980685,data.engineering,2026-06-31,316a67bf18f4b25c4310582ab4de64346568159fa37f42098ff44a6f9392168b
MSG-202605-000577,2026-05-01 15:33:06,notifications@system-example.net,staff002@nus.edu.sg,Security access review,Delivered,9512b8c762cd9b9c73063998437e6a352dda56fd39dc76238982598fad980685,svc_fabric_pipeline,2026-06-31,6cf7413edd4effa92046fbc94376c3fa731ecfd89d4b653997de6c2c3425459c
MSG-202605-000736,2026-05-01 18:31:38,ben.lim@example.org,reporting@nus.edu.sg,Incident resolution update,Delivered,e0d15de1e58a94820da67c31b0a3e5495269396173d686094268075fef5a801a,voyce.peh,2026-06-31,305a0dbc4ad8d5292e08458c72d928adfb005e7cb818e3c68f4c750d14191ae8
MSG-202605-000256,2026-05-01 21:27:05,governance.team@example.org,analytics.team@nus.edu.sg,Monthly report submission,Delivered,9512b8c762cd9b9c73063998437e6a352dda56fd39dc76238982598fad980685,automation.service,2026-06-31,24c1036e2cc4103d305cdb1e1b253a0259bf5ffabae43259916fa71181aba78e
MSG-202605-000991,2026-05-01 21:55:52,access.management@example.com,staff002@nus.edu.sg,Workspace permission request,Delivered,9512b8c762cd9b9c73063998437e6a352dda56fd39dc76238982598fad980685,voyce.peh,2026-06-31,d057ee8a6bc6d211d2c6a996525a2bd08ff9e55c259884857f899c77a7ef5981
MSG-202605-000083,2026-05-02 05:51:20,data.platform@example.org,staff003@nus.edu.sg,Contract review reminder,Delivered,9512b8c762cd9b9c73063998437e6a352dda56fd39dc76238982598fad980685,svc_fabric_pipeline,2026-06-31,2440d3436f405c2c70b9a6f683832566bbd1a8e6d6b07f8d8f9a6153a7cd68db
MSG-202605-001446,2026-05-02 13:30:31,governance.team@example.org,governance@nus.edu.sg,Service request update,Delivered,9512b8c762cd9b9c73063998437e6a352dda56fd39dc76238982598fad980685,voyce.peh,2026-06-31,161f10a498cb489fedd508813c9ad8e624c61fc7fa373e03ad304c464b6f7602
MSG-202605-000568,2026-05-02 22:00:00,governance.team@example.org,governance@nus.edu.sg,Pipeline execution summary,Failed,e0d15de1e58a94820da67c31b0a3e5495269396173d686094268075fef5a801a,automation.service,2026-06-31,11cf9e939bc7898efc18a1f943dc0383004745cb09ffdffbf7c24d21638c2496
MSG-202605-000352,2026-05-02 22:57:11,project.office@example.com,staff001@nus.edu.sg,Data quality alert,Delivered,9512b8c762cd9b9c73063998437e6a352dda56fd39dc76238982598fad980685,voyce.peh,2026-06-31,57662df7fd2192ede1dfc63445f862231f26d8e6bb6166d81a414694868de2f0
MSG-202605-000500,2026-05-03 01:56:51,notifications@system-example.net,analytics.team@nus.edu.sg,Scheduled refresh notification,Resolved,9512b8c762cd9b9c73063998437e6a352dda56fd39dc76238982598fad980685,automation.service,2026-06-31,e3d597dc2d1f33d7f99b81fd8c9d938967e9fe8511dafb09673f9b9026476c1e
MSG-202605-001434,2026-05-03 09:39:10,data.platform@example.org,reporting@nus.edu.sg,Access request approved,Delivered,e0d15de1e58a94820da67c31b0a3e5495269396173d686094268075fef5a801a,automation.service,2026-06-31,d2dfd6516872500300ce016c3955fdbf26fb753ea73742d3afde6dc1cbf8a6bf
MSG-202605-000064,2026-05-03 17:55:38,governance.team@example.org,platform.support@nus.edu.sg,Data quality alert,Delivered,9512b8c762cd9b9c73063998437e6a352dda56fd39dc76238982598fad980685,voyce.peh,2026-06-31,e3cbd6f194943e22a0916c80d4aaeee1e90d47bdbe88915233efd6d45ccb33ed
MSG-202605-000294,2026-05-03 19:16:50,alice.tan@example.com,staff001@nus.edu.sg,Dashboard refresh completed,Delivered,9512b8c762cd9b9c73063998437e6a352dda56fd39dc76238982598fad980685,svc_fabric_pipeline,2026-06-31,8659355105309007ecfdded3cc9a7307ae4c59c28c8208b18751aae9d60c3988
MSG-202605-001351,2026-05-03 23:36:36,alice.tan@example.com,platform.support@nus.edu.sg,Project status update,Delivered,9512b8c762cd9b9c73063998437e6a352dda56fd39dc76238982598fad980685,automation.service,2026-06-31,1590a9729c72ada12acebdb11f70a17a4a9a2e1ee32c9b140faec1156e0a3f82
MSG-202605-001200,2026-05-04 08:58:59,operations@vendor-example.com,governance@nus.edu.sg,Meeting follow up,Delivered,9512b8c762cd9b9c73063998437e6a352dda56fd39dc76238982598fad980685,voyce.peh,2026-06-31,dd88ec792466039fa94d0c4c6565be49dd256c906c07b1e0e72cbbaca73b7a8f
MSG-202605-000810,2026-05-04 10:18:58,project.office@example.com,analytics.team@nus.edu.sg,File delivery confirmation,Resolved,e0d15de1e58a94820da67c31b0a3e5495269396173d686094268075fef5a801a,data.engineering,2026-06-31,bc1d1731e964222da3c46cc22dc9237f8fb97156f52e096271a75668fc5d4fb0
MSG-202605-000135,2026-05-04 11:22:25,project.office@example.com,staff003@nus.edu.sg,Dashboard refresh completed,Delivered,9512b8c762cd9b9c73063998437e6a352dda56fd39dc76238982598fad980685,svc_fabric_pipeline,2026-06-31,c9c2e68b75f251cb04fb7c4cfecaf2e82d25b6ff93ba5b701afecf1621efc028
MSG-202605-000753,2026-05-04 19:11:49,access.management@example.com,staff003@nus.edu.sg,Monthly report submission,Delivered,9512b8c762cd9b9c73063998437e6a352dda56fd39dc76238982598fad980685,data.engineering,2026-06-31,9019e00eb7ebc34929610d177842bbc350b1e99c554cd102e524ba6e57e69c34
MSG-202605-001480,2026-05-05 04:37:01,project.office@example.com,reporting@nus.edu.sg,Project status update,Delivered,9512b8c762cd9b9c73063998437e6a352dda56fd39dc76238982598fad980685,svc_fabric_pipeline,2026-06-31,083ccbb57edc49523dbbfd082912d3197b0ab90440187b0cd0b66840a71e5eba
MSG-202605-000928,2026-05-05 09:12:45,project.office@example.com,staff001@nus.edu.sg,Data validation results,Resolved,9512b8c762cd9b9c73063998437e6a352dda56fd39dc76238982598fad980685,svc_fabric_pipeline,2026-06-31,ba4ec921dbc18bc86281382b2773e6fb257fd507ec87ac6b53deaa9507b6b141
MSG-202605-000280,2026-05-05 19:23:42,notifications@system-example.net,staff001@nus.edu.sg,Data validation results,Delivered,05490a7dc262f4a552acce14881d14d326bb9246b2874f49a39e2b9662f64e77,automation.service,2026-06-31,0f37e2741c08fa90384d1f33a14b74bfac8170ed21ef428b795c649fd634361e
MSG-202605-000936,2026-05-06 01:30:15,reporting.service@example.net,staff003@nus.edu.sg,Metadata update completed,Resolved,9512b8c762cd9b9c73063998437e6a352dda56fd39dc76238982598fad980685,svc_fabric_pipeline,2026-06-31,f0c39a891eb41b4b59d37dc4f1f071f151ac55450c87ceb5cf0384e60aefa74d
MSG-202605-000805,2026-05-06 22:50:15,project.office@example.com,data.office@nus.edu.sg,Project status update,Failed,05490a7dc262f4a552acce14881d14d326bb9246b2874f49a39e2b9662f64e77,voyce.peh,2026-06-31,f1e2c0df09a99d62a8c86d5c703c7bc6843c8a42eddb306fdd9803d3af10eca3
MSG-202605-000261,2026-05-06 23:58:59,project.office@example.com,staff001@nus.edu.sg,Security access review,Delivered,9512b8c762cd9b9c73063998437e6a352dda56fd39dc76238982598fad980685,voyce.peh,2026-06-31,df7235362dadf0bcb73afdb07949f9bbf859446e1421e912ed9abdc9d0f10ca9
MSG-202605-000745,2026-05-07 03:54:49,notifications@system-example.net,data.office@nus.edu.sg,Data extract ready,Delivered,9512b8c762cd9b9c73063998437e6a352dda56fd39dc76238982598fad980685,voyce.peh,2026-06-31,eabb8b9772f4be4433816aaf50a7679e512e0139b31667f0e49aaa1b0455a1cb
MSG-202605-000987,2026-05-07 05:51:58,support@service-example.com,governance@nus.edu.sg,Meeting follow up,Delivered,05490a7dc262f4a552acce14881d14d326bb9246b2874f49a39e2b9662f64e77,automation.service,2026-06-31,114b42c3fe2ca912a2c548f38e4421b3cbb0542e91611a8e8e83355d8723837b
MSG-202605-000049,2026-05-07 12:34:33,reporting.service@example.net,staff002@nus.edu.sg,System maintenance notice,Delivered,9512b8c762cd9b9c73063998437e6a352dda56fd39dc76238982598fad980685,data.engineering,2026-06-31,50853db461c60e3f8adab9c2c1963682ac1c4e1dd15ce58ce4407507e3ce35a4
MSG-202605-000547,2026-05-07 14:39:25,reporting.service@example.net,staff001@nus.edu.sg,Contract review reminder,Resolved,e0d15de1e58a94820da67c31b0a3e5495269396173d686094268075fef5a801a,automation.service,2026-06-31,877d4ed8a5a293d0c4a5a3f8cd9f6bfe05b4b22aa9dd56aadb3167db001ece32
MSG-202605-000166,2026-05-07 16:53:06,support@service-example.com,platform.support@nus.edu.sg,Workspace permission request,Resolved,9512b8c762cd9b9c73063998437e6a352dda56fd39dc76238982598fad980685,data.engineering,2026-06-31,70795a2640736ec6e4d6ff940868169e00cd8444fbfb5880d5477289b50459ef
MSG-202605-000120,2026-05-07 20:15:36,ben.lim@example.org,platform.support@nus.edu.sg,System maintenance notice,Delivered,05490a7dc262f4a552acce14881d14d326bb9246b2874f49a39e2b9662f64e77,data.engineering,2026-06-31,bf43f27c39e95ae5afd380e96d580e706dcbb9b37bfe5d0f4ae9df2cd6e6a1b1
MSG-202605-000741,2026-05-08 08:47:01,notifications@system-example.net,staff001@nus.edu.sg,Access request approved,Resolved,9512b8c762cd9b9c73063998437e6a352dda56fd39dc76238982598fad980685,automation.service,2026-06-31,51a79960dd74e12f62b057d6e8fbe43eeedd5bf29f5a05d60c57b3d9505a85d0
MSG-202605-000110,2026-05-08 18:15:18,project.office@example.com,data.office@nus.edu.sg,Workspace permission request,Resolved,9512b8c762cd9b9c73063998437e6a352dda56fd39dc76238982598fad980685,data.engineering,2026-06-31,dd3704206bee730ba0e992e8c8bf3ed6f88f90b65e9e9548508b3bc393a4e23b
MSG-202605-000571,2026-05-08 21:37:05,reporting.service@example.net,platform.support@nus.edu.sg,File delivery confirmation,Failed,9512b8c762cd9b9c73063998437e6a352dda56fd39dc76238982598fad980685,voyce.peh,2026-06-31,a1c6b418fe7c243da292cab7c559dbeedecbd329e932f53ff182e0ac8f461c86
MSG-202605-000123,2026-05-09 03:40:07,reporting.service@example.net,analytics.team@nus.edu.sg,Metadata update completed,Failed,9512b8c762cd9b9c73063998437e6a352dda56fd39dc76238982598fad980685,data.engineering,2026-06-31,8ac30af3bd4f8cea124643c699ea53eb04baaccc16a8ba842e4622a7cab7603d
MSG-202605-000657,2026-05-09 07:07:12,access.management@example.com,analytics.team@nus.edu.sg,User account request,Delivered,9512b8c762cd9b9c73063998437e6a352dda56fd39dc76238982598fad980685,voyce.peh,2026-06-31,de1cdcc0c8358581d76eb4d57e18fd1824291c1958e3152f6db1c1c1c6fb27af
MSG-202605-000973,2026-05-09 16:10:55,operations@vendor-example.com,platform.support@nus.edu.sg,Data extract ready,Resolved,9512b8c762cd9b9c73063998437e6a352dda56fd39dc76238982598fad980685,svc_fabric_pipeline,2026-06-31,15004a629dce54ea9b562e34adf1385f39233699bf885683a403032d3804b850
MSG-202605-000840,2026-05-09 19:14:46,data.platform@example.org,staff003@nus.edu.sg,Monthly report submission,Delivered,05490a7dc262f4a552acce14881d14d326bb9246b2874f49a39e2b9662f64e77,automation.service,2026-06-31,27aa8a1982f04c4a034488c89acff7996dcd2baba3c19ea8e3c27597f645552b
MSG-202605-001455,2026-05-09 20:29:54,reporting.service@example.net,staff003@nus.edu.sg,Pipeline execution summary,Delivered,9512b8c762cd9b9c73063998437e6a352dda56fd39dc76238982598fad980685,voyce.peh,2026-06-31,e3f5bab6e489b3ecb7ccc3357cb428def3fca05fbad408e693aeaa327e4d7c80
MSG-202605-000415,2026-05-10 00:38:05,governance.team@example.org,platform.support@nus.edu.sg,Dashboard refresh completed,Delivered,9512b8c762cd9b9c73063998437e6a352dda56fd39dc76238982598fad980685,data.engineering,2026-06-31,ba9c0150ead966c69dd59f32a91a62151c78640323a366f0486c5ecca433e727
MSG-202605-000718,2026-05-10 05:07:16,governance.team@example.org,reporting@nus.edu.sg,Incident resolution update,Failed,9512b8c762cd9b9c73063998437e6a352dda56fd39dc76238982598fad980685,svc_fabric_pipeline,2026-06-31,644a50fd42bd11b6cc28c42b98478904fc518ba934807a06de0d22af143255bb
MSG-202605-000570,2026-05-10 18:44:14,reporting.service@example.net,data.office@nus.edu.sg,Data validation results,Delivered,9512b8c762cd9b9c73063998437e6a352dda56fd39dc76238982598fad980685,voyce.peh,2026-06-31,a16c4a280ccebf4a460628b4f2ae1972abb54c6d05e17d50623ce35585cff4c5
MSG-202605-000671,2026-05-11 05:33:21,data.platform@example.org,reporting@nus.edu.sg,Pipeline execution summary,Delivered,e0d15de1e58a94820da67c31b0a3e5495269396173d686094268075fef5a801a,voyce.peh,2026-06-31,93e93ae5d361fcce63ba51f5740be0633f65ed7b48d0a2f008e9230b8d35c258
MSG-202605-000436,2026-05-11 14:05:52,project.office@example.com,platform.support@nus.edu.sg,Incident resolution update,Delivered,9512b8c762cd9b9c73063998437e6a352dda56fd39dc76238982598fad980685,data.engineering,2026-06-31,ed07fb78819d0a120f7c4c97d72834e1d8a61c0fdc2ba1856b52828799c72fa3
MSG-202605-000710,2026-05-11 15:06:36,project.office@example.com,governance@nus.edu.sg,Access request approved,Resolved,9512b8c762cd9b9c73063998437e6a352dda56fd39dc76238982598fad980685,data.engineering,2026-06-31,d25cd6275d1a81297f2be6be9219a19e34f851f51118e9992c6e6bc76c69bdbb
MSG-202605-000702,2026-05-11 20:02:30,reporting.service@example.net,staff003@nus.edu.sg,Data validation results,Resolved,9512b8c762cd9b9c73063998437e6a352dda56fd39dc76238982598fad980685,data.engineering,2026-06-31,ac5373d885e5c35da1c725b07bbbf58aa8ec7a6b11f2c4f4030b6d0cda2f9300
MSG-202605-000609,2026-05-12 07:17:42,governance.team@example.org,staff003@nus.edu.sg,Report publication update,Resolved,9512b8c762cd9b9c73063998437e6a352dda56fd39dc76238982598fad980685,svc_fabric_pipeline,2026-06-31,9df457173c54ad077ac6800f8b186564c4ccd0c177769ea3e30b9eab8aaa611c
MSG-202605-001388,2026-05-12 08:19:09,support@service-example.com,data.office@nus.edu.sg,Metadata update completed,Delivered,9512b8c762cd9b9c73063998437e6a352dda56fd39dc76238982598fad980685,svc_fabric_pipeline,2026-06-31,75ffe067fdb32f25211cdd15e8ecc99b9638e7d2d1265a345a27c327c84064ef
MSG-202605-000665,2026-05-12 08:53:20,operations@vendor-example.com,staff002@nus.edu.sg,Incident resolution update,Resolved,9512b8c762cd9b9c73063998437e6a352dda56fd39dc76238982598fad980685,data.engineering,2026-06-31,3686802f4239a2374b2d5ae0582b1b50c532b898b2c3adc190cdda87a1214e62
MSG-202605-000119,2026-05-12 13:20:47,ben.lim@example.org,staff002@nus.edu.sg,User account request,Delivered,9512b8c762cd9b9c73063998437e6a352dda56fd39dc76238982598fad980685,voyce.peh,2026-06-31,ae5f67d23a0c7a70c244a526d3408962a9481b019f688dac09d18ff1aaaf0660
MSG-202605-000380,2026-05-12 13:36:55,operations@vendor-example.com,governance@nus.edu.sg,Report publication update,Delivered,9512b8c762cd9b9c73063998437e6a352dda56fd39dc76238982598fad980685,data.engineering,2026-06-31,30c8c4cb0602acee70655889bebb6811df94f6c770397cfa7f2e7793fc467772
MSG-202605-000489,2026-05-12 14:42:07,data.platform@example.org,staff003@nus.edu.sg,User account request,Delivered,9512b8c762cd9b9c73063998437e6a352dda56fd39dc76238982598fad980685,voyce.peh,2026-06-31,45d655f2201911558b07e89f6ffdb5bdf5d794a9ce43b9279db94acdef5f7a30
MSG-202605-000284,2026-05-13 02:43:55,notifications@system-example.net,staff002@nus.edu.sg,Report publication update,Delivered,9512b8c762cd9b9c73063998437e6a352dda56fd39dc76238982598fad980685,svc_fabric_pipeline,2026-06-31,714375b630965d410a2e1337f95fac84fd2ee47bca9dd9690c7ddc224ebdecb5
MSG-202605-001484,2026-05-13 09:27:46,project.office@example.com,platform.support@nus.edu.sg,Workspace permission request,Delivered,9512b8c762cd9b9c73063998437e6a352dda56fd39dc76238982598fad980685,automation.service,2026-06-31,266e7487da780988c759418289012f8922a5da8bf24d5b4e9d403a12281a81ba
MSG-202605-000819,2026-05-13 10:59:55,notifications@system-example.net,platform.support@nus.edu.sg,Incident resolution update,Delivered,9512b8c762cd9b9c73063998437e6a352dda56fd39dc76238982598fad980685,voyce.peh,2026-06-31,ab2ee5ebb40536e11da87b9a56c375992062c413aa7f6149bd05173c69dc84d7
MSG-202605-000069,2026-05-14 00:10:50,operations@vendor-example.com,staff002@nus.edu.sg,Service request update,Delivered,9512b8c762cd9b9c73063998437e6a352dda56fd39dc76238982598fad980685,svc_fabric_pipeline,2026-06-31,c67c7509eec63b56c8360a590f5bdf9c0a89169fd73490a92e33c00fadceda75
MSG-202605-000562,2026-05-14 01:44:34,data.platform@example.org,staff001@nus.edu.sg,Data validation results,Delivered,e0d15de1e58a94820da67c31b0a3e5495269396173d686094268075fef5a801a,svc_fabric_pipeline,2026-06-31,a332e2a858253d6301605e300387a273d5a04316475fb555fab93fd0d5eb2aed
MSG-202605-000366,2026-05-14 04:14:24,data.platform@example.org,reporting@nus.edu.sg,Data quality alert,Resolved,9512b8c762cd9b9c73063998437e6a352dda56fd39dc76238982598fad980685,data.engineering,2026-06-31,f1d2a677d01466edc5f8b246b73a94de4037124118ee93e8ddcdce79c2dade92
MSG-202605-000128,2026-05-14 10:11:37,governance.team@example.org,platform.support@nus.edu.sg,User account request,Delivered,9512b8c762cd9b9c73063998437e6a352dda56fd39dc76238982598fad980685,data.engineering,2026-06-31,140aa01a0789aca8b6e3f90c0038cde13f2163b27c4a3719802cb8b7b4f32946
MSG-202605-000954,2026-05-14 10:47:44,project.office@example.com,reporting@nus.edu.sg,Data extract ready,Delivered,9512b8c762cd9b9c73063998437e6a352dda56fd39dc76238982598fad980685,voyce.peh,2026-06-31,774c4d8f20206f96ce11dca9ff35a56f33b44e5aa910a85fb5158fa482886286
MSG-202605-000675,2026-05-14 19:16:00,reporting.service@example.net,staff002@nus.edu.sg,Monthly report submission,Resolved,9512b8c762cd9b9c73063998437e6a352dda56fd39dc76238982598fad980685,voyce.peh,2026-06-31,610fcacc01bab005c8ac1480e3c861fe76bf2c8e254502bb777c67f9e25f7ba7
MSG-202605-001143,2026-05-14 21:25:35,project.office@example.com,staff001@nus.edu.sg,Pipeline execution summary,Delivered,e0d15de1e58a94820da67c31b0a3e5495269396173d686094268075fef5a801a,voyce.peh,2026-06-31,34fa5e2efa94bf2b9577980828d88f0eabf0be7f6f56a419a53b0ed1e8e1e862
MSG-202605-001123,2026-05-14 23:44:27,operations@vendor-example.com,staff001@nus.edu.sg,Meeting follow up,Delivered,9512b8c762cd9b9c73063998437e6a352dda56fd39dc76238982598fad980685,svc_fabric_pipeline,2026-06-31,1f6c84b4177f6d3f97040fadbe528cd41923efaae66ca6f79b629fc6c359c420
MSG-202605-000768,2026-05-15 03:14:24,notifications@system-example.net,staff002@nus.edu.sg,File delivery confirmation,Delivered,9512b8c762cd9b9c73063998437e6a352dda56fd39dc76238982598fad980685,voyce.peh,2026-06-31,cfb36828e5102b58948d8e7e4af670e153e36846fcd0e5414623c07fff7369b5
MSG-202605-001478,2026-05-15 04:18:53,alice.tan@example.com,staff002@nus.edu.sg,Access request approved,Delivered,05490a7dc262f4a552acce14881d14d326bb9246b2874f49a39e2b9662f64e77,svc_fabric_pipeline,2026-06-31,d7c381564936569e576de4e91ca42510c0e18eb8ad8d56f3b1fe5d3fa5020de9
MSG-202605-000167,2026-05-15 08:24:51,access.management@example.com,staff002@nus.edu.sg,User account request,Delivered,e0d15de1e58a94820da67c31b0a3e5495269396173d686094268075fef5a801a,svc_fabric_pipeline,2026-06-31,d0a5243d062f03a75a9bdb62a11ed0d896b383cdaca83dfb5db7f111909fa22b
MSG-202605-001190,2026-05-15 11:26:27,governance.team@example.org,staff001@nus.edu.sg,Metadata update completed,Delivered,e0d15de1e58a94820da67c31b0a3e5495269396173d686094268075fef5a801a,data.engineering,2026-06-31,143c296897686ac053afd8683e7defbe6f336fffbbfe4d29f7c105746f8df2d8
MSG-202605-001115,2026-05-15 11:37:41,support@service-example.com,staff001@nus.edu.sg,User account request,Delivered,e0d15de1e58a94820da67c31b0a3e5495269396173d686094268075fef5a801a,automation.service,2026-06-31,0931a74157722c605e4dc07e52e9cad85704e3fd0e05f45046b2296b00426c3c
MSG-202605-000945,2026-05-15 18:12:28,governance.team@example.org,analytics.team@nus.edu.sg,Meeting follow up,Resolved,9512b8c762cd9b9c73063998437e6a352dda56fd39dc76238982598fad980685,automation.service,2026-06-31,e0476391d32c73e369310dd58e906f91cc16c05571a8b8c18282e009d53bf759
MSG-202605-000906,2026-05-16 06:42:13,operations@vendor-example.com,governance@nus.edu.sg,Report publication update,Delivered,e0d15de1e58a94820da67c31b0a3e5495269396173d686094268075fef5a801a,data.engineering,2026-06-31,8404090697ce24f1eeb2923d083eea74dbfcaec01655c397c34bdd326d145ee2
MSG-202605-000583,2026-05-16 20:31:03,data.platform@example.org,reporting@nus.edu.sg,Data validation results,Delivered,9512b8c762cd9b9c73063998437e6a352dda56fd39dc76238982598fad980685,automation.service,2026-06-31,80bf267be127d11b3607c72f299fbad08a03a6f958b0eee715b91d08669e28e4
MSG-202605-001235,2026-05-17 11:10:59,governance.team@example.org,staff001@nus.edu.sg,Data quality alert,Delivered,9512b8c762cd9b9c73063998437e6a352dda56fd39dc76238982598fad980685,voyce.peh,2026-06-31,15e4eed5620a0afd3d1509a57e1134bda50c794728d6c84ee81d02b131cd048f
MSG-202605-000620,2026-05-17 17:07:40,governance.team@example.org,platform.support@nus.edu.sg,Workspace permission request,Delivered,9512b8c762cd9b9c73063998437e6a352dda56fd39dc76238982598fad980685,voyce.peh,2026-06-31,8b3670076260f973faa1784d10a4ff1c0fb33aa77fb9a5df3150e933166cea60
MSG-202605-000116,2026-05-17 18:22:23,operations@vendor-example.com,governance@nus.edu.sg,Service request update,Delivered,e0d15de1e58a94820da67c31b0a3e5495269396173d686094268075fef5a801a,svc_fabric_pipeline,2026-06-31,820ee54962490227b0cb13d5a8d9dc21b117a09311fa86b0680e8fc130100c27
MSG-202605-001015,2026-05-17 18:24:28,alice.tan@example.com,governance@nus.edu.sg,Meeting follow up,Delivered,9512b8c762cd9b9c73063998437e6a352dda56fd39dc76238982598fad980685,voyce.peh,2026-06-31,4898101b8c5c7da3cd5651e746d8833de124b447d10ddbe3c40e3378ecb09603
MSG-202605-001000,2026-05-17 18:30:36,access.management@example.com,analytics.team@nus.edu.sg,System maintenance notice,Delivered,05490a7dc262f4a552acce14881d14d326bb9246b2874f49a39e2b9662f64e77,automation.service,2026-06-31,fb7c4496c864242eb5fe44e96282a6e481a7a8f6824625f91287e41a360e0571
MSG-202605-001429,2026-05-17 22:16:33,alice.tan@example.com,data.office@nus.edu.sg,Metadata update completed,Delivered,05490a7dc262f4a552acce14881d14d326bb9246b2874f49a39e2b9662f64e77,voyce.peh,2026-06-31,3c1bf1ae947c38c90bb4e87d7af27c7ac0838519cbc024efd8d3b85acebc43f4
MSG-202605-001061,2026-05-18 03:52:29,project.office@example.com,data.office@nus.edu.sg,Incident resolution update,Delivered,e0d15de1e58a94820da67c31b0a3e5495269396173d686094268075fef5a801a,svc_fabric_pipeline,2026-06-31,6d2cd0220fe9dadda32343fe0a54b4d7544764116d9bc07614fbce4ae9c8a87c
MSG-202605-001112,2026-05-18 05:54:51,ben.lim@example.org,reporting@nus.edu.sg,Data validation results,Delivered,9512b8c762cd9b9c73063998437e6a352dda56fd39dc76238982598fad980685,automation.service,2026-06-31,4557d935ab1f44cc620691ac841fd450b896458610d56dec709b7d9e8ad19e0e
MSG-202605-000159,2026-05-18 10:55:01,governance.team@example.org,staff003@nus.edu.sg,Data validation results,Resolved,9512b8c762cd9b9c73063998437e6a352dda56fd39dc76238982598fad980685,voyce.peh,2026-06-31,5627fb5d4494a2c82c7d56f670e5cae4aa50ae6326507051bcd2995d0088717c
MSG-202605-000071,2026-05-18 11:53:52,notifications@system-example.net,staff001@nus.edu.sg,Data quality alert,Delivered,9512b8c762cd9b9c73063998437e6a352dda56fd39dc76238982598fad980685,automation.service,2026-06-31,dad2def3ddf5693b1eeb1f2718e91f926d67cc064d0a3d4bf0703409c7de4b03
MSG-202605-001266,2026-05-18 13:25:55,governance.team@example.org,staff001@nus.edu.sg,File delivery confirmation,Resolved,9512b8c762cd9b9c73063998437e6a352dda56fd39dc76238982598fad980685,data.engineering,2026-06-31,a2fbdf028ec25832ce6c76b98de7cda9ab81a195c78fee600b86cd205ec71e3f
MSG-202605-000384,2026-05-18 16:04:01,operations@vendor-example.com,reporting@nus.edu.sg,Data validation results,Resolved,9512b8c762cd9b9c73063998437e6a352dda56fd39dc76238982598fad980685,automation.service,2026-06-31,20bcee1d65796c66ca0c2403d8f8ddb662324e94bd5180cc21f573c4dd9e23e1
MSG-202605-000205,2026-05-19 05:48:45,governance.team@example.org,staff001@nus.edu.sg,User account request,Delivered,e0d15de1e58a94820da67c31b0a3e5495269396173d686094268075fef5a801a,data.engineering,2026-06-31,1873fa7a6833abf9b22821a8ead324d062542adb8fd445ea97c3a59570b40dfa
MSG-202605-000932,2026-05-19 16:39:38,data.platform@example.org,data.office@nus.edu.sg,Data validation results,Delivered,9512b8c762cd9b9c73063998437e6a352dda56fd39dc76238982598fad980685,voyce.peh,2026-06-31,df745e6975307eed86f5cc6bb47a35f618b9c351b3ab63f3c4a7469d2d71381d
MSG-202605-000487,2026-05-20 14:12:49,notifications@system-example.net,analytics.team@nus.edu.sg,Data quality alert,Failed,9512b8c762cd9b9c73063998437e6a352dda56fd39dc76238982598fad980685,automation.service,2026-06-31,5501af8652e914bb29df6134648c13bb066970084524b40893618e632cae13c1
MSG-202605-000263,2026-05-20 21:00:54,operations@vendor-example.com,staff001@nus.edu.sg,Data extract ready,Delivered,e0d15de1e58a94820da67c31b0a3e5495269396173d686094268075fef5a801a,data.engineering,2026-06-31,61696d7a8b77bed6df82c7ffad3463d243158e8ceba8cdd3621df6a80025e5f4
MSG-202605-001156,2026-05-20 21:01:35,project.office@example.com,governance@nus.edu.sg,Access request approved,Failed,9512b8c762cd9b9c73063998437e6a352dda56fd39dc76238982598fad980685,data.engineering,2026-06-31,b4fc3a29edbc2b2043d1bc0f6f91810205deaa4184628cbfc8d32a64d20d4151
MSG-202605-001465,2026-05-20 21:02:19,reporting.service@example.net,reporting@nus.edu.sg,Metadata update completed,Failed,9512b8c762cd9b9c73063998437e6a352dda56fd39dc76238982598fad980685,automation.service,2026-06-31,913ba23dcfb495f998407151626679ba82b05b53b43633fccb2b70760786b26c
MSG-202605-000961,2026-05-21 17:03:34,data.platform@example.org,reporting@nus.edu.sg,Monthly report submission,Resolved,9512b8c762cd9b9c73063998437e6a352dda56fd39dc76238982598fad980685,svc_fabric_pipeline,2026-06-31,e68f5ca5174f91ea2cd901e5d26f417f04f70aebd309bd8f701a6e9b92dc6629
MSG-202605-001150,2026-05-21 21:21:58,governance.team@example.org,staff002@nus.edu.sg,User account request,Delivered,9512b8c762cd9b9c73063998437e6a352dda56fd39dc76238982598fad980685,voyce.peh,2026-06-31,fb625c3b72bc82ed11b7a04885fbb3895d2023ae137a711634dfbc800e363ac8
MSG-202605-000558,2026-05-22 04:31:37,support@service-example.com,reporting@nus.edu.sg,Report publication update,Delivered,9512b8c762cd9b9c73063998437e6a352dda56fd39dc76238982598fad980685,automation.service,2026-06-31,ec62cdaadd3e9f351b239cc6fa8ed62167657de4d8b6f71b3fd7f1a29b5bd604
MSG-202605-000774,2026-05-22 09:41:10,reporting.service@example.net,data.office@nus.edu.sg,Project status update,Resolved,9512b8c762cd9b9c73063998437e6a352dda56fd39dc76238982598fad980685,automation.service,2026-06-31,a327a7c393a25fb2f5258673198baa6c27f8a4369d5bb9b946a880b7148bd73c
MSG-202605-001306,2026-05-22 09:45:24,ben.lim@example.org,reporting@nus.edu.sg,Data validation results,Delivered,9512b8c762cd9b9c73063998437e6a352dda56fd39dc76238982598fad980685,svc_fabric_pipeline,2026-06-31,53447cccb1293d70df966adc262a8d6dae4e23a5a9a3b78452e96c34ae35df8a
MSG-202605-000885,2026-05-23 05:49:14,project.office@example.com,reporting@nus.edu.sg,Data quality alert,Failed,9512b8c762cd9b9c73063998437e6a352dda56fd39dc76238982598fad980685,svc_fabric_pipeline,2026-06-31,ef2bf598ef422fd0012f8337730fc93403b46622aece13980a1651adb596e01f
MSG-202605-001452,2026-05-23 09:03:34,reporting.service@example.net,analytics.team@nus.edu.sg,Meeting follow up,Delivered,05490a7dc262f4a552acce14881d14d326bb9246b2874f49a39e2b9662f64e77,data.engineering,2026-06-31,c0d16f158643d2cb71242d3d0d479cef282cf3b1befad81eb546985c3a84f985
MSG-202605-000980,2026-05-23 13:31:24,access.management@example.com,reporting@nus.edu.sg,User account request,Delivered,9512b8c762cd9b9c73063998437e6a352dda56fd39dc76238982598fad980685,automation.service,2026-06-31,dbdc47afb5d0d0e252a4a323c6a8bec78df42cf74af672c6f81bc40548e9fd8b
MSG-202605-000916,2026-05-23 16:45:39,reporting.service@example.net,platform.support@nus.edu.sg,Monthly report submission,Failed,e0d15de1e58a94820da67c31b0a3e5495269396173d686094268075fef5a801a,svc_fabric_pipeline,2026-06-31,2dbd2be69666827c5bec1b7620eba821dddd2bb9e8a248192740dc95687e582d
MSG-202605-000097,2026-05-23 21:58:34,access.management@example.com,staff003@nus.edu.sg,Metadata update completed,Delivered,9512b8c762cd9b9c73063998437e6a352dda56fd39dc76238982598fad980685,svc_fabric_pipeline,2026-06-31,ffa4012a92b00578d7aa8fab3aeee83b160cc761e22af27ab160d1ca5e6b5a3f
MSG-202605-000461,2026-05-24 10:05:16,project.office@example.com,governance@nus.edu.sg,Meeting follow up,Delivered,9512b8c762cd9b9c73063998437e6a352dda56fd39dc76238982598fad980685,automation.service,2026-06-31,ec88d4477bd4fdd2c53b8c908b4c88190f2bb36a98d860423f0704ee5853b8c6
MSG-202605-000534,2026-05-24 13:31:34,project.office@example.com,data.office@nus.edu.sg,Report publication update,Delivered,9512b8c762cd9b9c73063998437e6a352dda56fd39dc76238982598fad980685,automation.service,2026-06-31,3ee4dee1a8316c33c20f86f4accd86ef566e7fbfb7cf0f923a5d9b5f3d546ed7
MSG-202605-001094,2026-05-24 14:41:37,access.management@example.com,data.office@nus.edu.sg,Pipeline execution summary,Delivered,e0d15de1e58a94820da67c31b0a3e5495269396173d686094268075fef5a801a,voyce.peh,2026-06-31,94cd4b6ef6d1277a153007d1388f7d0df3e77efe0dab83a92a8b83abf9973875
MSG-202605-000434,2026-05-25 05:51:24,alice.tan@example.com,reporting@nus.edu.sg,Meeting follow up,Delivered,9512b8c762cd9b9c73063998437e6a352dda56fd39dc76238982598fad980685,automation.service,2026-06-31,c746d3e91a7dfc00e53ff84ef8a01c1dd93716096ab79bddfeb7ba6b7912a694
MSG-202605-001272,2026-05-25 08:51:17,alice.tan@example.com,staff003@nus.edu.sg,Monthly report submission,Delivered,9512b8c762cd9b9c73063998437e6a352dda56fd39dc76238982598fad980685,automation.service,2026-06-31,c24a9a8eba22850e97bdc87b5f75299516c271d4180f2ddc3a52df25d607a399
MSG-202605-000260,2026-05-25 17:09:09,data.platform@example.org,platform.support@nus.edu.sg,Incident resolution update,Resolved,e0d15de1e58a94820da67c31b0a3e5495269396173d686094268075fef5a801a,data.engineering,2026-06-31,57c3295fb0cbce63b4d8ef0d30a127652e9fd084e9f9c72aaeab36c09eb6302d
MSG-202605-000625,2026-05-26 12:26:05,reporting.service@example.net,platform.support@nus.edu.sg,Dashboard refresh completed,Resolved,9512b8c762cd9b9c73063998437e6a352dda56fd39dc76238982598fad980685,data.engineering,2026-06-31,81c089ea1abeb6b3cef2d43d943f6de3833e3fa1715ce49dc615bbf3474ae53f
MSG-202605-000082,2026-05-26 12:42:15,reporting.service@example.net,platform.support@nus.edu.sg,Incident resolution update,Delivered,9512b8c762cd9b9c73063998437e6a352dda56fd39dc76238982598fad980685,svc_fabric_pipeline,2026-06-31,3dce033d4c7e9080c488dfee1e1c508b5154332e888cbdac82ba655e8966da38
MSG-202605-000593,2026-05-26 18:05:52,alice.tan@example.com,data.office@nus.edu.sg,Security access review,Resolved,9512b8c762cd9b9c73063998437e6a352dda56fd39dc76238982598fad980685,voyce.peh,2026-06-31,096f2671ab111f152afbe5a8a3f0f65df1e13a58b36d0d87cb61da7a7cfdebc9
MSG-202605-001315,2026-05-27 15:24:02,project.office@example.com,analytics.team@nus.edu.sg,File delivery confirmation,Delivered,9512b8c762cd9b9c73063998437e6a352dda56fd39dc76238982598fad980685,automation.service,2026-06-31,4968721b7659fd748891da91502740ba24e762c5d63f77436de4277e6e6d2d0e
MSG-202605-000589,2026-05-27 16:54:08,reporting.service@example.net,analytics.team@nus.edu.sg,Dashboard refresh completed,Delivered,05490a7dc262f4a552acce14881d14d326bb9246b2874f49a39e2b9662f64e77,svc_fabric_pipeline,2026-06-31,abda064fab4744df47e9b55f729589476d753e2b309fea3e0572a0a265015e3c
MSG-202605-001217,2026-05-28 00:12:54,governance.team@example.org,platform.support@nus.edu.sg,User account request,Delivered,9512b8c762cd9b9c73063998437e6a352dda56fd39dc76238982598fad980685,data.engineering,2026-06-31,f0c8604020b53f0e113417b33f2186688478cc5af48bfc13b5c872651a146db6
MSG-202605-001046,2026-05-28 17:06:20,operations@vendor-example.com,data.office@nus.edu.sg,Dashboard refresh completed,Delivered,9512b8c762cd9b9c73063998437e6a352dda56fd39dc76238982598fad980685,voyce.peh,2026-06-31,30fb037dceac6fe464abb76ff053c32d4eabc93a72da14de871590c509960f6d
MSG-202605-000726,2026-05-29 09:00:36,notifications@system-example.net,governance@nus.edu.sg,Meeting follow up,Delivered,e0d15de1e58a94820da67c31b0a3e5495269396173d686094268075fef5a801a,data.engineering,2026-06-31,32efdb34b3b0da66a0929fe055716a5e1ed5cfcf4a6d751ee688abec563b2d20
MSG-202605-000363,2026-05-29 09:27:45,support@service-example.com,platform.support@nus.edu.sg,Monthly report submission,Delivered,9512b8c762cd9b9c73063998437e6a352dda56fd39dc76238982598fad980685,automation.service,2026-06-31,b5207430ba0ee30f0fb95e0f7de5a0614dd8c02b27d11936ca3d09415425adb1
MSG-202605-001052,2026-05-29 09:49:22,governance.team@example.org,analytics.team@nus.edu.sg,Scheduled refresh notification,Delivered,05490a7dc262f4a552acce14881d14d326bb9246b2874f49a39e2b9662f64e77,automation.service,2026-06-31,480049c08764d17c47099a3aba6c843ab6b221470a213bfb245433ff74fc3873
MSG-202605-000477,2026-05-29 11:12:13,support@service-example.com,platform.support@nus.edu.sg,Meeting follow up,Delivered,9512b8c762cd9b9c73063998437e6a352dda56fd39dc76238982598fad980685,data.engineering,2026-06-31,2ddd466207276f3206cc3a823e2410a74fb680dae749487f43f811b31ef39963
MSG-202605-000633,2026-05-29 22:37:51,support@service-example.com,staff003@nus.edu.sg,Monthly report submission,Resolved,9512b8c762cd9b9c73063998437e6a352dda56fd39dc76238982598fad980685,voyce.peh,2026-06-31,fd45ca5b42c88658846a10cc593aff67b2d7f12fb2077554a9ade55c97c4ccda
MSG-202605-000549,2026-05-30 03:56:14,reporting.service@example.net,platform.support@nus.edu.sg,Project status update,Failed,e0d15de1e58a94820da67c31b0a3e5495269396173d686094268075fef5a801a,svc_fabric_pipeline,2026-06-31,b5e3745466c6cca4294878fe890ced6953ff789dc5929c89ad63bf1a5b332f6d
MSG-202605-001068,2026-05-30 08:00:02,notifications@system-example.net,data.office@nus.edu.sg,Incident resolution update,Delivered,9512b8c762cd9b9c73063998437e6a352dda56fd39dc76238982598fad980685,automation.service,2026-06-31,99a1ddf3fdd3ce73fc40e0762b6d1a25db7567b2aec6da085f938aa21244b675
MSG-202605-001356,2026-05-30 09:45:18,alice.tan@example.com,staff001@nus.edu.sg,User account request,Delivered,9512b8c762cd9b9c73063998437e6a352dda56fd39dc76238982598fad980685,automation.service,2026-06-31,0abdf395d3631a991afd1dc8bd27556a2e4cab60ed799dc06aeff15a8c9a4bb2
MSG-202605-001461,2026-05-30 13:54:52,alice.tan@example.com,governance@nus.edu.sg,Metadata update completed,Delivered,9512b8c762cd9b9c73063998437e6a352dda56fd39dc76238982598fad980685,automation.service,2026-06-31,c91a8f784b22b302615560a0065eabdd5675022d3bff2ccbe00964228d31d3a9
MSG-202605-001199,2026-05-30 14:14:03,support@service-example.com,staff003@nus.edu.sg,Pipeline execution summary,Delivered,e0d15de1e58a94820da67c31b0a3e5495269396173d686094268075fef5a801a,voyce.peh,2026-06-31,c3bd9bd804a731f92a9f029ecc7db967f6f28b4be2823cea0ab8f6174586b19a
MSG-202605-001407,2026-05-30 22:28:58,data.platform@example.org,staff001@nus.edu.sg,Security access review,Delivered,9512b8c762cd9b9c73063998437e6a352dda56fd39dc76238982598fad980685,svc_fabric_pipeline,2026-06-31,e340af3bfe620cbdfe421bb7ac70fad160c530fb2f4bc86d863fcd7779353236
MSG-202605-000262,2026-05-31 00:59:48,notifications@system-example.net,platform.support@nus.edu.sg,Monthly report submission,Resolved,e0d15de1e58a94820da67c31b0a3e5495269396173d686094268075fef5a801a,voyce.peh,2026-06-31,ab44063330f390ebe133fd414494d5a9650fadb3cbbfbe1d5236d4e105856ed4
MSG-202605-001197,2026-05-31 03:06:03,reporting.service@example.net,platform.support@nus.edu.sg,Data quality alert,Delivered,9512b8c762cd9b9c73063998437e6a352dda56fd39dc76238982598fad980685,svc_fabric_pipeline,2026-06-31,24196093b7c98da35c3c6934012127ed3e8d8fea7e6922ed0fcd18ce2dd73acd
MSG-202605-000884,2026-05-31 11:25:47,governance.team@example.org,analytics.team@nus.edu.sg,File delivery confirmation,Resolved,9512b8c762cd9b9c73063998437e6a352dda56fd39dc76238982598fad980685,svc_fabric_pipeline,2026-06-31,19b6fde76bf8e2bf8e505f1abe960190a89c616b097b9f918edfbf36c40cbff6
MSG-202605-000913,2026-05-31 15:15:04,ben.lim@example.org,staff001@nus.edu.sg,Report publication update,Resolved,9512b8c762cd9b9c73063998437e6a352dda56fd39dc76238982598fad980685,svc_fabric_pipeline,2026-06-31,b72bcd705cc8ecf4bc9fe248b177779c4975dfd458d8eb6faae9b1237eb5dbc1
MSG-202605-001257,2026-05-31 17:26:15,ben.lim@example.org,governance@nus.edu.sg,User account request,Delivered,9512b8c762cd9b9c73063998437e6a352dda56fd39dc76238982598fad980685,svc_fabric_pipeline,2026-06-31,c549b77708bd393407f4be2cbf50b30b4cd5d693f92e75743b3ce2586d52bc68
MSG-202606-000287,2026-06-01 14:16:59,reporting.service@example.net,reporting@nus.edu.sg,File delivery confirmation,Delivered,9512b8c762cd9b9c73063998437e6a352dda56fd39dc76238982598fad980685,voyce.peh,2026-06-31,d215ffe17ea0687d9ab8b5bce53126ba7d5aa451553bdad90f35eb017234cddd
MSG-202606-001044,2026-06-02 05:09:16,notifications@system-example.net,platform.support@nus.edu.sg,Service request update,Delivered,05490a7dc262f4a552acce14881d14d326bb9246b2874f49a39e2b9662f64e77,voyce.peh,2026-06-31,8d592c03c9ad3d6b3a8373f5c51e990305aad65951357accd5ca412ff0863afe
MSG-202606-000196,2026-06-02 14:50:23,ben.lim@example.org,staff001@nus.edu.sg,Monthly report submission,Delivered,9512b8c762cd9b9c73063998437e6a352dda56fd39dc76238982598fad980685,voyce.peh,2026-06-31,b0c074e61128dac300848f7e0e1634404a7c6055cf44b4437e13aa2b520a7366
MSG-202606-000870,2026-06-02 16:43:45,alice.tan@example.com,staff003@nus.edu.sg,Data validation results,Failed,9512b8c762cd9b9c73063998437e6a352dda56fd39dc76238982598fad980685,svc_fabric_pipeline,2026-06-31,a6908865a85b9965655159200453820e2b13974e94d7daa5d125c600e82d8b2a
MSG-202606-000825,2026-06-02 19:20:23,access.management@example.com,governance@nus.edu.sg,Dashboard refresh completed,Delivered,e0d15de1e58a94820da67c31b0a3e5495269396173d686094268075fef5a801a,svc_fabric_pipeline,2026-06-31,a0278a6c38c3eb9b23114b4633af8f53ff9b23df0b932b610ab99f61fa49573a
MSG-202606-001155,2026-06-02 19:26:54,access.management@example.com,staff002@nus.edu.sg,Workspace permission request,Delivered,9512b8c762cd9b9c73063998437e6a352dda56fd39dc76238982598fad980685,data.engineering,2026-06-31,6dfd6552c86110272692ed815255c4f684338955702c63874d713a60c9a46fab
MSG-202606-000310,2026-06-02 22:06:09,alice.tan@example.com,analytics.team@nus.edu.sg,Metadata update completed,Failed,9512b8c762cd9b9c73063998437e6a352dda56fd39dc76238982598fad980685,svc_fabric_pipeline,2026-06-31,e7de34fe6858327edc6e0fac3a8dda39d1b869e0c5daf331a3f0f179e03b84df
MSG-202606-000683,2026-06-03 00:56:44,data.platform@example.org,governance@nus.edu.sg,Data validation results,Delivered,9512b8c762cd9b9c73063998437e6a352dda56fd39dc76238982598fad980685,data.engineering,2026-06-31,f4eef727232c0345c580a2cc39b9d3b4cdcaac8521680aa3f3d35863319983c0
MSG-202606-000222,2026-06-03 05:59:51,access.management@example.com,data.office@nus.edu.sg,Report publication update,Delivered,9512b8c762cd9b9c73063998437e6a352dda56fd39dc76238982598fad980685,automation.service,2026-06-31,3e0e9e26d6fea3e9960ebab0e29b767be75cb00419213a5ef7beb0e5c825ff93
MSG-202606-000354,2026-06-03 06:33:43,access.management@example.com,staff003@nus.edu.sg,Scheduled refresh notification,Delivered,9512b8c762cd9b9c73063998437e6a352dda56fd39dc76238982598fad980685,automation.service,2026-06-31,252b9e8e29799c4ea08245e9bd6f310cdc159cf1e1e672c94a4085452ad97305
MSG-202606-000563,2026-06-03 07:31:06,reporting.service@example.net,governance@nus.edu.sg,Data extract ready,Delivered,9512b8c762cd9b9c73063998437e6a352dda56fd39dc76238982598fad980685,voyce.peh,2026-06-31,a492b4511e8fac02c07291c592071eace83ae76f978baacdc2cdf110a8d66c72
MSG-202606-000353,2026-06-03 12:09:20,ben.lim@example.org,reporting@nus.edu.sg,Data validation results,Failed,9512b8c762cd9b9c73063998437e6a352dda56fd39dc76238982598fad980685,automation.service,2026-06-31,a51460c7e461382095f473a9f3e23182e6ccc183e5c1eca30c25d15c6afa25bf
MSG-202606-001244,2026-06-03 12:58:49,access.management@example.com,staff001@nus.edu.sg,Metadata update completed,Delivered,05490a7dc262f4a552acce14881d14d326bb9246b2874f49a39e2b9662f64e77,data.engineering,2026-06-31,d31e6649e2c83a7b233b2b81a2f9989f8d7d0706a72cd345b505622943dffd28
MSG-202606-000392,2026-06-03 15:48:20,operations@vendor-example.com,reporting@nus.edu.sg,Data extract ready,Delivered,9512b8c762cd9b9c73063998437e6a352dda56fd39dc76238982598fad980685,automation.service,2026-06-31,389cbb94b1173f95064bb97a4621ae111a1de4a9b02d0c80c308f361065b599e
MSG-202606-000368,2026-06-03 18:12:48,access.management@example.com,staff003@nus.edu.sg,Data validation results,Resolved,e0d15de1e58a94820da67c31b0a3e5495269396173d686094268075fef5a801a,automation.service,2026-06-31,989db3e0f965506d31efeea7df4e5dd47d99cb6714cce9f1c41111a4d07f84a6
MSG-202606-000313,2026-06-04 00:02:07,project.office@example.com,analytics.team@nus.edu.sg,Metadata update completed,Delivered,9512b8c762cd9b9c73063998437e6a352dda56fd39dc76238982598fad980685,svc_fabric_pipeline,2026-06-31,c8b97f5e5c9a5d6ba6cded1240d78ee79fb8ccac0df93e97df48ff2471bb91e0
MSG-202606-001338,2026-06-04 01:58:19,reporting.service@example.net,data.office@nus.edu.sg,File delivery confirmation,Delivered,e0d15de1e58a94820da67c31b0a3e5495269396173d686094268075fef5a801a,data.engineering,2026-06-31,f100180d102405a9fca7f8b9cf5118301d30f3302794b5ac4036ae7508c1b0ab
MSG-202606-000276,2026-06-04 06:08:18,support@service-example.com,platform.support@nus.edu.sg,Incident resolution update,Resolved,9512b8c762cd9b9c73063998437e6a352dda56fd39dc76238982598fad980685,svc_fabric_pipeline,2026-06-31,fcf6f0016a4d2fdbc0fd3908d78598e94250bb5e65a4d86cdb0e0bbe87eb1f24
MSG-202606-000006,2026-06-04 06:20:04,project.office@example.com,governance@nus.edu.sg,System maintenance notice,Delivered,9512b8c762cd9b9c73063998437e6a352dda56fd39dc76238982598fad980685,svc_fabric_pipeline,2026-06-31,4900a22df91ee2a1e01b6cec24599f7a34728604b400e9f476992fc277599958
MSG-202606-001240,2026-06-04 07:59:45,governance.team@example.org,reporting@nus.edu.sg,User account request,Delivered,e0d15de1e58a94820da67c31b0a3e5495269396173d686094268075fef5a801a,svc_fabric_pipeline,2026-06-31,a5cef3a71e596e9c5d0a634f7cd736355af5d803ffe5fe7865e3f123bf636ea2
MSG-202606-000236,2026-06-04 09:22:50,governance.team@example.org,reporting@nus.edu.sg,System maintenance notice,Delivered,9512b8c762cd9b9c73063998437e6a352dda56fd39dc76238982598fad980685,svc_fabric_pipeline,2026-06-31,989f969f98bac8a1597d7014c5bdad101fabba98bf42c997385c7f4fdf715848
MSG-202606-000748,2026-06-04 09:46:30,access.management@example.com,analytics.team@nus.edu.sg,Data validation results,Delivered,9512b8c762cd9b9c73063998437e6a352dda56fd39dc76238982598fad980685,automation.service,2026-06-31,87a736d821208fe6df3aaeed19af7e1a894f13f39a4141092aef6d66fdd36237
MSG-202606-001220,2026-06-04 21:16:50,ben.lim@example.org,staff002@nus.edu.sg,Access request approved,Resolved,9512b8c762cd9b9c73063998437e6a352dda56fd39dc76238982598fad980685,voyce.peh,2026-06-31,0a4548ff1a9dcb51605d850ca18fc35ccfc149a6b877774b24ceb1eb79f60e56
MSG-202606-001170,2026-06-05 09:06:30,reporting.service@example.net,data.office@nus.edu.sg,Access request approved,Delivered,9512b8c762cd9b9c73063998437e6a352dda56fd39dc76238982598fad980685,automation.service,2026-06-31,81a6dac2133564575e43a9b5b8067f1e116d57a9e9af8a07cf469d5994fdc47d
MSG-202606-000185,2026-06-05 16:48:56,ben.lim@example.org,analytics.team@nus.edu.sg,Access request approved,Failed,e0d15de1e58a94820da67c31b0a3e5495269396173d686094268075fef5a801a,data.engineering,2026-06-31,d3178b49f5e832bbfdfaded753e295a12224021b3baa404a9ba8e584326f8598
MSG-202606-000017,2026-06-06 03:39:36,notifications@system-example.net,platform.support@nus.edu.sg,Pipeline execution summary,Delivered,9512b8c762cd9b9c73063998437e6a352dda56fd39dc76238982598fad980685,automation.service,2026-06-31,fb7814b4f42776cb2df55960292e8b1e7b46e92cb3e10a4f92841668a1340d26
MSG-202606-000106,2026-06-06 12:52:43,ben.lim@example.org,platform.support@nus.edu.sg,Project status update,Delivered,9512b8c762cd9b9c73063998437e6a352dda56fd39dc76238982598fad980685,automation.service,2026-06-31,9d6dc0e321bbc0fbedd0c83b73b0d10887fd7cbb8f42ee75aac07b37737a10a5
MSG-202606-000361,2026-06-06 16:41:36,ben.lim@example.org,platform.support@nus.edu.sg,Monthly report submission,Delivered,05490a7dc262f4a552acce14881d14d326bb9246b2874f49a39e2b9662f64e77,svc_fabric_pipeline,2026-06-31,52d68c9e18df84f0a32ab4f61ea6d8b343b909c764a37dd56732a8a2f38622a5
MSG-202606-000554,2026-06-07 09:38:37,alice.tan@example.com,staff003@nus.edu.sg,Scheduled refresh notification,Delivered,9512b8c762cd9b9c73063998437e6a352dda56fd39dc76238982598fad980685,svc_fabric_pipeline,2026-06-31,37cd594138936ce45a6a9950fa78dbddf144297650ddd0613007dc81460865d3
MSG-202606-000615,2026-06-07 10:46:25,ben.lim@example.org,reporting@nus.edu.sg,Pipeline execution summary,Resolved,9512b8c762cd9b9c73063998437e6a352dda56fd39dc76238982598fad980685,svc_fabric_pipeline,2026-06-31,1979125fb34a90d8c46c89e9792bb3f689f2f2ca3d03a3060b294cc4e044cfd1
MSG-202606-000545,2026-06-07 16:04:12,project.office@example.com,analytics.team@nus.edu.sg,Incident resolution update,Delivered,e0d15de1e58a94820da67c31b0a3e5495269396173d686094268075fef5a801a,automation.service,2026-06-31,4e879a5175778d596f7b095f8c6a4e6cc30adb87058e72c58ca27729f04fa1a8
MSG-202606-000318,2026-06-07 18:33:14,reporting.service@example.net,staff001@nus.edu.sg,User account request,Delivered,9512b8c762cd9b9c73063998437e6a352dda56fd39dc76238982598fad980685,svc_fabric_pipeline,2026-06-31,bcae5ec4066133134f645a21d0bde8e738c23cdc4044f5730e7869155bef2258
MSG-202606-000704,2026-06-08 01:52:58,project.office@example.com,staff001@nus.edu.sg,Scheduled refresh notification,Delivered,e0d15de1e58a94820da67c31b0a3e5495269396173d686094268075fef5a801a,automation.service,2026-06-31,8b0e1f8e4e3d3f7fcf9e37c1d7cc99b385c02dd3023d49d9a5e3393bca90b6e4
MSG-202606-001083,2026-06-08 05:19:34,operations@vendor-example.com,governance@nus.edu.sg,Data validation results,Delivered,9512b8c762cd9b9c73063998437e6a352dda56fd39dc76238982598fad980685,voyce.peh,2026-06-31,0be2b1973325c1ae690ea2666195c3b4e03904e060c58aafc62e2afa03ac6b61
MSG-202606-001059,2026-06-08 07:41:26,notifications@system-example.net,data.office@nus.edu.sg,Metadata update completed,Resolved,9512b8c762cd9b9c73063998437e6a352dda56fd39dc76238982598fad980685,svc_fabric_pipeline,2026-06-31,bd0bdf0072fc26e4e0bd7b0ca12deb300930b188bf6887b4dee3f87d95dfae98
MSG-202606-000212,2026-06-08 08:08:54,operations@vendor-example.com,platform.support@nus.edu.sg,Metadata update completed,Failed,e0d15de1e58a94820da67c31b0a3e5495269396173d686094268075fef5a801a,svc_fabric_pipeline,2026-06-31,76b8cc19badc47320ee25ec22bc7d6b9617a3b6add13db4a2f527af8091068f0
MSG-202606-000052,2026-06-08 10:51:30,alice.tan@example.com,staff001@nus.edu.sg,Security access review,Delivered,9512b8c762cd9b9c73063998437e6a352dda56fd39dc76238982598fad980685,automation.service,2026-06-31,5545c59491a4e6b3179a20d054ef3b5eb96e784937d9755204a5e67c72dba7b3
MSG-202606-000930,2026-06-08 15:47:00,governance.team@example.org,staff001@nus.edu.sg,Dashboard refresh completed,Delivered,9512b8c762cd9b9c73063998437e6a352dda56fd39dc76238982598fad980685,automation.service,2026-06-31,b87640d2b820c5c797f8aa9eb2916c8b62b8a88d1357cb0424ca6451bbe8dc11
MSG-202606-000273,2026-06-08 19:43:31,access.management@example.com,platform.support@nus.edu.sg,File delivery confirmation,Failed,9512b8c762cd9b9c73063998437e6a352dda56fd39dc76238982598fad980685,svc_fabric_pipeline,2026-06-31,7cac037b57f62f9e67ebb2863c36638d1232709fc790fbfc3931e677deff10f1
MSG-202606-000411,2026-06-08 20:33:59,access.management@example.com,staff001@nus.edu.sg,Contract review reminder,Resolved,9512b8c762cd9b9c73063998437e6a352dda56fd39dc76238982598fad980685,automation.service,2026-06-31,749ad1be50ccb9c1d11db6b49c6a51793385fe9dd2c269fc7a0356ef4ca0b051
MSG-202606-001175,2026-06-09 03:02:55,alice.tan@example.com,staff002@nus.edu.sg,Report publication update,Delivered,9512b8c762cd9b9c73063998437e6a352dda56fd39dc76238982598fad980685,voyce.peh,2026-06-31,a53ca16387523bbd67230ea12b800f7d4fb5f5b08fbc807ec7b3b299a3f1eb42
MSG-202606-000250,2026-06-09 10:03:27,support@service-example.com,data.office@nus.edu.sg,Scheduled refresh notification,Resolved,e0d15de1e58a94820da67c31b0a3e5495269396173d686094268075fef5a801a,automation.service,2026-06-31,2cf757297d0887c8d5e7665eb3a4962e1c12c235fec7ff9cc557c0077f9cf768
MSG-202606-000773,2026-06-09 14:27:32,alice.tan@example.com,data.office@nus.edu.sg,Dashboard refresh completed,Resolved,e0d15de1e58a94820da67c31b0a3e5495269396173d686094268075fef5a801a,automation.service,2026-06-31,e850186e16cdb8818ccc0cced552d4ade274c574c65fe20b977d7ffaaefd4b4d
MSG-202606-000034,2026-06-10 00:28:59,alice.tan@example.com,analytics.team@nus.edu.sg,Pipeline execution summary,Delivered,9512b8c762cd9b9c73063998437e6a352dda56fd39dc76238982598fad980685,data.engineering,2026-06-31,0f714eb7ec1cbf3dfbe6ada2ce0e54c9e5b5a41fb4737357a2e3347c54396850
MSG-202606-000730,2026-06-10 04:37:47,alice.tan@example.com,reporting@nus.edu.sg,System maintenance notice,Delivered,9512b8c762cd9b9c73063998437e6a352dda56fd39dc76238982598fad980685,voyce.peh,2026-06-31,c4591cf5f823cc3beadaebbde4e4348e01ec5ffb162c8e943a31991466acd23f
MSG-202606-000277,2026-06-10 05:35:13,reporting.service@example.net,staff003@nus.edu.sg,Monthly report submission,Resolved,05490a7dc262f4a552acce14881d14d326bb9246b2874f49a39e2b9662f64e77,automation.service,2026-06-31,b5656a5b4551833274ead730c42e9342e2d584553dccb9f84ce6fd356ac5ee34
MSG-202606-001450,2026-06-10 09:22:26,support@service-example.com,staff003@nus.edu.sg,Data extract ready,Delivered,9512b8c762cd9b9c73063998437e6a352dda56fd39dc76238982598fad980685,data.engineering,2026-06-31,d05f487528c8c81007b475c74fd4efa5cffe87df99ddef72886f1ff1566849ac
MSG-202606-000197,2026-06-10 14:09:16,support@service-example.com,platform.support@nus.edu.sg,Metadata update completed,Delivered,9512b8c762cd9b9c73063998437e6a352dda56fd39dc76238982598fad980685,voyce.peh,2026-06-31,cc8d86a3f797bfdca38c80a24de34a929ac99a82c05127b38ab3a6e518bee6d4
MSG-202606-001447,2026-06-10 20:05:31,project.office@example.com,staff003@nus.edu.sg,User account request,Delivered,9512b8c762cd9b9c73063998437e6a352dda56fd39dc76238982598fad980685,automation.service,2026-06-31,9dbcf84b518fb586d7a5db04937384aaa8e01330a367e2cd77e3372e116656e6
MSG-202606-001262,2026-06-10 21:18:57,reporting.service@example.net,staff003@nus.edu.sg,Workspace permission request,Delivered,9512b8c762cd9b9c73063998437e6a352dda56fd39dc76238982598fad980685,data.engineering,2026-06-31,53156a07390f59e9e86bbf1babb5d12bafca3f50d5abe7d6dcb17048d7856b99
MSG-202606-001464,2026-06-11 03:11:47,governance.team@example.org,staff002@nus.edu.sg,File delivery confirmation,Delivered,9512b8c762cd9b9c73063998437e6a352dda56fd39dc76238982598fad980685,svc_fabric_pipeline,2026-06-31,b7a53f43ad76e46307a8e173b87641cbf554a56153e191a87308c19f1e2ce4c7
MSG-202606-001357,2026-06-11 06:40:02,support@service-example.com,staff003@nus.edu.sg,User account request,Delivered,9512b8c762cd9b9c73063998437e6a352dda56fd39dc76238982598fad980685,data.engineering,2026-06-31,c7b5192cd048ef0a50725d1727acbfec346ef96d113c396e3ab1d30572db9f0b
MSG-202606-001389,2026-06-11 09:44:25,project.office@example.com,governance@nus.edu.sg,Incident resolution update,Delivered,9512b8c762cd9b9c73063998437e6a352dda56fd39dc76238982598fad980685,automation.service,2026-06-31,dacf5df3cdd035b8b28c64ff3182b642c9dd69dddfa32f60a892eddce82dac7d
MSG-202606-000933,2026-06-11 18:49:43,ben.lim@example.org,platform.support@nus.edu.sg,Access request approved,Delivered,9512b8c762cd9b9c73063998437e6a352dda56fd39dc76238982598fad980685,data.engineering,2026-06-31,82011cff5730efc8a53bce9145b96f6f17ff81a7db2dc79473e6c5133403a34a
MSG-202606-000431,2026-06-11 19:58:50,alice.tan@example.com,staff003@nus.edu.sg,Workspace permission request,Failed,05490a7dc262f4a552acce14881d14d326bb9246b2874f49a39e2b9662f64e77,data.engineering,2026-06-31,fd31391a23b1bcaba90c9c69c260c7d36e1b5a418c014b5361080d0544bdf454
MSG-202606-000125,2026-06-11 23:05:08,governance.team@example.org,staff003@nus.edu.sg,Data validation results,Resolved,05490a7dc262f4a552acce14881d14d326bb9246b2874f49a39e2b9662f64e77,automation.service,2026-06-31,f739a688dfdae8706b512ed2775a2447379b4ad435e779701816e46c9894375c
MSG-202606-000408,2026-06-11 23:54:29,alice.tan@example.com,governance@nus.edu.sg,Pipeline execution summary,Delivered,05490a7dc262f4a552acce14881d14d326bb9246b2874f49a39e2b9662f64e77,data.engineering,2026-06-31,56c67ec3f358893bb7109aedfd6672d87f2323cde15137f4b220db1ca3897f02
MSG-202606-000458,2026-06-12 04:03:38,notifications@system-example.net,staff003@nus.edu.sg,User account request,Delivered,9512b8c762cd9b9c73063998437e6a352dda56fd39dc76238982598fad980685,data.engineering,2026-06-31,edbbc475b1e6eb3c08b6215bca6082a5e22e5e48de35dbc71af62139c62bd4f1
MSG-202606-000322,2026-06-12 16:38:49,notifications@system-example.net,staff002@nus.edu.sg,Access request approved,Delivered,9512b8c762cd9b9c73063998437e6a352dda56fd39dc76238982598fad980685,voyce.peh,2026-06-31,ee4193a72595c9a2f578f44f3bcd904a15354d28cc8bbb53f7c83da592c5a1a4
MSG-202606-000253,2026-06-12 17:55:35,access.management@example.com,data.office@nus.edu.sg,System maintenance notice,Delivered,9512b8c762cd9b9c73063998437e6a352dda56fd39dc76238982598fad980685,data.engineering,2026-06-31,e8741898ab6ae0d7488e3d74d53d9890650d0bcf0b44e309f13757374b916422
MSG-202606-000781,2026-06-12 19:43:08,ben.lim@example.org,governance@nus.edu.sg,User account request,Delivered,9512b8c762cd9b9c73063998437e6a352dda56fd39dc76238982598fad980685,voyce.peh,2026-06-31,03a2bc3fb21c1733d5ee45963ec5c2fd15cb4fc912219d90061794c6e839734a
MSG-202606-000581,2026-06-13 00:47:39,project.office@example.com,staff002@nus.edu.sg,Service request update,Resolved,05490a7dc262f4a552acce14881d14d326bb9246b2874f49a39e2b9662f64e77,svc_fabric_pipeline,2026-06-31,a8e58b7d64ec21816be66160cf8f4cbf3bcf7bb383d587c3c21c60494c02720a
MSG-202606-000448,2026-06-13 11:23:59,operations@vendor-example.com,staff002@nus.edu.sg,Access request approved,Delivered,9512b8c762cd9b9c73063998437e6a352dda56fd39dc76238982598fad980685,svc_fabric_pipeline,2026-06-31,b8621ed45a61e2cc4169703baff16e2d6d4aee85018e67ead3bb92478d49ae47
MSG-202606-001290,2026-06-13 16:31:32,alice.tan@example.com,analytics.team@nus.edu.sg,Scheduled refresh notification,Failed,9512b8c762cd9b9c73063998437e6a352dda56fd39dc76238982598fad980685,svc_fabric_pipeline,2026-06-31,49898a3681f80a3f714bec73aa02e21a173a4702e43cf5fd6e5de4845b1497d9
MSG-202606-000907,2026-06-13 16:52:46,operations@vendor-example.com,analytics.team@nus.edu.sg,Contract review reminder,Delivered,9512b8c762cd9b9c73063998437e6a352dda56fd39dc76238982598fad980685,voyce.peh,2026-06-31,b7c8582d6d0bd8222c1aa5e585251f0bade1528b653bd95d3128f71a80978084
MSG-202606-000573,2026-06-13 21:52:56,data.platform@example.org,analytics.team@nus.edu.sg,Monthly report submission,Failed,9512b8c762cd9b9c73063998437e6a352dda56fd39dc76238982598fad980685,svc_fabric_pipeline,2026-06-31,37929eea3498ca52bb3019a603385e77bb49e1cb6d7ed6d146a0389d599802fe
MSG-202606-000010,2026-06-13 23:21:08,governance.team@example.org,platform.support@nus.edu.sg,Data validation results,Delivered,05490a7dc262f4a552acce14881d14d326bb9246b2874f49a39e2b9662f64e77,voyce.peh,2026-06-31,e36346b890c9e94bbcefd8f6361417b5d50043d7c44d716116b2fb9bbc8e1087
MSG-202606-001149,2026-06-14 00:46:37,notifications@system-example.net,analytics.team@nus.edu.sg,Pipeline execution summary,Delivered,e0d15de1e58a94820da67c31b0a3e5495269396173d686094268075fef5a801a,data.engineering,2026-06-31,8e60e732b27657807a642454cc3343c69f3ec3399b669e84259d802ae73a6443
MSG-202606-000798,2026-06-14 22:55:07,support@service-example.com,staff003@nus.edu.sg,Service request update,Resolved,9512b8c762cd9b9c73063998437e6a352dda56fd39dc76238982598fad980685,automation.service,2026-06-31,3ad781f9c53155694b1368d5d3f656cdc739599ab5a2c169056fe134f12fd14e
MSG-202606-001161,2026-06-15 01:53:49,notifications@system-example.net,staff001@nus.edu.sg,Data validation results,Delivered,9512b8c762cd9b9c73063998437e6a352dda56fd39dc76238982598fad980685,voyce.peh,2026-06-31,95156ad810e0afc62ba30e0284972f98407aa2a3b5ffb34a45515361270b69a8
MSG-202606-000011,2026-06-15 05:25:08,governance.team@example.org,platform.support@nus.edu.sg,Pipeline execution summary,Delivered,9512b8c762cd9b9c73063998437e6a352dda56fd39dc76238982598fad980685,svc_fabric_pipeline,2026-06-31,ae42f2415e96329db64f4bc59410ed2c535bed072fa46a31011b7e85bd3de81c
MSG-202606-001486,2026-06-15 06:52:57,alice.tan@example.com,data.office@nus.edu.sg,Incident resolution update,Delivered,9512b8c762cd9b9c73063998437e6a352dda56fd39dc76238982598fad980685,svc_fabric_pipeline,2026-06-31,7eab97a319dc861f20647ed3109c055576366e8af24274bd8136b716456d2000
MSG-202606-000891,2026-06-15 07:11:50,data.platform@example.org,data.office@nus.edu.sg,Service request update,Delivered,9512b8c762cd9b9c73063998437e6a352dda56fd39dc76238982598fad980685,svc_fabric_pipeline,2026-06-31,71c06f7f41b8163641923a78941c8d6fea298dc5e961cd8b33e3416943d82d4c
MSG-202606-001471,2026-06-15 08:31:28,alice.tan@example.com,governance@nus.edu.sg,Scheduled refresh notification,Failed,9512b8c762cd9b9c73063998437e6a352dda56fd39dc76238982598fad980685,svc_fabric_pipeline,2026-06-31,3e3b1b19aa580b905ad7544ceca33a6ab4aab0cf317f55492b3110a3758def2e
MSG-202606-001489,2026-06-15 08:37:50,project.office@example.com,platform.support@nus.edu.sg,Report publication update,Delivered,05490a7dc262f4a552acce14881d14d326bb9246b2874f49a39e2b9662f64e77,svc_fabric_pipeline,2026-06-31,aa9a29567a54d40f784726b20091fb7231a07ee866df1e2252d70a230a8a36dd
MSG-202606-001330,2026-06-15 16:00:19,reporting.service@example.net,platform.support@nus.edu.sg,Meeting follow up,Delivered,9512b8c762cd9b9c73063998437e6a352dda56fd39dc76238982598fad980685,automation.service,2026-06-31,97ecd83c92ced37775d9257d2aeff607755d76566282887870b512cab2c56129
MSG-202606-000251,2026-06-15 19:13:17,governance.team@example.org,data.office@nus.edu.sg,Project status update,Resolved,05490a7dc262f4a552acce14881d14d326bb9246b2874f49a39e2b9662f64e77,voyce.peh,2026-06-31,023459d65332b822033eaba8d3684a2c5ad6a4a3d5af12e6ddf33db4877fb986
MSG-202606-000681,2026-06-15 22:36:07,notifications@system-example.net,staff001@nus.edu.sg,Report publication update,Delivered,e0d15de1e58a94820da67c31b0a3e5495269396173d686094268075fef5a801a,voyce.peh,2026-06-31,1b765d7d051458676742b165f7a7e3e7f9ab366aac0e700d2ac45f6728b350b1
MSG-202606-001122,2026-06-16 04:22:26,data.platform@example.org,governance@nus.edu.sg,Monthly report submission,Delivered,9512b8c762cd9b9c73063998437e6a352dda56fd39dc76238982598fad980685,data.engineering,2026-06-31,d187de9358528c520d7f0464705ea286da2387a559268ade16fb9c87932112e4
MSG-202606-000246,2026-06-16 06:38:40,notifications@system-example.net,analytics.team@nus.edu.sg,Data quality alert,Delivered,9512b8c762cd9b9c73063998437e6a352dda56fd39dc76238982598fad980685,automation.service,2026-06-31,942631035afee0204e4b86ff32e4ec0fd473daf4bcc6da2dbc2fc4856d0087f6
MSG-202606-000824,2026-06-16 11:43:58,ben.lim@example.org,governance@nus.edu.sg,User account request,Delivered,e0d15de1e58a94820da67c31b0a3e5495269396173d686094268075fef5a801a,data.engineering,2026-06-31,b3f5f9cf394fbcb29e3c1ae748ee424dc81b8c95b112700f328eb7bc50a4644d
MSG-202606-001183,2026-06-16 14:01:30,operations@vendor-example.com,staff003@nus.edu.sg,Project status update,Delivered,9512b8c762cd9b9c73063998437e6a352dda56fd39dc76238982598fad980685,voyce.peh,2026-06-31,bc2e967d7a3242797873361a53252268db925e67057c4925671da9e93bf9e102
MSG-202606-001045,2026-06-16 14:09:59,ben.lim@example.org,data.office@nus.edu.sg,Monthly report submission,Delivered,05490a7dc262f4a552acce14881d14d326bb9246b2874f49a39e2b9662f64e77,voyce.peh,2026-06-31,2f1600b4830d7c1de51e27aebeaf824a1ac6b5e8ff1ecb72e064e1a778c2f957
MSG-202606-000590,2026-06-16 17:02:48,governance.team@example.org,staff002@nus.edu.sg,Incident resolution update,Delivered,9512b8c762cd9b9c73063998437e6a352dda56fd39dc76238982598fad980685,voyce.peh,2026-06-31,5e40b2fff86360cf53872e772bcbd76528e73025e7c758620e314ac4d6fc131d
MSG-202606-000990,2026-06-16 17:11:31,access.management@example.com,staff003@nus.edu.sg,Access request approved,Delivered,9512b8c762cd9b9c73063998437e6a352dda56fd39dc76238982598fad980685,voyce.peh,2026-06-31,c670a32e771c5d079400f623aae9904ae18aca4cabc9843ae2fc8d49e70997cc
MSG-202606-000762,2026-06-16 18:10:10,operations@vendor-example.com,analytics.team@nus.edu.sg,Access request approved,Delivered,9512b8c762cd9b9c73063998437e6a352dda56fd39dc76238982598fad980685,data.engineering,2026-06-31,3d14ad84b0b9e00bb80cbd8469c66ee28877ffc518af9339c52493722e8d2fab
MSG-202606-000015,2026-06-16 18:23:12,reporting.service@example.net,analytics.team@nus.edu.sg,Data validation results,Delivered,e0d15de1e58a94820da67c31b0a3e5495269396173d686094268075fef5a801a,data.engineering,2026-06-31,f9e42df224adebfdcbe00fed86a1929e558d31c4f3f075cc4e66bff83da4617a
MSG-202606-000737,2026-06-17 02:41:43,project.office@example.com,staff003@nus.edu.sg,Pipeline execution summary,Delivered,e0d15de1e58a94820da67c31b0a3e5495269396173d686094268075fef5a801a,voyce.peh,2026-06-31,1bc4c10c162d1543ae1edb5097e08d901291ae6fd8f2034b726271bc0589bf92
MSG-202606-000413,2026-06-17 06:53:26,alice.tan@example.com,staff001@nus.edu.sg,Incident resolution update,Delivered,9512b8c762cd9b9c73063998437e6a352dda56fd39dc76238982598fad980685,data.engineering,2026-06-31,c226feaf9efd1e2c8a8a01fa458edd520cc6169b61385d1dbc13928e49745869
MSG-202606-001230,2026-06-17 09:43:10,operations@vendor-example.com,data.office@nus.edu.sg,Data quality alert,Failed,05490a7dc262f4a552acce14881d14d326bb9246b2874f49a39e2b9662f64e77,data.engineering,2026-06-31,865bac6e3a3a215ba629b68bc11baba7aab95cea20a6c4127b1076458c7ea867
MSG-202606-000265,2026-06-17 16:15:09,notifications@system-example.net,data.office@nus.edu.sg,Monthly report submission,Delivered,9512b8c762cd9b9c73063998437e6a352dda56fd39dc76238982598fad980685,automation.service,2026-06-31,f597201c7c1bacb250a57805ba920d919f49633afa5e4ecea9dcf6e4a38c2a42
MSG-202606-001038,2026-06-17 18:23:45,operations@vendor-example.com,reporting@nus.edu.sg,Meeting follow up,Delivered,9512b8c762cd9b9c73063998437e6a352dda56fd39dc76238982598fad980685,data.engineering,2026-06-31,2b8213c25265b7ac4fbdc0fb97a542807f70aaa92cd786719ce32f398e778c88
MSG-202606-000105,2026-06-18 00:05:33,project.office@example.com,reporting@nus.edu.sg,Contract review reminder,Delivered,9512b8c762cd9b9c73063998437e6a352dda56fd39dc76238982598fad980685,automation.service,2026-06-31,323215f340ab0149bb534752720fb48aaa71907c9eee5c07475059cf443b2c6c
MSG-202606-000018,2026-06-18 04:28:31,notifications@system-example.net,staff001@nus.edu.sg,Access request approved,Delivered,e0d15de1e58a94820da67c31b0a3e5495269396173d686094268075fef5a801a,automation.service,2026-06-31,974fb8d21559e56678fe18535b9066d7085e256b2a00da22de68a1fbd4a40a04
MSG-202606-001393,2026-06-18 23:59:19,operations@vendor-example.com,staff002@nus.edu.sg,Meeting follow up,Failed,e0d15de1e58a94820da67c31b0a3e5495269396173d686094268075fef5a801a,voyce.peh,2026-06-31,c6128224ed24a230461c6a6e7d0b0028100fcb0f93e5779d728cb15461f981eb
MSG-202606-001064,2026-06-19 12:36:39,data.platform@example.org,platform.support@nus.edu.sg,Security access review,Resolved,9512b8c762cd9b9c73063998437e6a352dda56fd39dc76238982598fad980685,voyce.peh,2026-06-31,c03d193becaf3c7e59c820f6187b7c347f21c599a84d0fc249736f1e15fde82d
MSG-202606-001373,2026-06-19 19:28:33,access.management@example.com,staff001@nus.edu.sg,Project status update,Delivered,9512b8c762cd9b9c73063998437e6a352dda56fd39dc76238982598fad980685,data.engineering,2026-06-31,e5b4a326d1279a9b34e66750043a34c75c5c0c7185000bb937442d3cdd42aa86
MSG-202606-001010,2026-06-20 02:43:07,reporting.service@example.net,reporting@nus.edu.sg,Service request update,Delivered,9512b8c762cd9b9c73063998437e6a352dda56fd39dc76238982598fad980685,voyce.peh,2026-06-31,735cc483ab6b46c5c80ccff1ad061149a5445ee083de75897ac892534d6c9628
MSG-202606-000584,2026-06-20 18:24:14,reporting.service@example.net,staff003@nus.edu.sg,Data quality alert,Delivered,e0d15de1e58a94820da67c31b0a3e5495269396173d686094268075fef5a801a,data.engineering,2026-06-31,ab51b7abab3bea4b493c29456b3ac9c671cd8156a97406a5d3fc8c7c6260d892
MSG-202606-001496,2026-06-20 21:53:23,support@service-example.com,platform.support@nus.edu.sg,Dashboard refresh completed,Delivered,9512b8c762cd9b9c73063998437e6a352dda56fd39dc76238982598fad980685,data.engineering,2026-06-31,12cbe54b4281a39dcaafa21544822a1e0143a855351acb7509a66b61bc3f6f8d
MSG-202606-000272,2026-06-21 04:37:52,access.management@example.com,staff001@nus.edu.sg,Data extract ready,Failed,9512b8c762cd9b9c73063998437e6a352dda56fd39dc76238982598fad980685,svc_fabric_pipeline,2026-06-31,d5967a862f73960a4a1f43bdbf93d97cbdfe089b6792076f364a1d029447e8d4
MSG-202606-000960,2026-06-21 11:43:28,access.management@example.com,platform.support@nus.edu.sg,Data extract ready,Delivered,9512b8c762cd9b9c73063998437e6a352dda56fd39dc76238982598fad980685,voyce.peh,2026-06-31,952ac54b693acad75dcab610a7dee6dbc9ce51819e85137f3caf281a8445f8d1
MSG-202606-001084,2026-06-21 12:30:05,notifications@system-example.net,governance@nus.edu.sg,Security access review,Delivered,9512b8c762cd9b9c73063998437e6a352dda56fd39dc76238982598fad980685,svc_fabric_pipeline,2026-06-31,f2b4c32c41554f85d24e59c59eb18cfd7eda12a086e132bba2926fb85915c3d8
MSG-202606-000109,2026-06-21 12:40:45,alice.tan@example.com,governance@nus.edu.sg,User account request,Resolved,9512b8c762cd9b9c73063998437e6a352dda56fd39dc76238982598fad980685,automation.service,2026-06-31,53be3eac543afc9a9d8d86c931d110c350b535ff9675e221670862a020e8c904
MSG-202606-000255,2026-06-21 13:36:01,access.management@example.com,data.office@nus.edu.sg,User account request,Delivered,9512b8c762cd9b9c73063998437e6a352dda56fd39dc76238982598fad980685,voyce.peh,2026-06-31,3a98e61e1078b507516dbe769659b6cb610c091e3146d1b739a314f9f3e7d89c
MSG-202606-000244,2026-06-21 13:48:14,reporting.service@example.net,platform.support@nus.edu.sg,Security access review,Delivered,9512b8c762cd9b9c73063998437e6a352dda56fd39dc76238982598fad980685,data.engineering,2026-06-31,db34195db75be912231ccda52976933db9b4bc9f633f9e7f9d34b36fc9c1f7a2
MSG-202606-000887,2026-06-21 15:31:23,governance.team@example.org,staff003@nus.edu.sg,Data quality alert,Delivered,9512b8c762cd9b9c73063998437e6a352dda56fd39dc76238982598fad980685,voyce.peh,2026-06-31,4486b8df3a7be01e6176d82e2765bb601c559f9f37a100bcab7250d985d33263
MSG-202606-000587,2026-06-21 22:49:11,ben.lim@example.org,governance@nus.edu.sg,Workspace permission request,Delivered,9512b8c762cd9b9c73063998437e6a352dda56fd39dc76238982598fad980685,data.engineering,2026-06-31,405abea0cfe72f94f5829939ee37ee2e4b97566050c991194346dd939ccd7c0c
MSG-202606-001313,2026-06-21 23:28:15,project.office@example.com,reporting@nus.edu.sg,Security access review,Failed,05490a7dc262f4a552acce14881d14d326bb9246b2874f49a39e2b9662f64e77,svc_fabric_pipeline,2026-06-31,dd8b5ec44d133db4a81c5f6a368a1111000009160bfb839e6f67f10077945c1f
MSG-202606-001375,2026-06-22 02:16:42,access.management@example.com,data.office@nus.edu.sg,Report publication update,Resolved,9512b8c762cd9b9c73063998437e6a352dda56fd39dc76238982598fad980685,automation.service,2026-06-31,57b525c62930b3dfb5efd833cf3d62c8781b1e4f2faca525346a0f862e59c76f
MSG-202606-001242,2026-06-22 04:12:00,ben.lim@example.org,reporting@nus.edu.sg,Data extract ready,Failed,9512b8c762cd9b9c73063998437e6a352dda56fd39dc76238982598fad980685,data.engineering,2026-06-31,107c279d66b27873dc33f422e88929c4f04d230e29f7c3df850f672c32e88901
MSG-202606-000631,2026-06-22 05:37:59,operations@vendor-example.com,staff001@nus.edu.sg,Dashboard refresh completed,Delivered,9512b8c762cd9b9c73063998437e6a352dda56fd39dc76238982598fad980685,voyce.peh,2026-06-31,5a6dab4ae8dd5c821f2c67adf690a9b62bf0580905291483127a23a607a4232b
MSG-202606-001189,2026-06-22 11:06:32,support@service-example.com,staff002@nus.edu.sg,Monthly report submission,Failed,9512b8c762cd9b9c73063998437e6a352dda56fd39dc76238982598fad980685,data.engineering,2026-06-31,d7a72b41c49246f3e376cdc374735cabd3d2f06ebe415c2ec8a6fecd2fdb0aab
MSG-202606-001019,2026-06-22 12:18:13,reporting.service@example.net,staff003@nus.edu.sg,Report publication update,Delivered,e0d15de1e58a94820da67c31b0a3e5495269396173d686094268075fef5a801a,voyce.peh,2026-06-31,eabd79357fdfa78daa7aacd58c99fdcb906a5a09649d66ce896cfd1a425aaff9
MSG-202606-001157,2026-06-22 14:56:03,notifications@system-example.net,staff002@nus.edu.sg,Data extract ready,Delivered,9512b8c762cd9b9c73063998437e6a352dda56fd39dc76238982598fad980685,voyce.peh,2026-06-31,6fa8b65c2626312e440d8102664316cf3c5614fe305c8d1e7d98f2091a7ac19a
MSG-202606-001250,2026-06-22 21:06:26,support@service-example.com,platform.support@nus.edu.sg,File delivery confirmation,Delivered,9512b8c762cd9b9c73063998437e6a352dda56fd39dc76238982598fad980685,data.engineering,2026-06-31,de523315e48b7832aca3393560d3a6219f649469f968d655a34e2fc9292bfa59
MSG-202606-000595,2026-06-23 07:21:40,access.management@example.com,data.office@nus.edu.sg,Report publication update,Delivered,9512b8c762cd9b9c73063998437e6a352dda56fd39dc76238982598fad980685,voyce.peh,2026-06-31,4fede731e54cd4a7f79cc108729a23e66310e8479647d4cbe23d8539474ff6d8
MSG-202606-001301,2026-06-23 10:31:27,operations@vendor-example.com,staff001@nus.edu.sg,Data quality alert,Delivered,9512b8c762cd9b9c73063998437e6a352dda56fd39dc76238982598fad980685,voyce.peh,2026-06-31,7e7695e876d8520adfd48e80c0fc8755b13967a0b031d0315ae65da54c0a6eff
MSG-202606-001294,2026-06-23 17:15:01,project.office@example.com,staff003@nus.edu.sg,User account request,Delivered,e0d15de1e58a94820da67c31b0a3e5495269396173d686094268075fef5a801a,automation.service,2026-06-31,d87941265e2470a8f57b66bbf1d35d17cde444b2348c177f5cc5eb3fce21cc41
MSG-202606-001479,2026-06-24 10:35:53,access.management@example.com,data.office@nus.edu.sg,Metadata update completed,Delivered,9512b8c762cd9b9c73063998437e6a352dda56fd39dc76238982598fad980685,data.engineering,2026-06-31,4617f84a2b5f44f1dc54718ed5daa1a624cf148d7f0a5db0158a51d382ba7f16
MSG-202606-000005,2026-06-24 15:05:12,reporting.service@example.net,reporting@nus.edu.sg,File delivery confirmation,Delivered,e0d15de1e58a94820da67c31b0a3e5495269396173d686094268075fef5a801a,data.engineering,2026-06-31,61307e9774c3ffb10fe4406e747b304fa4eb6b952f82e105a8b3e5f00bea9e85
MSG-202606-000647,2026-06-24 22:23:33,governance.team@example.org,governance@nus.edu.sg,Data validation results,Resolved,9512b8c762cd9b9c73063998437e6a352dda56fd39dc76238982598fad980685,automation.service,2026-06-31,71dd0a04518574b01b52c3febefa4b0c73f946fa87bc5ae16bd55605db32c8fb
MSG-202606-000470,2026-06-25 04:47:53,ben.lim@example.org,governance@nus.edu.sg,Incident resolution update,Delivered,e0d15de1e58a94820da67c31b0a3e5495269396173d686094268075fef5a801a,automation.service,2026-06-31,875d28e0d6fd44c923d64f713c3ec57d5a57716f385ffbf12c238e7ad1b2255b
MSG-202606-001412,2026-06-25 08:25:11,alice.tan@example.com,staff002@nus.edu.sg,Data extract ready,Failed,9512b8c762cd9b9c73063998437e6a352dda56fd39dc76238982598fad980685,voyce.peh,2026-06-31,f2454f6c81188d765d1cef0a70a422516c60a9ff8b0347e0c00f7c0b205138b0
MSG-202606-000608,2026-06-25 12:44:32,access.management@example.com,platform.support@nus.edu.sg,Data extract ready,Delivered,9512b8c762cd9b9c73063998437e6a352dda56fd39dc76238982598fad980685,svc_fabric_pipeline,2026-06-31,e3ceddfa9dc45b9f836a4e8decff8e99c39c41dc06697b66b7c19769313871a5
MSG-202606-001198,2026-06-26 00:34:47,operations@vendor-example.com,data.office@nus.edu.sg,Report publication update,Resolved,9512b8c762cd9b9c73063998437e6a352dda56fd39dc76238982598fad980685,voyce.peh,2026-06-31,9f03bee270ff31bfdb18908a3d12a7d64121f4a1fbfeb157b431ac3bceee3fa1
MSG-202606-001022,2026-06-26 03:45:29,support@service-example.com,staff002@nus.edu.sg,Dashboard refresh completed,Delivered,9512b8c762cd9b9c73063998437e6a352dda56fd39dc76238982598fad980685,svc_fabric_pipeline,2026-06-31,5e495c5b3c3282d397af9e39e1c8b3426afc6a43ddfb66a21b0805bac08e06c6
MSG-202606-001166,2026-06-26 05:17:59,operations@vendor-example.com,data.office@nus.edu.sg,File delivery confirmation,Delivered,9512b8c762cd9b9c73063998437e6a352dda56fd39dc76238982598fad980685,automation.service,2026-06-31,193a56326afa9ae1f3d17e2eeb4d87c403ca6ebd330f0effaf7f44e5a2f91ed2
MSG-202606-000165,2026-06-27 02:23:05,governance.team@example.org,staff001@nus.edu.sg,Report publication update,Delivered,9512b8c762cd9b9c73063998437e6a352dda56fd39dc76238982598fad980685,svc_fabric_pipeline,2026-06-31,dc621b93564a4fa506934623f967ddfbd84855f76a31d4d4d865222acad669b7
MSG-202606-000371,2026-06-27 02:30:27,alice.tan@example.com,staff003@nus.edu.sg,File delivery confirmation,Delivered,9512b8c762cd9b9c73063998437e6a352dda56fd39dc76238982598fad980685,data.engineering,2026-06-31,9d36f5b484f75f410829e9e8a3bc00ff816c723b11c215471206050256366118
MSG-202606-000955,2026-06-27 20:14:33,alice.tan@example.com,reporting@nus.edu.sg,Data quality alert,Resolved,05490a7dc262f4a552acce14881d14d326bb9246b2874f49a39e2b9662f64e77,voyce.peh,2026-06-31,e461cfbe22fac1929c55f4c82c98f774614abc3a2321bc1a7a57ba699753fc27
MSG-202606-000949,2026-06-28 00:22:17,ben.lim@example.org,reporting@nus.edu.sg,Security access review,Delivered,05490a7dc262f4a552acce14881d14d326bb9246b2874f49a39e2b9662f64e77,data.engineering,2026-06-31,008d96c923f83590e917afe8ac3453f43ab0bcfa164253a5dc3709b34fcd17e5
MSG-202606-001467,2026-06-28 04:11:28,operations@vendor-example.com,staff003@nus.edu.sg,File delivery confirmation,Delivered,9512b8c762cd9b9c73063998437e6a352dda56fd39dc76238982598fad980685,voyce.peh,2026-06-31,711f71c733dc302f5d1d95d2a0b03993bcd10ec5acac8fae3f1704ed88b3379d
MSG-202606-001034,2026-06-28 04:56:28,notifications@system-example.net,staff001@nus.edu.sg,Data quality alert,Delivered,e0d15de1e58a94820da67c31b0a3e5495269396173d686094268075fef5a801a,voyce.peh,2026-06-31,9d3886f14af0da5bb0c58112553217b7930addb72d115ff885b2ba80c590d9d3
MSG-202606-001345,2026-06-28 14:26:43,reporting.service@example.net,reporting@nus.edu.sg,Scheduled refresh notification,Resolved,e0d15de1e58a94820da67c31b0a3e5495269396173d686094268075fef5a801a,automation.service,2026-06-31,7cb64245e388d66fb23c9494ed679472eba384bdfdb5d37d8cd685b0c9810fc2
MSG-202606-000317,2026-06-28 15:18:48,ben.lim@example.org,data.office@nus.edu.sg,Metadata update completed,Delivered,e0d15de1e58a94820da67c31b0a3e5495269396173d686094268075fef5a801a,voyce.peh,2026-06-31,41b6f4a5c19485eb291d318ec963a0a4841b1adf71ceab9c2b1094bc371faaad
MSG-202606-000254,2026-06-28 16:21:29,notifications@system-example.net,analytics.team@nus.edu.sg,Incident resolution update,Delivered,9512b8c762cd9b9c73063998437e6a352dda56fd39dc76238982598fad980685,automation.service,2026-06-31,21c070f5430edc5d51e3a857832ad5c6d95a6a70fe3fd7630b01137294e92868
MSG-202606-000163,2026-06-28 17:24:46,project.office@example.com,platform.support@nus.edu.sg,Meeting follow up,Resolved,9512b8c762cd9b9c73063998437e6a352dda56fd39dc76238982598fad980685,data.engineering,2026-06-31,3489c8bb67055685513df51620c4196cd3fe2a9dfeb15692aed5dd75b9e66e15
MSG-202606-000459,2026-06-29 05:28:57,access.management@example.com,staff001@nus.edu.sg,Scheduled refresh notification,Delivered,9512b8c762cd9b9c73063998437e6a352dda56fd39dc76238982598fad980685,data.engineering,2026-06-31,32b92f566a6c769f39d73e6e76733986e07d8bcb328d59f06fe3e0d3c9c4108e
MSG-202606-001222,2026-06-29 22:49:29,operations@vendor-example.com,staff003@nus.edu.sg,Monthly report submission,Delivered,9512b8c762cd9b9c73063998437e6a352dda56fd39dc76238982598fad980685,voyce.peh,2026-06-31,4bc1c27eabf35d5298ff1f47d0821588d13e4fb7521f7a976f0772094636af6b
MSG-202606-000138,2026-06-30 03:01:02,data.platform@example.org,staff003@nus.edu.sg,System maintenance notice,Delivered,9512b8c762cd9b9c73063998437e6a352dda56fd39dc76238982598fad980685,data.engineering,2026-06-31,7737f6380cb9729bcbcd16a75c6f5a5cbd557eb462908d2a0cbe8ca7d910b3fa
MSG-202606-000883,2026-06-30 04:01:38,notifications@system-example.net,staff003@nus.edu.sg,Security access review,Delivered,9512b8c762cd9b9c73063998437e6a352dda56fd39dc76238982598fad980685,automation.service,2026-06-31,4313709d47a61df17ad762ace796c1404264264fd6221f59fafee9cfde6019ba
MSG-202606-000900,2026-06-30 10:05:56,governance.team@example.org,platform.support@nus.edu.sg,Project status update,Delivered,05490a7dc262f4a552acce14881d14d326bb9246b2874f49a39e2b9662f64e77,voyce.peh,2026-06-31,3edead59a74e253ad45c1a6e607a3249b89c233b9679af7c5a478d5906285f90
MSG-202606-000403,2026-06-30 19:47:32,governance.team@example.org,staff003@nus.edu.sg,Pipeline execution summary,Failed,e0d15de1e58a94820da67c31b0a3e5495269396173d686094268075fef5a801a,voyce.peh,2026-06-31,69061fafdf21bec46294a49b6761b3f66fcd4ad37d293739c94de4aa4dde89cb
MSG-202606-000304,2026-06-30 20:49:18,operations@vendor-example.com,staff001@nus.edu.sg,Contract review reminder,Failed,9512b8c762cd9b9c73063998437e6a352dda56fd39dc76238982598fad980685,data.engineering,2026-06-31,974b32474865ba07af7a32d66e34c81cc1bfbb5462f69367fb57c374a7cd96bc
MSG-202606-001065,2026-06-30 21:37:44,ben.lim@example.org,platform.support@nus.edu.sg,Metadata update completed,Delivered,9512b8c762cd9b9c73063998437e6a352dda56fd39dc76238982598fad980685,automation.service,2026-06-31,317c52b206cb05eddfec2c3845b4e533cdf178e6386192541e20bbc88c7cf46b
MSG-202607-000763,2026-07-01 01:04:18,governance.team@example.org,staff002@nus.edu.sg,Metadata update completed,Delivered,9512b8c762cd9b9c73063998437e6a352dda56fd39dc76238982598fad980685,svc_fabric_pipeline,2026-07-01,ddc0b0b7b1293f9b2669e8047e9dce71cf382a3d762bb0dd1b780218b5977b02
MSG-202607-000021,2026-07-01 05:33:00,reporting.service@example.net,governance@nus.edu.sg,Report publication update,Delivered,9512b8c762cd9b9c73063998437e6a352dda56fd39dc76238982598fad980685,voyce.peh,2026-07-02,db32a59c83cff12f58ccdf79d783d60e14c04b4303467aa88c95f5e435c87d7b
MSG-202607-001058,2026-07-01 06:33:17,notifications@system-example.net,staff001@nus.edu.sg,Meeting follow up,Delivered,9512b8c762cd9b9c73063998437e6a352dda56fd39dc76238982598fad980685,voyce.peh,2026-07-02,1ea45b6711f80257501ada2852024bc518ce72b9fdaf867679cf7200c94b4f3d
MSG-202607-000496,2026-07-01 08:08:36,project.office@example.com,data.office@nus.edu.sg,Security access review,Delivered,9512b8c762cd9b9c73063998437e6a352dda56fd39dc76238982598fad980685,data.engineering,2026-07-01,5772758bfc87f500299da919817ea9e8c9db8574d0408a0ec9d0b97ec3037efd
MSG-202607-000579,2026-07-01 09:12:53,notifications@system-example.net,data.office@nus.edu.sg,File delivery confirmation,Delivered,e0d15de1e58a94820da67c31b0a3e5495269396173d686094268075fef5a801a,voyce.peh,2026-07-02,cfb349ff3be8c3849a31450087aa42e8dde08b6202863340f3ea0b8938a2ba99
MSG-202607-001193,2026-07-01 21:22:09,ben.lim@example.org,governance@nus.edu.sg,Access request approved,Delivered,e0d15de1e58a94820da67c31b0a3e5495269396173d686094268075fef5a801a,svc_fabric_pipeline,2026-07-02,8855bf40bf82c092337b205b65dba0b839a293ee57b3731e0cc79bda0250824e
MSG-202607-000742,2026-07-01 21:57:36,support@service-example.com,data.office@nus.edu.sg,Meeting follow up,Delivered,9512b8c762cd9b9c73063998437e6a352dda56fd39dc76238982598fad980685,automation.service,2026-07-01,f731d9d1fc2ea5aedf723c0a5ac5028c09e17fc081505344aced0dc705b22d39
MSG-202607-001073,2026-07-02 03:18:21,operations@vendor-example.com,staff002@nus.edu.sg,Data validation results,Delivered,9512b8c762cd9b9c73063998437e6a352dda56fd39dc76238982598fad980685,svc_fabric_pipeline,2026-07-03,6c1965c9f24223d6cf591173c66dd880f6328eeb1c1a77569dbe408e2c16847f
MSG-202607-000752,2026-07-02 09:21:08,notifications@system-example.net,staff001@nus.edu.sg,Security access review,Delivered,9512b8c762cd9b9c73063998437e6a352dda56fd39dc76238982598fad980685,data.engineering,2026-07-03,27c51477ed93450c142637338e5329dee89280dcdbd984dba74cf5e035ead2ea
MSG-202607-000175,2026-07-02 19:59:45,reporting.service@example.net,analytics.team@nus.edu.sg,Pipeline execution summary,Delivered,05490a7dc262f4a552acce14881d14d326bb9246b2874f49a39e2b9662f64e77,data.engineering,2026-07-03,b9557d01c54e49bcc69a8e0db56196e732d5f82702de9eef8707087282f39f5a
MSG-202607-000944,2026-07-03 00:15:32,reporting.service@example.net,platform.support@nus.edu.sg,System maintenance notice,Failed,9512b8c762cd9b9c73063998437e6a352dda56fd39dc76238982598fad980685,svc_fabric_pipeline,2026-07-05,7c563d9f00c7800d9892c1d9a4d6c5c536153ee8614202293b2b287f9494c3f2
MSG-202607-001114,2026-07-03 01:57:59,ben.lim@example.org,analytics.team@nus.edu.sg,Meeting follow up,Delivered,9512b8c762cd9b9c73063998437e6a352dda56fd39dc76238982598fad980685,data.engineering,2026-07-03,5494f1635863a55a655330eaeda51e19c0568008c39d53fe91b66b9994d68434
MSG-202607-001277,2026-07-03 06:32:53,support@service-example.com,reporting@nus.edu.sg,Pipeline execution summary,Resolved,9512b8c762cd9b9c73063998437e6a352dda56fd39dc76238982598fad980685,svc_fabric_pipeline,2026-07-05,56ee1f822513592f7f5d3bb52228ce7babfafc8afdeb550e24aa4cd89a9631b4
MSG-202607-000521,2026-07-03 11:06:32,operations@vendor-example.com,reporting@nus.edu.sg,Meeting follow up,Resolved,9512b8c762cd9b9c73063998437e6a352dda56fd39dc76238982598fad980685,voyce.peh,2026-07-03,0e4ba7d73c8b0ec9bd1fb29297472b39011a88fa2eccba52c851894982dbf07b
MSG-202607-000291,2026-07-03 23:37:57,operations@vendor-example.com,data.office@nus.edu.sg,Meeting follow up,Delivered,e0d15de1e58a94820da67c31b0a3e5495269396173d686094268075fef5a801a,svc_fabric_pipeline,2026-07-04,078cecbcfa36894a718c0bcd606655742420df14c072db2fc826e4a7061842f8
MSG-202607-000995,2026-07-04 00:48:27,access.management@example.com,reporting@nus.edu.sg,File delivery confirmation,Delivered,05490a7dc262f4a552acce14881d14d326bb9246b2874f49a39e2b9662f64e77,svc_fabric_pipeline,2026-07-06,b86cbd909c56f7caba6c1bed7ca9430a36f79f1547b1a8f3c20c2d2d9523b727
MSG-202607-000708,2026-07-04 08:18:04,access.management@example.com,reporting@nus.edu.sg,Report publication update,Failed,9512b8c762cd9b9c73063998437e6a352dda56fd39dc76238982598fad980685,automation.service,2026-07-05,23bcc2f19d52b063c2abf1d6b92ee2ce205b968a539e3a7758ea6366a1df8a11
MSG-202607-000641,2026-07-04 10:57:42,ben.lim@example.org,analytics.team@nus.edu.sg,Incident resolution update,Delivered,9512b8c762cd9b9c73063998437e6a352dda56fd39dc76238982598fad980685,svc_fabric_pipeline,2026-07-04,77c5772bc13b2a81b154e3b021e88d16d44f4e7b40f55cae7e0380867b4bd8fd
MSG-202607-000497,2026-07-04 11:29:04,operations@vendor-example.com,staff002@nus.edu.sg,Pipeline execution summary,Delivered,9512b8c762cd9b9c73063998437e6a352dda56fd39dc76238982598fad980685,svc_fabric_pipeline,2026-07-06,cd4c105f0d6f0d66923d74acfcd44e40730368d8fce273aeb28b584452592981
MSG-202607-001120,2026-07-05 04:18:48,operations@vendor-example.com,platform.support@nus.edu.sg,Project status update,Failed,9512b8c762cd9b9c73063998437e6a352dda56fd39dc76238982598fad980685,data.engineering,2026-07-06,9cb936d6f715061ca9755f1b1876e288934c21a51700a42e4eb9f186f61d6655
MSG-202607-001343,2026-07-05 10:54:34,notifications@system-example.net,staff001@nus.edu.sg,Dashboard refresh completed,Delivered,9512b8c762cd9b9c73063998437e6a352dda56fd39dc76238982598fad980685,svc_fabric_pipeline,2026-07-06,7f5d214a9af661583281741ce5fe21601b7341d9ac67912dd677c6e39318c92a
MSG-202607-000757,2026-07-05 13:10:02,access.management@example.com,platform.support@nus.edu.sg,Incident resolution update,Failed,e0d15de1e58a94820da67c31b0a3e5495269396173d686094268075fef5a801a,voyce.peh,2026-07-06,d60d312fd50dffe958aa873af7ae11e6d619c432b6f2929d02ad0e3452f37a80
MSG-202607-001324,2026-07-05 13:20:11,notifications@system-example.net,staff001@nus.edu.sg,Contract review reminder,Delivered,9512b8c762cd9b9c73063998437e6a352dda56fd39dc76238982598fad980685,automation.service,2026-07-05,67f3ebf60457ff6d91ad2e3f063c2fd6882f525b6a91228480b6b6ccaf796ecc
MSG-202607-001169,2026-07-05 16:53:12,alice.tan@example.com,staff001@nus.edu.sg,File delivery confirmation,Resolved,9512b8c762cd9b9c73063998437e6a352dda56fd39dc76238982598fad980685,automation.service,2026-07-05,edda1913bf051146240a5e2a959a449822a0bf425b477704eaee24174d82287a
MSG-202607-000740,2026-07-05 17:11:43,support@service-example.com,staff001@nus.edu.sg,Monthly report submission,Delivered,9512b8c762cd9b9c73063998437e6a352dda56fd39dc76238982598fad980685,svc_fabric_pipeline,2026-07-07,c5a5b8ebb4a0c88ec5731ed45d73a67d974504ef2a41d4e2515d6e09000d1fcb
MSG-202607-000171,2026-07-05 21:09:38,alice.tan@example.com,reporting@nus.edu.sg,Meeting follow up,Delivered,9512b8c762cd9b9c73063998437e6a352dda56fd39dc76238982598fad980685,data.engineering,2026-07-06,181c4a75f83030199609dc84411fbdc1b9baf9c5e53db149eba9885004cb1484
MSG-202607-000826,2026-07-06 05:30:16,notifications@system-example.net,staff001@nus.edu.sg,User account request,Resolved,e0d15de1e58a94820da67c31b0a3e5495269396173d686094268075fef5a801a,automation.service,2026-07-06,c4e5ba56002abc821abd2d54ba52b475bf20c0722ac4832cf69514ca6a0dbb70
MSG-202607-000963,2026-07-06 07:16:51,governance.team@example.org,staff002@nus.edu.sg,Data validation results,Delivered,e0d15de1e58a94820da67c31b0a3e5495269396173d686094268075fef5a801a,voyce.peh,2026-07-08,d523214ffc9ade337d41f7cb7350af36cd9970d8e14342813f50d54b6da6e63c
MSG-202607-001425,2026-07-06 11:09:04,reporting.service@example.net,platform.support@nus.edu.sg,Project status update,Failed,9512b8c762cd9b9c73063998437e6a352dda56fd39dc76238982598fad980685,automation.service,2026-07-07,c8aa5c032cdb862c5c1a8719faf3fe33a8d87f92c251979d210ccd32667e62e2
MSG-202607-000503,2026-07-06 15:07:44,notifications@system-example.net,platform.support@nus.edu.sg,Dashboard refresh completed,Resolved,9512b8c762cd9b9c73063998437e6a352dda56fd39dc76238982598fad980685,data.engineering,2026-07-07,7ce791c507ef9c3864c9c7483972df486e31f9522986e90b76ccc52e72601374
MSG-202607-001255,2026-07-07 03:48:53,operations@vendor-example.com,reporting@nus.edu.sg,System maintenance notice,Delivered,9512b8c762cd9b9c73063998437e6a352dda56fd39dc76238982598fad980685,automation.service,2026-07-08,a3b6950a920a6f7f5da5b83e7b6d00cf63b7c55156c51beb5470a66c17db8445
MSG-202607-000788,2026-07-08 04:26:53,notifications@system-example.net,platform.support@nus.edu.sg,Data validation results,Resolved,9512b8c762cd9b9c73063998437e6a352dda56fd39dc76238982598fad980685,automation.service,2026-07-09,06faa6dd09433334898ec9808a9e63f1688836d0f84e11830a9b506ff91222d7
MSG-202607-000747,2026-07-08 14:56:01,support@service-example.com,governance@nus.edu.sg,User account request,Failed,05490a7dc262f4a552acce14881d14d326bb9246b2874f49a39e2b9662f64e77,voyce.peh,2026-07-08,0caddcdcbce70aad6a9dadc89ce323687337d5930b93fdc3e8203b9478789fdc
MSG-202607-001364,2026-07-09 06:59:52,access.management@example.com,reporting@nus.edu.sg,Monthly report submission,Resolved,e0d15de1e58a94820da67c31b0a3e5495269396173d686094268075fef5a801a,svc_fabric_pipeline,2026-07-10,06de2cb93fbcc99f74c6f063fa7c18f7c18382bbca7034b4a5e931929f5b19e0
MSG-202607-000488,2026-07-09 15:23:44,access.management@example.com,platform.support@nus.edu.sg,System maintenance notice,Delivered,9512b8c762cd9b9c73063998437e6a352dda56fd39dc76238982598fad980685,svc_fabric_pipeline,2026-07-10,0f8083b70bcd8ddfd3c24a14c85979ff984b3ae70be073128b3e743c67810918
MSG-202607-000129,2026-07-09 15:26:08,notifications@system-example.net,staff001@nus.edu.sg,Contract review reminder,Resolved,9512b8c762cd9b9c73063998437e6a352dda56fd39dc76238982598fad980685,voyce.peh,2026-07-10,aeb3480d57e5327863c0cc0fa4614996a36760bd9d16bb0ff0b6670a0c16e246
MSG-202607-000764,2026-07-09 20:51:22,support@service-example.com,staff001@nus.edu.sg,Monthly report submission,Delivered,9512b8c762cd9b9c73063998437e6a352dda56fd39dc76238982598fad980685,data.engineering,2026-07-10,a4f1b799a78b539fcac137d6862d452a4409b49587ce4148ccf7b484c927b256
MSG-202607-000391,2026-07-09 21:03:35,access.management@example.com,platform.support@nus.edu.sg,Contract review reminder,Resolved,9512b8c762cd9b9c73063998437e6a352dda56fd39dc76238982598fad980685,voyce.peh,2026-07-10,e6e86a94084912aecf7713a45567891b28e42a85b5630e225802a7e4e05de6e2
MSG-202607-000177,2026-07-09 21:22:57,alice.tan@example.com,platform.support@nus.edu.sg,File delivery confirmation,Delivered,9512b8c762cd9b9c73063998437e6a352dda56fd39dc76238982598fad980685,automation.service,2026-07-10,a34a0f9f12b36599e70c5f02634f8629231af1849ed78c3bb4c12b4b1e9ed022
MSG-202607-000351,2026-07-09 21:23:16,data.platform@example.org,platform.support@nus.edu.sg,Scheduled refresh notification,Failed,9512b8c762cd9b9c73063998437e6a352dda56fd39dc76238982598fad980685,voyce.peh,2026-07-10,199b8762a33089ebf8c07f70287f87b89284971ccd87715afd0aac4536dda72b
MSG-202607-000491,2026-07-09 22:54:57,access.management@example.com,analytics.team@nus.edu.sg,Data quality alert,Delivered,9512b8c762cd9b9c73063998437e6a352dda56fd39dc76238982598fad980685,svc_fabric_pipeline,2026-07-09,a76224169e19e4e11252e3c46e6fb054415fd6d4e4befbe010d029e1850a9de3
MSG-202607-000485,2026-07-10 06:43:46,access.management@example.com,reporting@nus.edu.sg,Scheduled refresh notification,Delivered,05490a7dc262f4a552acce14881d14d326bb9246b2874f49a39e2b9662f64e77,voyce.peh,2026-07-11,07c5c913103bb888c46a9787db2da29a344469366d6c5424bc1b5937e078ce41
MSG-202607-000486,2026-07-10 09:36:51,data.platform@example.org,staff001@nus.edu.sg,Security access review,Delivered,9512b8c762cd9b9c73063998437e6a352dda56fd39dc76238982598fad980685,voyce.peh,2026-07-12,c4c7e96dd31b6abeedec8eba8103b67df275ec630dc78d5f8dfcfa2111092f0c
MSG-202607-000374,2026-07-10 13:49:26,data.platform@example.org,reporting@nus.edu.sg,Scheduled refresh notification,Delivered,05490a7dc262f4a552acce14881d14d326bb9246b2874f49a39e2b9662f64e77,data.engineering,2026-07-10,64e3d0d09c644288011a290f17612e056e9204e25bebe7469cdb8762906d4c43
MSG-202607-001202,2026-07-11 06:06:34,support@service-example.com,data.office@nus.edu.sg,Incident resolution update,Delivered,9512b8c762cd9b9c73063998437e6a352dda56fd39dc76238982598fad980685,voyce.peh,2026-07-11,54cd2422e38923a5023a61fc556630a7f26c863de3028353ab56344205f70da1
MSG-202607-001098,2026-07-11 09:00:10,support@service-example.com,data.office@nus.edu.sg,Contract review reminder,Delivered,e0d15de1e58a94820da67c31b0a3e5495269396173d686094268075fef5a801a,automation.service,2026-07-13,5b228815b1b25c06e875f001a5753202c8e8f53a5656ddfe4c3f76c302828152
MSG-202607-000551,2026-07-11 16:31:30,ben.lim@example.org,governance@nus.edu.sg,Report publication update,Delivered,9512b8c762cd9b9c73063998437e6a352dda56fd39dc76238982598fad980685,data.engineering,2026-07-11,e68932f4e48c171e6f4f506a449dec0cae2c59ecbcf757533f916cc0678f7fc2
MSG-202607-000543,2026-07-11 21:07:54,data.platform@example.org,staff001@nus.edu.sg,Scheduled refresh notification,Delivered,9512b8c762cd9b9c73063998437e6a352dda56fd39dc76238982598fad980685,data.engineering,2026-07-13,471dfceeb48db8984c928dad09d44eb60e494316a36552c19abd822942d26c30
MSG-202607-001410,2026-07-11 22:49:38,support@service-example.com,staff002@nus.edu.sg,Dashboard refresh completed,Failed,9512b8c762cd9b9c73063998437e6a352dda56fd39dc76238982598fad980685,automation.service,2026-07-13,816a0daf190f075e7d8b3de3281f0c4d5b50fc419196d6deadcd8a278bb9a356
MSG-202607-001435,2026-07-12 05:07:01,governance.team@example.org,platform.support@nus.edu.sg,Contract review reminder,Delivered,9512b8c762cd9b9c73063998437e6a352dda56fd39dc76238982598fad980685,automation.service,2026-07-13,1e25b39a0bceaa6760cbbe1cacccabfb10ebc9f73426f1452e79cf18cdb220c6
MSG-202607-000992,2026-07-12 07:28:49,operations@vendor-example.com,analytics.team@nus.edu.sg,Incident resolution update,Delivered,9512b8c762cd9b9c73063998437e6a352dda56fd39dc76238982598fad980685,svc_fabric_pipeline,2026-07-13,f9c726e825fd0fe88ec6cc7e7cef997f6d65d6eb14eb404cfd738d86a3364106
MSG-202607-000785,2026-07-12 14:16:56,alice.tan@example.com,staff003@nus.edu.sg,Project status update,Delivered,9512b8c762cd9b9c73063998437e6a352dda56fd39dc76238982598fad980685,automation.service,2026-07-13,b68ec473d5cd38e65b4b1175e2440dacbe567890b1bb3a71e3f23cb1e728c40c
MSG-202607-001009,2026-07-13 01:42:27,operations@vendor-example.com,governance@nus.edu.sg,Data validation results,Delivered,9512b8c762cd9b9c73063998437e6a352dda56fd39dc76238982598fad980685,voyce.peh,2026-07-14,07852064432f426e81e9796a5ee947cdb41b57a14b1388be3bd712c5b6baa35d
MSG-202607-000298,2026-07-13 18:12:10,data.platform@example.org,reporting@nus.edu.sg,Report publication update,Failed,9512b8c762cd9b9c73063998437e6a352dda56fd39dc76238982598fad980685,automation.service,2026-07-14,f248483b2b52061947da620f64e8106f64af9d822c4bbee5d7561f4edba9c450
MSG-202607-000929,2026-07-13 19:38:06,notifications@system-example.net,staff002@nus.edu.sg,Workspace permission request,Delivered,9512b8c762cd9b9c73063998437e6a352dda56fd39dc76238982598fad980685,data.engineering,2026-07-14,92fa8b8b3adcd477ecac00260cf827f46b9b15af4ab49de159572ca724713300
MSG-202607-000480,2026-07-14 04:46:33,access.management@example.com,reporting@nus.edu.sg,Meeting follow up,Resolved,9512b8c762cd9b9c73063998437e6a352dda56fd39dc76238982598fad980685,automation.service,2026-07-14,d8b92045af076563cc21a4ec9f823f913b490186b983a0fdccb818d5bb504f12
MSG-202607-000801,2026-07-14 09:10:07,support@service-example.com,reporting@nus.edu.sg,Scheduled refresh notification,Delivered,9512b8c762cd9b9c73063998437e6a352dda56fd39dc76238982598fad980685,data.engineering,2026-07-15,2ef638443fe215bf048db7e29b6e07421ec33d3726e4829d17f13a4737e3b335
MSG-202607-000437,2026-07-14 13:05:45,support@service-example.com,platform.support@nus.edu.sg,Pipeline execution summary,Delivered,9512b8c762cd9b9c73063998437e6a352dda56fd39dc76238982598fad980685,svc_fabric_pipeline,2026-07-16,324a02800f5001e67a61f4df3079bfa4a22e8fe8fc1de068587f5da9a02b113a
MSG-202607-000829,2026-07-14 21:18:50,reporting.service@example.net,analytics.team@nus.edu.sg,Security access review,Delivered,9512b8c762cd9b9c73063998437e6a352dda56fd39dc76238982598fad980685,svc_fabric_pipeline,2026-07-14,7321027486865e6b832e4f6cda247a6a2d25cccde719c0e3005c49b81642fbf9
MSG-202607-001080,2026-07-15 01:29:20,operations@vendor-example.com,data.office@nus.edu.sg,Pipeline execution summary,Resolved,9512b8c762cd9b9c73063998437e6a352dda56fd39dc76238982598fad980685,svc_fabric_pipeline,2026-07-15,6e3eb972ab607b3fe6d5893efac5724970b672baceff570e1b9591e516cbb1b6
MSG-202607-000410,2026-07-15 15:57:00,data.platform@example.org,reporting@nus.edu.sg,Dashboard refresh completed,Delivered,e0d15de1e58a94820da67c31b0a3e5495269396173d686094268075fef5a801a,svc_fabric_pipeline,2026-07-16,ef4b2b6b6be636ffe86076d8b7714bed8c9b3886b8124fed086cb428e05ee2b6
MSG-202607-000877,2026-07-15 17:50:14,notifications@system-example.net,analytics.team@nus.edu.sg,Data quality alert,Delivered,05490a7dc262f4a552acce14881d14d326bb9246b2874f49a39e2b9662f64e77,svc_fabric_pipeline,2026-07-16,11cd6ea21c30f045c03064a950fb2a0a5fc9798ab99118f483a99840bee4e59d
MSG-202607-001476,2026-07-15 18:11:29,reporting.service@example.net,reporting@nus.edu.sg,Pipeline execution summary,Delivered,9512b8c762cd9b9c73063998437e6a352dda56fd39dc76238982598fad980685,voyce.peh,2026-07-17,2013ab9f5ecf84c60559003bf448592e40c2174c991d04cfd96ab2b3aeafbfb0
MSG-202607-000922,2026-07-15 23:07:55,project.office@example.com,reporting@nus.edu.sg,Data extract ready,Resolved,e0d15de1e58a94820da67c31b0a3e5495269396173d686094268075fef5a801a,data.engineering,2026-07-16,446f08eee43df20fb0a2361fd052ecb86ce5b034c5b6446edb620d6a71dea0b1
MSG-202607-000229,2026-07-16 12:30:14,project.office@example.com,governance@nus.edu.sg,System maintenance notice,Delivered,9512b8c762cd9b9c73063998437e6a352dda56fd39dc76238982598fad980685,automation.service,2026-07-17,1485b36c400d2bfbb48179baa9f8a0e3e3e2232da2f57548b7d1b046e2c3147d
MSG-202607-001350,2026-07-16 13:40:19,notifications@system-example.net,reporting@nus.edu.sg,Data extract ready,Delivered,9512b8c762cd9b9c73063998437e6a352dda56fd39dc76238982598fad980685,automation.service,2026-07-17,8f6a94896db448b2928e767668dbf2e60524cb525fe132b27ea5936c8e5a0b12
MSG-202607-000058,2026-07-16 18:06:11,governance.team@example.org,staff002@nus.edu.sg,Data extract ready,Delivered,9512b8c762cd9b9c73063998437e6a352dda56fd39dc76238982598fad980685,data.engineering,2026-07-17,bca7b2a9bdef1fe68de02a7a36a07b0504814f55c002884b1d4f3c309b441cb9
MSG-202607-000850,2026-07-17 02:52:14,notifications@system-example.net,platform.support@nus.edu.sg,Pipeline execution summary,Delivered,9512b8c762cd9b9c73063998437e6a352dda56fd39dc76238982598fad980685,automation.service,2026-07-17,dbbf62513913428a0d708aacf2f1d5fa70d3275fa12db4666f07425f9b6f956e
MSG-202607-000388,2026-07-17 17:10:54,support@service-example.com,analytics.team@nus.edu.sg,Security access review,Delivered,9512b8c762cd9b9c73063998437e6a352dda56fd39dc76238982598fad980685,automation.service,2026-07-19,07b342a8e142d6c95877b703c085202a5dd35bc4efbf78544fbb77ed65a4fd75
MSG-202607-000651,2026-07-17 23:00:54,alice.tan@example.com,reporting@nus.edu.sg,User account request,Delivered,9512b8c762cd9b9c73063998437e6a352dda56fd39dc76238982598fad980685,data.engineering,2026-07-18,01e62f10750cefaf822ff6326467d135a64c2d71c45bb6441da06aedc2e1c2f8
MSG-202607-000037,2026-07-18 05:09:34,notifications@system-example.net,platform.support@nus.edu.sg,Scheduled refresh notification,Delivered,9512b8c762cd9b9c73063998437e6a352dda56fd39dc76238982598fad980685,automation.service,2026-07-19,57e06c68896824c6d6d25ad91a888a0b7448473b7dc3bcffa830b2401a18cd96
MSG-202607-001020,2026-07-18 12:12:58,operations@vendor-example.com,governance@nus.edu.sg,Service request update,Delivered,9512b8c762cd9b9c73063998437e6a352dda56fd39dc76238982598fad980685,voyce.peh,2026-07-19,feb63e65b7ec372cfec72ac71f127188758c0613f5c29ba756bdcedd519f12ed
MSG-202607-000345,2026-07-18 12:35:47,alice.tan@example.com,platform.support@nus.edu.sg,Contract review reminder,Resolved,9512b8c762cd9b9c73063998437e6a352dda56fd39dc76238982598fad980685,svc_fabric_pipeline,2026-07-19,30e6ff00aa53afa8f992c80b6689a9cccec3b9612d696869e6b8b4050319513a
MSG-202607-001188,2026-07-18 14:23:44,reporting.service@example.net,staff002@nus.edu.sg,Contract review reminder,Failed,9512b8c762cd9b9c73063998437e6a352dda56fd39dc76238982598fad980685,automation.service,2026-07-19,14abfddd03c56769190a03839f6b10da8b589f13a8cae04b5630dd2c773f9c3b
MSG-202607-000447,2026-07-18 15:50:30,support@service-example.com,reporting@nus.edu.sg,Metadata update completed,Resolved,9512b8c762cd9b9c73063998437e6a352dda56fd39dc76238982598fad980685,voyce.peh,2026-07-19,4c23c2d78194f5b9bb112ecb701b0e773c2c22be4c98f87c5516cc65d2cc69e4
MSG-202607-000591,2026-07-18 21:06:10,operations@vendor-example.com,analytics.team@nus.edu.sg,Contract review reminder,Delivered,9512b8c762cd9b9c73063998437e6a352dda56fd39dc76238982598fad980685,automation.service,2026-07-19,5c0629a69b9f1a54b301cf64a18e38c655dd574c314e77810830a560a7172f6f
MSG-202607-000349,2026-07-18 22:04:10,project.office@example.com,staff002@nus.edu.sg,Meeting follow up,Delivered,9512b8c762cd9b9c73063998437e6a352dda56fd39dc76238982598fad980685,voyce.peh,2026-07-18,ed12541ca291fa603b241f4b524620494061dc7174643ed48bf92fc591920a84
MSG-202607-000719,2026-07-19 06:25:56,ben.lim@example.org,staff003@nus.edu.sg,Meeting follow up,Failed,9512b8c762cd9b9c73063998437e6a352dda56fd39dc76238982598fad980685,automation.service,2026-07-20,4aeb3c205a9cc12f1c93989baa822eef42d8f656719cb5e97b9009d183136eab
MSG-202607-000619,2026-07-19 07:24:39,ben.lim@example.org,staff001@nus.edu.sg,Access request approved,Delivered,9512b8c762cd9b9c73063998437e6a352dda56fd39dc76238982598fad980685,data.engineering,2026-07-21,7dfd72a3a0799cb77a8679c71e5a8bde19a55388d99360399cf11750f8900cfd
MSG-202607-001387,2026-07-19 13:50:55,support@service-example.com,data.office@nus.edu.sg,Data validation results,Delivered,9512b8c762cd9b9c73063998437e6a352dda56fd39dc76238982598fad980685,data.engineering,2026-07-21,f095f0a6b9c37fde3eea07416b1bc3e29ed80fa84b66d40a22bf26556088cfd9
MSG-202607-001128,2026-07-19 13:54:57,governance.team@example.org,staff003@nus.edu.sg,Contract review reminder,Delivered,9512b8c762cd9b9c73063998437e6a352dda56fd39dc76238982598fad980685,automation.service,2026-07-19,667aa4d61529e437cb91c0d74c821ce3a435211c04028c6181e708d81eb9c437
MSG-202607-000982,2026-07-19 17:50:27,reporting.service@example.net,governance@nus.edu.sg,User account request,Delivered,9512b8c762cd9b9c73063998437e6a352dda56fd39dc76238982598fad980685,svc_fabric_pipeline,2026-07-19,3a06bae57a7b8d8f433616296e44d98f9b8016c6c00d9282543a2bb0fec3235f
MSG-202607-001309,2026-07-19 19:03:02,governance.team@example.org,staff001@nus.edu.sg,Access request approved,Delivered,9512b8c762cd9b9c73063998437e6a352dda56fd39dc76238982598fad980685,automation.service,2026-07-20,95d154046f51863cb56d8cfb4f65354ce70eda75604fe9c2da0ce301e85e8dfa
MSG-202607-000616,2026-07-19 21:28:26,support@service-example.com,governance@nus.edu.sg,Service request update,Failed,9512b8c762cd9b9c73063998437e6a352dda56fd39dc76238982598fad980685,data.engineering,2026-07-20,835481b538261b3b5cdeb5691e21e0a54b57bd7af9271b0d2c5b7d2acdfe6fed
MSG-202607-000812,2026-07-20 02:17:16,ben.lim@example.org,platform.support@nus.edu.sg,Contract review reminder,Failed,9512b8c762cd9b9c73063998437e6a352dda56fd39dc76238982598fad980685,voyce.peh,2026-07-21,9c103524d4267ace9c991a58ae2833f1ad99c880d5eef34ea5aadf8a9f443046
MSG-202607-000904,2026-07-20 16:48:41,project.office@example.com,staff001@nus.edu.sg,Data extract ready,Resolved,9512b8c762cd9b9c73063998437e6a352dda56fd39dc76238982598fad980685,svc_fabric_pipeline,2026-07-20,3bb409f13ca2d61010c8e4ea8ef70ca42eff8a1df21bbda0c4c0e0ca660d3cbe
MSG-202607-000358,2026-07-20 18:04:34,governance.team@example.org,staff001@nus.edu.sg,Metadata update completed,Resolved,9512b8c762cd9b9c73063998437e6a352dda56fd39dc76238982598fad980685,svc_fabric_pipeline,2026-07-20,49eaff219ed289cd4bb61291d21f1163e39847150aa8ff47dca6cc85e3551781
MSG-202607-000327,2026-07-21 02:07:03,support@service-example.com,staff003@nus.edu.sg,User account request,Resolved,9512b8c762cd9b9c73063998437e6a352dda56fd39dc76238982598fad980685,automation.service,2026-07-22,b9ef8cb226770dc19a335852f620f079991e476c9f14b77177d88a5043144f3a
MSG-202607-000013,2026-07-21 03:59:27,governance.team@example.org,analytics.team@nus.edu.sg,Meeting follow up,Resolved,9512b8c762cd9b9c73063998437e6a352dda56fd39dc76238982598fad980685,data.engineering,2026-07-21,d1a89c10c1d733921ecb949563e014a43f930173fd8d9484f6dfeadac936cf0e
MSG-202607-000873,2026-07-21 09:12:49,access.management@example.com,analytics.team@nus.edu.sg,Meeting follow up,Delivered,e0d15de1e58a94820da67c31b0a3e5495269396173d686094268075fef5a801a,voyce.peh,2026-07-22,94ed7223105dcfd1cfe12c0b7cdb77dccd3f9d1feb890a78e7aa22f7c3f72c9a
MSG-202607-000472,2026-07-21 19:23:20,support@service-example.com,analytics.team@nus.edu.sg,User account request,Delivered,9512b8c762cd9b9c73063998437e6a352dda56fd39dc76238982598fad980685,data.engineering,2026-07-23,9399fed9cbdcb87325bf8fdf8a84d4d5d524090202f52fe50ae0b992ab81aa49
MSG-202607-000510,2026-07-21 22:03:04,ben.lim@example.org,staff002@nus.edu.sg,Data extract ready,Delivered,9512b8c762cd9b9c73063998437e6a352dda56fd39dc76238982598fad980685,data.engineering,2026-07-21,0a39e894f5adb36c2f3200e034b92771c7d8cb443ed67771244f6603bbc1cc0e
MSG-202607-001201,2026-07-22 02:23:00,project.office@example.com,data.office@nus.edu.sg,File delivery confirmation,Resolved,e0d15de1e58a94820da67c31b0a3e5495269396173d686094268075fef5a801a,svc_fabric_pipeline,2026-07-22,823bb7bb6696e938cf56668c23fa10bb53db576d6cc74808dec6d355b28bc75d
MSG-202607-000137,2026-07-22 03:48:19,support@service-example.com,analytics.team@nus.edu.sg,Monthly report submission,Resolved,9512b8c762cd9b9c73063998437e6a352dda56fd39dc76238982598fad980685,automation.service,2026-07-24,44a2a75a00fa2595727b0ad6a5c94896e661963a6f9cc1a2e9342f7e5284dd1b
MSG-202607-000174,2026-07-22 06:19:46,project.office@example.com,staff003@nus.edu.sg,Data extract ready,Delivered,9512b8c762cd9b9c73063998437e6a352dda56fd39dc76238982598fad980685,voyce.peh,2026-07-23,0b6850e50a7239b2a581d0871cdc9c887f1add6bb340da5492f3c793cdafaaa8
MSG-202607-001487,2026-07-22 08:11:25,data.platform@example.org,data.office@nus.edu.sg,Dashboard refresh completed,Delivered,e0d15de1e58a94820da67c31b0a3e5495269396173d686094268075fef5a801a,voyce.peh,2026-07-23,912ab92fcf0fd64d47e886f2fbfd7201a53c2d4534579abff1de14a01e68bcda
MSG-202607-000420,2026-07-22 11:19:27,alice.tan@example.com,platform.support@nus.edu.sg,System maintenance notice,Delivered,9512b8c762cd9b9c73063998437e6a352dda56fd39dc76238982598fad980685,voyce.peh,2026-07-23,834c19619c0dd95a92eec11e1c9e312129f647d5595cd217866f60e62fa86b70
MSG-202607-000323,2026-07-22 13:26:32,ben.lim@example.org,reporting@nus.edu.sg,Incident resolution update,Resolved,9512b8c762cd9b9c73063998437e6a352dda56fd39dc76238982598fad980685,voyce.peh,2026-07-24,831a298c1ba9e0164ad1437a4148b4c4a573680a7e8438a3240445d23e292cd9
MSG-202607-000528,2026-07-22 13:32:06,ben.lim@example.org,staff001@nus.edu.sg,Service request update,Delivered,9512b8c762cd9b9c73063998437e6a352dda56fd39dc76238982598fad980685,voyce.peh,2026-07-23,245f5a03579b83dd0e66cc76d19d9feb958a7c197cd33b3e753f2bd8f39b2229
MSG-202607-001325,2026-07-22 14:59:53,alice.tan@example.com,staff002@nus.edu.sg,Project status update,Delivered,e0d15de1e58a94820da67c31b0a3e5495269396173d686094268075fef5a801a,automation.service,2026-07-23,3e5525c5b69c551f00a2e09d6551ff8bca7de0851c91d1f3e8eebd2dacda720b
MSG-202607-000867,2026-07-22 15:45:24,data.platform@example.org,staff003@nus.edu.sg,Data validation results,Delivered,e0d15de1e58a94820da67c31b0a3e5495269396173d686094268075fef5a801a,data.engineering,2026-07-23,5cc2e8b26570d5eea62a7dea1db3dc2a08310251ad6121592bc83e56f3504606
MSG-202607-000749,2026-07-22 19:15:00,project.office@example.com,analytics.team@nus.edu.sg,Data validation results,Resolved,9512b8c762cd9b9c73063998437e6a352dda56fd39dc76238982598fad980685,automation.service,2026-07-22,c25f801fc5f0cd08c8b977eece555c24dec96a7b3f9a6cd0f75adc77905b889a
MSG-202607-001223,2026-07-23 05:21:34,ben.lim@example.org,reporting@nus.edu.sg,Meeting follow up,Failed,9512b8c762cd9b9c73063998437e6a352dda56fd39dc76238982598fad980685,svc_fabric_pipeline,2026-07-23,df09c19aaa720d1fd62862ce6a973217b067b5c089a32200b6d6da29a43d44db
MSG-202607-000948,2026-07-23 16:26:54,alice.tan@example.com,analytics.team@nus.edu.sg,System maintenance notice,Delivered,e0d15de1e58a94820da67c31b0a3e5495269396173d686094268075fef5a801a,svc_fabric_pipeline,2026-07-24,5b5369c926793dbc7f1d5757e22d2b82041fbd832f7d3fa67ab64505fc95d028
MSG-202607-001268,2026-07-23 19:42:59,governance.team@example.org,reporting@nus.edu.sg,Data extract ready,Delivered,9512b8c762cd9b9c73063998437e6a352dda56fd39dc76238982598fad980685,data.engineering,2026-07-25,1416e4ea1ed827aca1a07d8941923307dc97a7b0159ee85a74c0d7b0add209a3
MSG-202607-000169,2026-07-24 21:56:17,governance.team@example.org,staff002@nus.edu.sg,Pipeline execution summary,Failed,05490a7dc262f4a552acce14881d14d326bb9246b2874f49a39e2b9662f64e77,data.engineering,2026-07-25,34045d36617fe9a6aed7da28e660e87b02aa5504466b5f88193a1e811aa224f8
MSG-202607-000717,2026-07-25 11:21:21,alice.tan@example.com,staff003@nus.edu.sg,System maintenance notice,Delivered,9512b8c762cd9b9c73063998437e6a352dda56fd39dc76238982598fad980685,svc_fabric_pipeline,2026-07-26,7cdb97f35639a550ac0f8dd361a3734a15768cbca1b306c56edf1d2b64bb5450
MSG-202607-000180,2026-07-25 15:38:43,alice.tan@example.com,data.office@nus.edu.sg,Project status update,Delivered,9512b8c762cd9b9c73063998437e6a352dda56fd39dc76238982598fad980685,voyce.peh,2026-07-26,3a5a31ade3c43c93c0719c10326ac9dc221ea70ebdf4894efb369fc84e35ef5a
MSG-202607-000179,2026-07-25 19:09:24,ben.lim@example.org,governance@nus.edu.sg,Access request approved,Delivered,9512b8c762cd9b9c73063998437e6a352dda56fd39dc76238982598fad980685,data.engineering,2026-07-26,d50a5bde859a605c91f5c8eed0ee592fe07528007559bff261f5c02f81b83718
MSG-202607-000622,2026-07-26 19:53:15,support@service-example.com,staff001@nus.edu.sg,Dashboard refresh completed,Delivered,9512b8c762cd9b9c73063998437e6a352dda56fd39dc76238982598fad980685,voyce.peh,2026-07-27,986cf6fb1a7cb3c7ecd6ab0e212b0bd81bc378abc29d4b6e52045ce0dcf89d10
MSG-202607-000141,2026-07-26 21:09:02,access.management@example.com,analytics.team@nus.edu.sg,Meeting follow up,Delivered,9512b8c762cd9b9c73063998437e6a352dda56fd39dc76238982598fad980685,voyce.peh,2026-07-27,c44c60bb7e0e16f70bc460b7f3f245cfd5c07789b62f6b1762a6ad80fb111b32
MSG-202607-000046,2026-07-27 00:01:18,support@service-example.com,governance@nus.edu.sg,Data extract ready,Delivered,e0d15de1e58a94820da67c31b0a3e5495269396173d686094268075fef5a801a,automation.service,2026-07-27,489e4968c5376c10500cb2a9bbd1623cb871c5f1f55fc86a3d4fd8abeebb38cf
MSG-202607-000755,2026-07-27 02:14:43,governance.team@example.org,staff001@nus.edu.sg,Dashboard refresh completed,Delivered,9512b8c762cd9b9c73063998437e6a352dda56fd39dc76238982598fad980685,data.engineering,2026-07-29,134f79b981bf08d5a3a09b12fc5ae1d686d769f10356a1386747ffb57012786b
MSG-202607-001428,2026-07-27 07:52:33,operations@vendor-example.com,staff003@nus.edu.sg,System maintenance notice,Delivered,9512b8c762cd9b9c73063998437e6a352dda56fd39dc76238982598fad980685,automation.service,2026-07-28,f03a3f05a2ac0117d52fbf1e74d60e0e34fdc50dc3cb9eef9d2d219dbd5608a2
MSG-202607-000601,2026-07-27 17:55:02,project.office@example.com,analytics.team@nus.edu.sg,Security access review,Failed,9512b8c762cd9b9c73063998437e6a352dda56fd39dc76238982598fad980685,voyce.peh,2026-07-28,ab148c1e4f7d9078d0faa91a88ca72d6e5380191e2e9b2577ee258a1829a7776
MSG-202607-000155,2026-07-28 02:35:32,data.platform@example.org,governance@nus.edu.sg,Workspace permission request,Failed,9512b8c762cd9b9c73063998437e6a352dda56fd39dc76238982598fad980685,automation.service,2026-07-29,dd8fd4c833842a9b136be2cc380db81de5428a080aa53d75e511f4d398bcc357
MSG-202607-000515,2026-07-28 11:09:08,alice.tan@example.com,platform.support@nus.edu.sg,Dashboard refresh completed,Delivered,9512b8c762cd9b9c73063998437e6a352dda56fd39dc76238982598fad980685,automation.service,2026-07-29,fd6676ddd59628daaae626dbd4273a5c76befd590a3fe3088fe96e272d463ab3
MSG-202607-000303,2026-07-28 15:59:54,support@service-example.com,staff001@nus.edu.sg,Data quality alert,Resolved,9512b8c762cd9b9c73063998437e6a352dda56fd39dc76238982598fad980685,data.engineering,2026-07-29,89870cf963300427606409c0c0a75d20a8e08f981c4efb17f2a98acaab998f9e
MSG-202607-000008,2026-07-28 23:07:36,reporting.service@example.net,staff003@nus.edu.sg,Incident resolution update,Delivered,9512b8c762cd9b9c73063998437e6a352dda56fd39dc76238982598fad980685,svc_fabric_pipeline,2026-07-28,f8ba76df97e1ff1ab5bf5a0ad8a1b8ce13a3d6980c74ae7d651ad60cc5d90ea1
MSG-202607-000223,2026-07-29 00:36:40,notifications@system-example.net,reporting@nus.edu.sg,Workspace permission request,Failed,9512b8c762cd9b9c73063998437e6a352dda56fd39dc76238982598fad980685,data.engineering,2026-07-30,6853dd21125002c0f2a9058de7a527600530dc49563a015458b127939997bd82
MSG-202607-001468,2026-07-29 01:28:29,reporting.service@example.net,staff002@nus.edu.sg,Contract review reminder,Delivered,9512b8c762cd9b9c73063998437e6a352dda56fd39dc76238982598fad980685,data.engineering,2026-07-30,46d7efd1d53f30cb2b17ad5ffa0bdc61cbdef623bd35161bdd27f1130b215190
MSG-202607-001103,2026-07-29 02:00:09,notifications@system-example.net,staff002@nus.edu.sg,File delivery confirmation,Delivered,9512b8c762cd9b9c73063998437e6a352dda56fd39dc76238982598fad980685,svc_fabric_pipeline,2026-07-29,ed892f7d89fa2e64deb565f0bf1a810ac6e3860aabbf145cc6379c03bb50581f
MSG-202607-000836,2026-07-29 06:52:21,notifications@system-example.net,platform.support@nus.edu.sg,File delivery confirmation,Delivered,9512b8c762cd9b9c73063998437e6a352dda56fd39dc76238982598fad980685,voyce.peh,2026-07-30,a6ea1ebe17c466f14eb8a54e924b6db8da46caffbc35f477c6cee19fa8717b41
MSG-202607-000095,2026-07-29 08:44:34,operations@vendor-example.com,staff002@nus.edu.sg,System maintenance notice,Delivered,e0d15de1e58a94820da67c31b0a3e5495269396173d686094268075fef5a801a,svc_fabric_pipeline,2026-07-29,97b1eea3bff67b94534c823a7467184360bfd595c73256108444fc6d7ab5b47f
MSG-202607-000522,2026-07-29 08:59:21,data.platform@example.org,reporting@nus.edu.sg,Incident resolution update,Resolved,9512b8c762cd9b9c73063998437e6a352dda56fd39dc76238982598fad980685,data.engineering,2026-07-30,d3fe0dfb57ea76b2a0311f27c975078ad62a43aff830b55cba2ee009c68a8e39
MSG-202607-001500,2026-07-29 09:33:37,access.management@example.com,reporting@nus.edu.sg,Metadata update completed,Delivered,9512b8c762cd9b9c73063998437e6a352dda56fd39dc76238982598fad980685,data.engineering,2026-07-30,2f09c0d3d2a9068618339dd9e24fa3673e08eb24655ee70a39ed1bb44609fa76
MSG-202607-001482,2026-07-29 12:36:20,operations@vendor-example.com,reporting@nus.edu.sg,Security access review,Resolved,9512b8c762cd9b9c73063998437e6a352dda56fd39dc76238982598fad980685,data.engineering,2026-07-30,b2772a54fe31a0cb298557f253caad8145650c707457767bf4b72c112cce70d0
MSG-202607-001206,2026-07-29 15:44:41,data.platform@example.org,staff001@nus.edu.sg,Meeting follow up,Delivered,9512b8c762cd9b9c73063998437e6a352dda56fd39dc76238982598fad980685,voyce.peh,2026-07-30,810db29af910412854582f100c2c88d73c556bc36fcf5ef13ab91a5856bd62a6
MSG-202607-001406,2026-07-29 15:50:00,data.platform@example.org,reporting@nus.edu.sg,System maintenance notice,Delivered,9512b8c762cd9b9c73063998437e6a352dda56fd39dc76238982598fad980685,automation.service,2026-07-30,d53ad0e5a5e7db66c3dd4393d6583e37cc22ca654b7ad0e2471201e94b644d80
MSG-202607-001436,2026-07-29 16:59:58,access.management@example.com,data.office@nus.edu.sg,Scheduled refresh notification,Delivered,e0d15de1e58a94820da67c31b0a3e5495269396173d686094268075fef5a801a,automation.service,2026-07-31,4316d3bc3da939b22695ecf50627d1559c07bd3ef2e382ca09f3c3c93be62f3b
MSG-202607-000145,2026-07-29 20:08:23,alice.tan@example.com,platform.support@nus.edu.sg,Service request update,Resolved,9512b8c762cd9b9c73063998437e6a352dda56fd39dc76238982598fad980685,data.engineering,2026-07-31,4f7dab789c8738c403ba32705183728f56369dd6165de36fc74e3e01ec8e8aa3
MSG-202607-000264,2026-07-29 20:39:44,operations@vendor-example.com,staff002@nus.edu.sg,Scheduled refresh notification,Failed,9512b8c762cd9b9c73063998437e6a352dda56fd39dc76238982598fad980685,data.engineering,2026-07-29,564f6ab795fbe8df91b05b3fd86ba7a2a95e112a33955bd8aa49d897fc41ca62
MSG-202607-001030,2026-07-29 21:58:08,project.office@example.com,platform.support@nus.edu.sg,Monthly report submission,Delivered,9512b8c762cd9b9c73063998437e6a352dda56fd39dc76238982598fad980685,automation.service,2026-07-30,6b5814f9028e8fcae096f212081b1c8259d62a3ba14ed3cdefef6eb4e1629eed
MSG-202607-000872,2026-07-30 00:47:50,project.office@example.com,staff002@nus.edu.sg,Monthly report submission,Delivered,9512b8c762cd9b9c73063998437e6a352dda56fd39dc76238982598fad980685,data.engineering,2026-07-31,0a324ac1b062637edd82ed50967fb7c64ef6b8220a51bd653c9660d1d852f35b
MSG-202607-000076,2026-07-30 03:53:00,notifications@system-example.net,reporting@nus.edu.sg,Meeting follow up,Delivered,9512b8c762cd9b9c73063998437e6a352dda56fd39dc76238982598fad980685,voyce.peh,2026-08-01,c5bbba9ec19de6422427c50488959f8dad739f64c5043bf3f1087a6fadb56067
MSG-202607-001256,2026-07-30 06:45:08,alice.tan@example.com,governance@nus.edu.sg,Incident resolution update,Resolved,9512b8c762cd9b9c73063998437e6a352dda56fd39dc76238982598fad980685,svc_fabric_pipeline,2026-08-01,af506f87512fb5668db335230099e6a72dbb0f480e11c99c494248f3f6767a19
MSG-202607-000074,2026-07-30 20:26:49,access.management@example.com,governance@nus.edu.sg,User account request,Delivered,e0d15de1e58a94820da67c31b0a3e5495269396173d686094268075fef5a801a,voyce.peh,2026-07-31,7a3bd46b7353e156e2ed27bfcf1e9743e6471a4aa83a36e9215ae4ef279a96f3
MSG-202607-000314,2026-07-31 02:46:32,governance.team@example.org,platform.support@nus.edu.sg,User account request,Resolved,e0d15de1e58a94820da67c31b0a3e5495269396173d686094268075fef5a801a,automation.service,2026-08-01,82a8def110a81b9a92c7c2b74d7b5e748d7e06ae3df9168a3f6fd9d856cd2d6a
MSG-202607-000372,2026-07-31 03:36:25,governance.team@example.org,governance@nus.edu.sg,Metadata update completed,Delivered,9512b8c762cd9b9c73063998437e6a352dda56fd39dc76238982598fad980685,svc_fabric_pipeline,2026-08-01,73869e65c7859da6423cb3565f3d2499870400333898045577d470085b904c54
MSG-202607-000404,2026-07-31 04:27:17,reporting.service@example.net,staff002@nus.edu.sg,Monthly report submission,Resolved,9512b8c762cd9b9c73063998437e6a352dda56fd39dc76238982598fad980685,data.engineering,2026-08-01,46e6b3cfef2e3d2fd7c7ee3ef1e89fb4f9c2e11ca777ae707a682f890b410905
MSG-202607-001180,2026-07-31 19:10:43,project.office@example.com,staff001@nus.edu.sg,Metadata update completed,Resolved,9512b8c762cd9b9c73063998437e6a352dda56fd39dc76238982598fad980685,voyce.peh,2026-08-01,fa6c43902cf0ee1a0bc04a7f1e4171161ff86ece50208bc5de24e09931a19549
MSG-202607-000662,2026-07-31 22:10:22,governance.team@example.org,staff003@nus.edu.sg,Access request approved,Delivered,9512b8c762cd9b9c73063998437e6a352dda56fd39dc76238982598fad980685,voyce.peh,2026-08-01,e1a63bb29559a2762495a7cef7908eb9052f7ab82bacf2cbf269f79cdb3f7741
MSG-202607-000031,2026-07-31 23:15:30,governance.team@example.org,staff003@nus.edu.sg,Metadata update completed,Delivered,e0d15de1e58a94820da67c31b0a3e5495269396173d686094268075fef5a801a,voyce.peh,2026-07-31,c5a5bb7ba860b5847449ba6762a978afbf5f8acfa00df1ccda30f54ac7869078
MSG-202608-001129,2026-08-01 04:44:49,project.office@example.com,staff002@nus.edu.sg,Service request update,Delivered,9512b8c762cd9b9c73063998437e6a352dda56fd39dc76238982598fad980685,svc_fabric_pipeline,2026-08-03,2676b60077d58218c1a7c48a10a6eaa4b58335c72cd10129b8b7006c0a2d0ab3
MSG-202608-000028,2026-08-01 06:35:34,support@service-example.com,analytics.team@nus.edu.sg,Project status update,Failed,9512b8c762cd9b9c73063998437e6a352dda56fd39dc76238982598fad980685,svc_fabric_pipeline,2026-08-03,3ff08cb44539ababaf97115fe41fe5e29fd3dea641f084b930bf9cfb33abace2
MSG-202608-001036,2026-08-01 10:04:46,alice.tan@example.com,platform.support@nus.edu.sg,Metadata update completed,Failed,e0d15de1e58a94820da67c31b0a3e5495269396173d686094268075fef5a801a,svc_fabric_pipeline,2026-08-02,2ba3afd9e133901ffae0eca16db599c241de3c49709d8628b55767767b739a15
MSG-202608-000635,2026-08-01 12:04:32,operations@vendor-example.com,platform.support@nus.edu.sg,Access request approved,Delivered,9512b8c762cd9b9c73063998437e6a352dda56fd39dc76238982598fad980685,data.engineering,2026-08-01,bda44a86f62cd685b158d5a0cb4011f5be756f41fc9ba041cb1c7c16f37b08cf
MSG-202608-000003,2026-08-01 17:58:22,reporting.service@example.net,platform.support@nus.edu.sg,Project status update,Resolved,05490a7dc262f4a552acce14881d14d326bb9246b2874f49a39e2b9662f64e77,data.engineering,2026-08-01,1d2c159766cf5cf8aab60de28f1c4b4411bccb4fb9cf6f182bfee06822b3a793
MSG-202608-001349,2026-08-02 00:19:39,project.office@example.com,reporting@nus.edu.sg,System maintenance notice,Delivered,9512b8c762cd9b9c73063998437e6a352dda56fd39dc76238982598fad980685,data.engineering,2026-08-03,79c324a075c10de7158838e64352427d68016e1d610e5d42e93a127978208078
MSG-202608-001322,2026-08-02 07:41:13,ben.lim@example.org,reporting@nus.edu.sg,Data validation results,Delivered,e0d15de1e58a94820da67c31b0a3e5495269396173d686094268075fef5a801a,data.engineering,2026-08-03,d625dca39d2054ea702f5f3d13f98a5862c2609e7ba067f6cb414d39e39ae366
MSG-202608-001187,2026-08-02 09:38:30,access.management@example.com,reporting@nus.edu.sg,Service request update,Delivered,9512b8c762cd9b9c73063998437e6a352dda56fd39dc76238982598fad980685,automation.service,2026-08-02,a27c27b12f548c8814be94871da32306e7687631428cacb94c555803314a546b
MSG-202608-000114,2026-08-02 11:53:37,data.platform@example.org,reporting@nus.edu.sg,Data validation results,Resolved,9512b8c762cd9b9c73063998437e6a352dda56fd39dc76238982598fad980685,automation.service,2026-08-03,9edd7735c0021ccf529758d2cb77a9508c129ea002f39b9025211d190398ddeb
MSG-202608-001089,2026-08-02 14:31:03,support@service-example.com,staff001@nus.edu.sg,System maintenance notice,Delivered,9512b8c762cd9b9c73063998437e6a352dda56fd39dc76238982598fad980685,data.engineering,2026-08-04,a5f44d23de001c8b4d0fc4bd52b06574f9684320c06f4ecdc6afc30c50f16ceb
MSG-202608-000454,2026-08-02 15:10:48,governance.team@example.org,staff001@nus.edu.sg,Data extract ready,Delivered,05490a7dc262f4a552acce14881d14d326bb9246b2874f49a39e2b9662f64e77,data.engineering,2026-08-02,650e8bc570ed2e2821d4f5fb10a4103f50234fb6701244f1ec04ea500874cf48
MSG-202608-000127,2026-08-02 16:32:13,ben.lim@example.org,platform.support@nus.edu.sg,Scheduled refresh notification,Resolved,9512b8c762cd9b9c73063998437e6a352dda56fd39dc76238982598fad980685,data.engineering,2026-08-04,569134f932b4a29183b98018d1a35246b879f72dbd97072fd8dfb2b7762812a3
MSG-202608-000655,2026-08-02 18:05:24,project.office@example.com,reporting@nus.edu.sg,Report publication update,Delivered,9512b8c762cd9b9c73063998437e6a352dda56fd39dc76238982598fad980685,svc_fabric_pipeline,2026-08-03,0293118077b351816d1b5773865ebc215a20d688a2fbf351ff0e68474d3f91ab
MSG-202608-000728,2026-08-02 21:16:17,access.management@example.com,governance@nus.edu.sg,User account request,Delivered,9512b8c762cd9b9c73063998437e6a352dda56fd39dc76238982598fad980685,automation.service,2026-08-03,382006d3c5140aa275f94772baf560c3da6734b5860ea5976d8643d532074007
MSG-202608-000889,2026-08-03 20:39:25,project.office@example.com,staff002@nus.edu.sg,Scheduled refresh notification,Delivered,9512b8c762cd9b9c73063998437e6a352dda56fd39dc76238982598fad980685,voyce.peh,2026-08-04,e28ed5243588497b0066d347f86ddd91a7272d5dda1e83931aacc44e6e088d81
MSG-202608-000630,2026-08-03 21:04:38,notifications@system-example.net,analytics.team@nus.edu.sg,File delivery confirmation,Delivered,9512b8c762cd9b9c73063998437e6a352dda56fd39dc76238982598fad980685,automation.service,2026-08-04,eb7d2733fcfcdec53856f8f5964f8317dc0f93ca05f6a4cc7c1101e46ba4d483
MSG-202608-000614,2026-08-04 02:17:32,reporting.service@example.net,staff003@nus.edu.sg,Dashboard refresh completed,Delivered,9512b8c762cd9b9c73063998437e6a352dda56fd39dc76238982598fad980685,data.engineering,2026-08-05,88910d0d962352e852ea096d50f1d31b678b1270d550cf0bfea6025a994ca9e8
MSG-202608-000935,2026-08-04 04:09:39,access.management@example.com,staff003@nus.edu.sg,Report publication update,Delivered,9512b8c762cd9b9c73063998437e6a352dda56fd39dc76238982598fad980685,svc_fabric_pipeline,2026-08-04,5037b52c00737a851787c7c51fd3e3b71188782bc5f0e8eaa7127a099069c547
MSG-202608-000909,2026-08-04 06:45:32,project.office@example.com,staff002@nus.edu.sg,File delivery confirmation,Delivered,e0d15de1e58a94820da67c31b0a3e5495269396173d686094268075fef5a801a,automation.service,2026-08-06,c3a1c1dca9157f450013a79a1d537c2e62a62c1d73afdb64b97f5cdbd7202de3
MSG-202608-000845,2026-08-05 10:08:59,data.platform@example.org,data.office@nus.edu.sg,Report publication update,Resolved,05490a7dc262f4a552acce14881d14d326bb9246b2874f49a39e2b9662f64e77,automation.service,2026-08-06,a3c82ea28e010628cd9b4ae47be27ead27bbb02301403f2065d3bf3c30b10b6b
MSG-202608-001344,2026-08-05 14:02:47,operations@vendor-example.com,platform.support@nus.edu.sg,Project status update,Resolved,9512b8c762cd9b9c73063998437e6a352dda56fd39dc76238982598fad980685,svc_fabric_pipeline,2026-08-06,791f4207d2ed7f6e186c7a519e42046ef53cdd013f2869f6e3fe2e136cc5fe16
MSG-202608-000575,2026-08-06 00:07:41,support@service-example.com,analytics.team@nus.edu.sg,File delivery confirmation,Failed,9512b8c762cd9b9c73063998437e6a352dda56fd39dc76238982598fad980685,voyce.peh,2026-08-08,378654e1238fa712bdc5a119cd3c53d2f6e6edd02e744c3ac634866a13360eaa
MSG-202608-000140,2026-08-06 01:12:29,project.office@example.com,reporting@nus.edu.sg,Pipeline execution summary,Delivered,e0d15de1e58a94820da67c31b0a3e5495269396173d686094268075fef5a801a,data.engineering,2026-08-06,a3f22c55b820e97e5695789dc1b05c5f3c9e388272d55c3e8385bc78271909e6
MSG-202608-001328,2026-08-06 05:24:35,data.platform@example.org,staff002@nus.edu.sg,Workspace permission request,Delivered,9512b8c762cd9b9c73063998437e6a352dda56fd39dc76238982598fad980685,svc_fabric_pipeline,2026-08-08,e478d59f1f4f182ffe5a9b598ab7b7bee7501193fddfaa33a73a96b0165353fa
MSG-202608-001424,2026-08-06 10:34:57,project.office@example.com,reporting@nus.edu.sg,Data validation results,Delivered,9512b8c762cd9b9c73063998437e6a352dda56fd39dc76238982598fad980685,automation.service,2026-08-06,0a4a7813b356fa87eb75995c3998e7d2191f6f3e3490fa3b22936217de8195f2
MSG-202608-001004,2026-08-06 19:28:12,operations@vendor-example.com,governance@nus.edu.sg,Data extract ready,Delivered,e0d15de1e58a94820da67c31b0a3e5495269396173d686094268075fef5a801a,voyce.peh,2026-08-07,1bd5b977da1aba1da70d42a49d8b7d468a8cf4cc5a2501ffdd550dfa54ae9c0a
MSG-202608-000136,2026-08-07 06:37:08,alice.tan@example.com,data.office@nus.edu.sg,System maintenance notice,Resolved,9512b8c762cd9b9c73063998437e6a352dda56fd39dc76238982598fad980685,svc_fabric_pipeline,2026-08-09,e47e0150bbb11eeaf441a17ecb1ae3738abed05100a8763cae9cc2346bd49012
MSG-202608-000412,2026-08-07 08:25:57,operations@vendor-example.com,analytics.team@nus.edu.sg,Incident resolution update,Delivered,e0d15de1e58a94820da67c31b0a3e5495269396173d686094268075fef5a801a,data.engineering,2026-08-08,2a3543d01df212b63917cba46ac02d486e3f0e44a8ba40c1ac316f9a59b22ad5
MSG-202608-001394,2026-08-08 09:45:25,notifications@system-example.net,reporting@nus.edu.sg,Monthly report submission,Delivered,e0d15de1e58a94820da67c31b0a3e5495269396173d686094268075fef5a801a,voyce.peh,2026-08-09,5224daf813553f1535932e4da75bb00cd474ed14d753bd5bce0a5b5e75b41d39
MSG-202608-001459,2026-08-08 14:59:43,alice.tan@example.com,reporting@nus.edu.sg,Meeting follow up,Delivered,9512b8c762cd9b9c73063998437e6a352dda56fd39dc76238982598fad980685,svc_fabric_pipeline,2026-08-08,cacca2366de3e7e4b597271d6c012c15254747a94f3f87be559b7a753ae1ae6a
MSG-202608-000592,2026-08-08 19:50:56,reporting.service@example.net,data.office@nus.edu.sg,Metadata update completed,Resolved,e0d15de1e58a94820da67c31b0a3e5495269396173d686094268075fef5a801a,svc_fabric_pipeline,2026-08-09,63fbc0957c90e648fafbda2ed68d08f1df27717303e1ebd36be7f2cf2a6972df
MSG-202608-001377,2026-08-08 22:03:45,support@service-example.com,staff003@nus.edu.sg,Data validation results,Delivered,e0d15de1e58a94820da67c31b0a3e5495269396173d686094268075fef5a801a,svc_fabric_pipeline,2026-08-10,efa1e6757f516b6e5e2ee0ec68560cfd333c637ff0ed573a82ef97141c3d4dc2
MSG-202608-000387,2026-08-09 08:33:09,access.management@example.com,staff003@nus.edu.sg,File delivery confirmation,Delivered,9512b8c762cd9b9c73063998437e6a352dda56fd39dc76238982598fad980685,voyce.peh,2026-08-09,33bee3a22b08fd5c9d6fb5dcbd1a5ec1fed62c60593e3467585f853e83a9699c
MSG-202608-000964,2026-08-09 14:01:01,support@service-example.com,staff003@nus.edu.sg,Workspace permission request,Delivered,9512b8c762cd9b9c73063998437e6a352dda56fd39dc76238982598fad980685,data.engineering,2026-08-11,9e3df41c885ae9170740aad502bfaa10ec63d5bcc5f483713703fdc06c718772
MSG-202608-001185,2026-08-09 14:18:41,operations@vendor-example.com,staff002@nus.edu.sg,Monthly report submission,Resolved,9512b8c762cd9b9c73063998437e6a352dda56fd39dc76238982598fad980685,automation.service,2026-08-11,0c54bfd3309eaeeabbb7fc5289325df0bd7cfa533084244b1d89ea5e1c2aff36
MSG-202608-000679,2026-08-09 18:04:16,support@service-example.com,analytics.team@nus.edu.sg,Dashboard refresh completed,Resolved,e0d15de1e58a94820da67c31b0a3e5495269396173d686094268075fef5a801a,voyce.peh,2026-08-11,908fda2b669335d25cf6d451dcd256cbbe2f4c383e9f44eee91bb4668daa8897
MSG-202608-000600,2026-08-10 00:27:00,reporting.service@example.net,governance@nus.edu.sg,Project status update,Delivered,05490a7dc262f4a552acce14881d14d326bb9246b2874f49a39e2b9662f64e77,data.engineering,2026-08-11,964209e8a86e5a0025f27fa5767eddf970243a6cac2d1875fd6bcafdcf7787e2
MSG-202608-000731,2026-08-11 07:52:49,data.platform@example.org,data.office@nus.edu.sg,Incident resolution update,Delivered,9512b8c762cd9b9c73063998437e6a352dda56fd39dc76238982598fad980685,automation.service,2026-08-12,b09aedb0caf3d7069e338451727e6a08f3f160a588db4828afc4bf912bb39c41
MSG-202608-000113,2026-08-12 01:41:17,data.platform@example.org,governance@nus.edu.sg,Monthly report submission,Delivered,05490a7dc262f4a552acce14881d14d326bb9246b2874f49a39e2b9662f64e77,svc_fabric_pipeline,2026-08-13,69520f89ac74dcae75f6a77676bec18bf11380eedc641dd9795cd88c328c03f0
MSG-202608-001319,2026-08-12 05:19:04,support@service-example.com,platform.support@nus.edu.sg,Data validation results,Delivered,9512b8c762cd9b9c73063998437e6a352dda56fd39dc76238982598fad980685,voyce.peh,2026-08-13,2043e02b7c04fce41e0468bae03139b440b568244ea428bf3c2d18e175d9a962
MSG-202608-000789,2026-08-12 10:12:56,data.platform@example.org,analytics.team@nus.edu.sg,Data validation results,Delivered,e0d15de1e58a94820da67c31b0a3e5495269396173d686094268075fef5a801a,voyce.peh,2026-08-14,44ee14aa104d3eace2eb7b260935b01457e53ada1afd521ec61cbcd9bfe98d48
MSG-202608-000786,2026-08-13 05:28:05,ben.lim@example.org,staff002@nus.edu.sg,Contract review reminder,Delivered,05490a7dc262f4a552acce14881d14d326bb9246b2874f49a39e2b9662f64e77,svc_fabric_pipeline,2026-08-14,26b915d162d6ff7ee2bafcea778ea10a590a1ed02056fd04ed365743f64f2004
MSG-202608-001296,2026-08-13 06:53:21,access.management@example.com,platform.support@nus.edu.sg,Data extract ready,Delivered,9512b8c762cd9b9c73063998437e6a352dda56fd39dc76238982598fad980685,voyce.peh,2026-08-14,0539cd34bd103f9fef65cb0d950887a660e79cac3abb166df97ff1c628fc7cba
MSG-202608-001420,2026-08-13 08:32:42,alice.tan@example.com,staff001@nus.edu.sg,Pipeline execution summary,Delivered,9512b8c762cd9b9c73063998437e6a352dda56fd39dc76238982598fad980685,voyce.peh,2026-08-14,9c206798d0319e20ae514f68a398cf160f03b0a7d8fbf767682e694b043cdc73
MSG-202608-000696,2026-08-13 11:19:11,support@service-example.com,staff001@nus.edu.sg,File delivery confirmation,Delivered,9512b8c762cd9b9c73063998437e6a352dda56fd39dc76238982598fad980685,automation.service,2026-08-15,88bf18c48f27ea396a366dafb69e7229444779a042172301c0039e1e78c8e2eb
MSG-202608-000072,2026-08-13 12:32:08,data.platform@example.org,governance@nus.edu.sg,Pipeline execution summary,Delivered,9512b8c762cd9b9c73063998437e6a352dda56fd39dc76238982598fad980685,voyce.peh,2026-08-14,946d2aaffb7a0ea3107719652163a86e37f918fad7fb0e60fa6554268b2f88c2
MSG-202608-000857,2026-08-13 15:54:22,ben.lim@example.org,staff001@nus.edu.sg,Project status update,Delivered,9512b8c762cd9b9c73063998437e6a352dda56fd39dc76238982598fad980685,svc_fabric_pipeline,2026-08-14,6963086a64c3b85d36eaf10324b1905281a65132e513783fb270cc7abe0bc8fc
MSG-202608-000118,2026-08-13 20:13:05,data.platform@example.org,platform.support@nus.edu.sg,Contract review reminder,Delivered,e0d15de1e58a94820da67c31b0a3e5495269396173d686094268075fef5a801a,svc_fabric_pipeline,2026-08-14,dffb5dbfd680af36cb1fb58e065ff316f0f08eba2792969b1a85e4a32420a252
MSG-202608-000893,2026-08-14 05:24:42,access.management@example.com,platform.support@nus.edu.sg,Project status update,Failed,9512b8c762cd9b9c73063998437e6a352dda56fd39dc76238982598fad980685,voyce.peh,2026-08-15,570e070fa319028c22117d5d64f93f55ed69aeb618d01827123f486bb95845d6
MSG-202608-001335,2026-08-14 12:09:16,ben.lim@example.org,analytics.team@nus.edu.sg,Workspace permission request,Delivered,e0d15de1e58a94820da67c31b0a3e5495269396173d686094268075fef5a801a,data.engineering,2026-08-15,21c59e13859b27c97a4a7cc6aa8845a8156c769f6b2d17d9a00d949c676ea0c7
MSG-202608-000937,2026-08-14 17:17:14,access.management@example.com,data.office@nus.edu.sg,Contract review reminder,Delivered,9512b8c762cd9b9c73063998437e6a352dda56fd39dc76238982598fad980685,voyce.peh,2026-08-14,8a2819bb3b5abe280398da8e9c2d4914e8de9c2e6d0e8bdf7a81406fd8362066
MSG-202608-001409,2026-08-14 20:12:35,data.platform@example.org,data.office@nus.edu.sg,Scheduled refresh notification,Delivered,9512b8c762cd9b9c73063998437e6a352dda56fd39dc76238982598fad980685,voyce.peh,2026-08-14,9c9e4ce89c9eabe7325eb1346bd5f24311af17069279bf78f074a5b3a6cb25bd
MSG-202608-000355,2026-08-14 22:31:16,notifications@system-example.net,staff002@nus.edu.sg,Meeting follow up,Delivered,9512b8c762cd9b9c73063998437e6a352dda56fd39dc76238982598fad980685,data.engineering,2026-08-16,6f1ce3c693a1307618c6fe6e7ce52b8236d98819176466dcf2648a7b21debcd3
MSG-202608-000460,2026-08-15 02:41:07,governance.team@example.org,staff001@nus.edu.sg,Pipeline execution summary,Delivered,9512b8c762cd9b9c73063998437e6a352dda56fd39dc76238982598fad980685,voyce.peh,2026-08-16,abedd364afe756a19acc61064828fabfb6830b25372ef3280879ce238c9a3a94
MSG-202608-000498,2026-08-15 04:29:47,alice.tan@example.com,analytics.team@nus.edu.sg,System maintenance notice,Resolved,e0d15de1e58a94820da67c31b0a3e5495269396173d686094268075fef5a801a,voyce.peh,2026-08-17,afb359549b3258c524f1a46381356b5a3c2a5950b078eee5d78c2a0707df2d21
MSG-202608-001132,2026-08-15 05:04:25,operations@vendor-example.com,reporting@nus.edu.sg,Workspace permission request,Resolved,05490a7dc262f4a552acce14881d14d326bb9246b2874f49a39e2b9662f64e77,voyce.peh,2026-08-15,8481a7ba0ee9e9044214df2733ab6553a00982a1d058edfbcd382f7ffbd8aa2b
MSG-202608-000686,2026-08-15 07:59:50,support@service-example.com,platform.support@nus.edu.sg,Incident resolution update,Delivered,9512b8c762cd9b9c73063998437e6a352dda56fd39dc76238982598fad980685,voyce.peh,2026-08-16,23cf0b42823d0a2837fc09c1212e351721f4390aaac0952cbbc361e51df093df
MSG-202608-001087,2026-08-15 13:01:29,ben.lim@example.org,staff001@nus.edu.sg,Access request approved,Delivered,9512b8c762cd9b9c73063998437e6a352dda56fd39dc76238982598fad980685,data.engineering,2026-08-16,67793c17a6d4397b58ea64a27b2465e994981a9c33429529e5dd9fb3bdb23c54
MSG-202608-000779,2026-08-16 00:45:39,alice.tan@example.com,data.office@nus.edu.sg,Project status update,Delivered,9512b8c762cd9b9c73063998437e6a352dda56fd39dc76238982598fad980685,automation.service,2026-08-17,f1463634b18242d064a983ad0f108f7b6a798eb31d7dbb57b53f43ad3ab5bdb9
MSG-202608-000232,2026-08-16 00:53:41,operations@vendor-example.com,staff002@nus.edu.sg,Project status update,Delivered,9512b8c762cd9b9c73063998437e6a352dda56fd39dc76238982598fad980685,svc_fabric_pipeline,2026-08-18,e7e868f515f60c7f6c9f08059a7856636bd80b7b85ce49b4ee44d2ff2845c412
MSG-202608-000466,2026-08-16 10:44:34,alice.tan@example.com,governance@nus.edu.sg,Pipeline execution summary,Resolved,9512b8c762cd9b9c73063998437e6a352dda56fd39dc76238982598fad980685,automation.service,2026-08-18,8e47458e7931b0e4df90b4075df4d295b953decf00634fee266022690a6987a9
MSG-202608-000455,2026-08-16 11:51:19,ben.lim@example.org,staff002@nus.edu.sg,Data extract ready,Delivered,9512b8c762cd9b9c73063998437e6a352dda56fd39dc76238982598fad980685,automation.service,2026-08-18,a9946a00279613ffb413ba067ce4ae34aef7425bef4f3917b94908774dc11191
MSG-202608-000796,2026-08-16 13:49:56,alice.tan@example.com,platform.support@nus.edu.sg,Access request approved,Delivered,9512b8c762cd9b9c73063998437e6a352dda56fd39dc76238982598fad980685,svc_fabric_pipeline,2026-08-17,45a79dbf1b43a9fef6cc8d3b1eb89fdc59d40d778881af85e3361199a035bd4d
MSG-202608-000977,2026-08-16 21:46:26,ben.lim@example.org,staff002@nus.edu.sg,Meeting follow up,Delivered,9512b8c762cd9b9c73063998437e6a352dda56fd39dc76238982598fad980685,data.engineering,2026-08-17,5088ae2f47a6b5d105c645ced68d2d49b39a1e48a1bd475cc98c2d5aa50b488b
MSG-202608-000214,2026-08-17 01:40:29,ben.lim@example.org,reporting@nus.edu.sg,Workspace permission request,Delivered,9512b8c762cd9b9c73063998437e6a352dda56fd39dc76238982598fad980685,svc_fabric_pipeline,2026-08-17,0cd1835a05d10cd12d3961d13b425a78dabdb3fb5970bf6da91f3dca15e598d7
MSG-202608-000560,2026-08-17 06:23:07,operations@vendor-example.com,platform.support@nus.edu.sg,Contract review reminder,Delivered,9512b8c762cd9b9c73063998437e6a352dda56fd39dc76238982598fad980685,data.engineering,2026-08-18,d76eb49edfffc1589d112e934e1f50e6dd81f012b890a5211a8aa35baa66c56b
MSG-202608-000959,2026-08-17 18:48:35,ben.lim@example.org,reporting@nus.edu.sg,Data validation results,Delivered,9512b8c762cd9b9c73063998437e6a352dda56fd39dc76238982598fad980685,data.engineering,2026-08-18,5377dabd3d9e115da4203c680402384680f6343d9a97782eae43a62207ae0f5a
MSG-202608-001039,2026-08-17 19:55:30,notifications@system-example.net,staff002@nus.edu.sg,Scheduled refresh notification,Delivered,9512b8c762cd9b9c73063998437e6a352dda56fd39dc76238982598fad980685,automation.service,2026-08-19,06605794fa9833f60a35041ae8177ef9505e9c89584d283ba1e00fd200f359ec
MSG-202608-000901,2026-08-18 10:29:57,reporting.service@example.net,staff002@nus.edu.sg,Monthly report submission,Resolved,9512b8c762cd9b9c73063998437e6a352dda56fd39dc76238982598fad980685,automation.service,2026-08-18,90bd49484cfd3e7181d6c9a237d2c364e63bf792e25f6a6b71118eece6acedbf
MSG-202608-000039,2026-08-18 14:57:34,data.platform@example.org,reporting@nus.edu.sg,Workspace permission request,Delivered,e0d15de1e58a94820da67c31b0a3e5495269396173d686094268075fef5a801a,automation.service,2026-08-19,df8e10ea8b9e2ea322481fe23fac1a1e4aa63fc2354fac8169e48a575a95eba5
MSG-202608-000965,2026-08-19 18:39:43,support@service-example.com,reporting@nus.edu.sg,Project status update,Delivered,9512b8c762cd9b9c73063998437e6a352dda56fd39dc76238982598fad980685,automation.service,2026-08-20,c0977b891dd4ea846d0e0dc47cb12375518dbda3390a42e709c8efc86fd459f9
MSG-202608-000241,2026-08-19 20:38:06,support@service-example.com,reporting@nus.edu.sg,Project status update,Delivered,9512b8c762cd9b9c73063998437e6a352dda56fd39dc76238982598fad980685,data.engineering,2026-08-21,f5f8f1bbf0e2b835ae9abd180065244dd58c4073cff622c2bad3b5568084c8ac
MSG-202608-001360,2026-08-21 02:09:05,ben.lim@example.org,governance@nus.edu.sg,Security access review,Delivered,e0d15de1e58a94820da67c31b0a3e5495269396173d686094268075fef5a801a,voyce.peh,2026-08-23,d8a3adc372335b4c8459ade4bbdb636016f692e93aa65dcb2a11f9cd1bc99339
MSG-202608-000040,2026-08-21 07:48:39,support@service-example.com,governance@nus.edu.sg,Access request approved,Delivered,e0d15de1e58a94820da67c31b0a3e5495269396173d686094268075fef5a801a,automation.service,2026-08-23,cf547154d2c3cad7738c2dce88b68282b2b527b89b63233651672599b7b31dca
MSG-202608-000649,2026-08-21 09:57:44,project.office@example.com,staff003@nus.edu.sg,Data validation results,Resolved,e0d15de1e58a94820da67c31b0a3e5495269396173d686094268075fef5a801a,svc_fabric_pipeline,2026-08-22,087b29ff4ff40bda5034fc4fba302be402061b18dda1ceb5fe8a6e046e660b47
MSG-202608-000984,2026-08-21 18:16:35,reporting.service@example.net,governance@nus.edu.sg,Meeting follow up,Resolved,e0d15de1e58a94820da67c31b0a3e5495269396173d686094268075fef5a801a,data.engineering,2026-08-22,81e046d8f8736a212ea9400d76f273ba8380b27adbbdbc559261c139525c49d9
MSG-202608-001158,2026-08-21 19:25:48,access.management@example.com,staff001@nus.edu.sg,Report publication update,Delivered,e0d15de1e58a94820da67c31b0a3e5495269396173d686094268075fef5a801a,voyce.peh,2026-08-21,ed706a428ef949bb732ad2fb2956b9fd809d50953fc4061d31ad8cee37219772
MSG-202608-000743,2026-08-22 06:47:12,governance.team@example.org,staff003@nus.edu.sg,Data extract ready,Delivered,9512b8c762cd9b9c73063998437e6a352dda56fd39dc76238982598fad980685,automation.service,2026-08-23,29920fe34ce200c6a959edacf7e7b6b669db690f70c8736f7ca50ebfb21f2d4e
MSG-202608-001297,2026-08-22 15:32:01,support@service-example.com,staff002@nus.edu.sg,Incident resolution update,Delivered,9512b8c762cd9b9c73063998437e6a352dda56fd39dc76238982598fad980685,data.engineering,2026-08-23,2eeaac44e417eb0a86111a3bfac2a769b9e58ae8012013d1d532f3c4461cf2cf
MSG-202608-000248,2026-08-22 23:46:40,notifications@system-example.net,data.office@nus.edu.sg,Data quality alert,Delivered,05490a7dc262f4a552acce14881d14d326bb9246b2874f49a39e2b9662f64e77,data.engineering,2026-08-23,f84f0e477144d46403878ed3e475c89a1bd9176ce6688860a89e34eb4056938e
MSG-202608-000864,2026-08-23 03:58:47,project.office@example.com,reporting@nus.edu.sg,File delivery confirmation,Delivered,9512b8c762cd9b9c73063998437e6a352dda56fd39dc76238982598fad980685,svc_fabric_pipeline,2026-08-24,4568b7e418f312e4c3a2486718b94e8a03693eb31ddddaef6579bc8ab8749aeb
MSG-202608-001152,2026-08-23 13:25:48,data.platform@example.org,analytics.team@nus.edu.sg,Data quality alert,Failed,9512b8c762cd9b9c73063998437e6a352dda56fd39dc76238982598fad980685,svc_fabric_pipeline,2026-08-24,3295ac78fe6f2580303db75f51435667766034a957d2c694f1f20b9132086100
MSG-202608-000142,2026-08-24 15:31:35,alice.tan@example.com,staff003@nus.edu.sg,Meeting follow up,Delivered,e0d15de1e58a94820da67c31b0a3e5495269396173d686094268075fef5a801a,svc_fabric_pipeline,2026-08-25,9a53c4099918ade8c7d77a30e343cf10aa0fed633c16363af75ee5bc8fb1aef9
MSG-202608-000897,2026-08-25 13:45:59,access.management@example.com,staff002@nus.edu.sg,Scheduled refresh notification,Delivered,9512b8c762cd9b9c73063998437e6a352dda56fd39dc76238982598fad980685,automation.service,2026-08-26,fd59d22705ccef062f4a561bbc67bcba02eee35be21c1ac58ce97bc820c20d0c
MSG-202608-001439,2026-08-25 16:24:57,alice.tan@example.com,staff001@nus.edu.sg,Pipeline execution summary,Resolved,9512b8c762cd9b9c73063998437e6a352dda56fd39dc76238982598fad980685,voyce.peh,2026-08-26,0634dd703474c6a25b08bcaa064dbf3a995609ae4909ebb4f4bf2cc669ad5e0e
MSG-202608-000098,2026-08-25 21:47:07,support@service-example.com,reporting@nus.edu.sg,Contract review reminder,Delivered,9512b8c762cd9b9c73063998437e6a352dda56fd39dc76238982598fad980685,data.engineering,2026-08-26,7d416dd70fd127759896c813cc6706845ffd0166b2bd66ecd53a0d56824a08eb
MSG-202608-001402,2026-08-25 22:55:51,reporting.service@example.net,governance@nus.edu.sg,Report publication update,Delivered,9512b8c762cd9b9c73063998437e6a352dda56fd39dc76238982598fad980685,voyce.peh,2026-08-27,5e6469d2cb661e8cea8e5587f223e7a34312e52f59f26172e40da572866e2ecd
MSG-202608-000799,2026-08-26 02:28:23,reporting.service@example.net,staff001@nus.edu.sg,System maintenance notice,Delivered,9512b8c762cd9b9c73063998437e6a352dda56fd39dc76238982598fad980685,svc_fabric_pipeline,2026-08-28,98ab9efb8fcedceb18723c916e4136eda6835fb92d7d69dd3f3ddae60bb58aa0
MSG-202608-000791,2026-08-26 04:36:06,ben.lim@example.org,data.office@nus.edu.sg,Service request update,Failed,9512b8c762cd9b9c73063998437e6a352dda56fd39dc76238982598fad980685,data.engineering,2026-08-26,073271cc20c4aa9486060c5807d9d126dacd9627f637746669ed4560550b87d6
MSG-202608-000896,2026-08-26 10:35:26,operations@vendor-example.com,staff001@nus.edu.sg,Meeting follow up,Delivered,9512b8c762cd9b9c73063998437e6a352dda56fd39dc76238982598fad980685,svc_fabric_pipeline,2026-08-28,dfeffe33b9f4ecb62924b9f8a42c77fa1cd6c9a21091bf0b1b2e0834ad6be955
MSG-202608-000648,2026-08-26 11:12:25,project.office@example.com,analytics.team@nus.edu.sg,Access request approved,Resolved,9512b8c762cd9b9c73063998437e6a352dda56fd39dc76238982598fad980685,voyce.peh,2026-08-28,6e0351f550ef5f22b96a9f2ecc92ac6a86a1092c687f7934ae9912e29ec74a24
MSG-202608-000227,2026-08-26 14:43:23,operations@vendor-example.com,reporting@nus.edu.sg,Report publication update,Delivered,9512b8c762cd9b9c73063998437e6a352dda56fd39dc76238982598fad980685,voyce.peh,2026-08-26,a126bb9c910139c7f9a029c1c7787179f91f9f57741023b9a52fc09491e796bc
MSG-202608-001284,2026-08-26 14:54:46,reporting.service@example.net,reporting@nus.edu.sg,Data quality alert,Delivered,e0d15de1e58a94820da67c31b0a3e5495269396173d686094268075fef5a801a,automation.service,2026-08-27,16aa9dbd8d9f8cb4bef5471b5e6d7f577013b224301775d9be364a76e5bd3764
MSG-202608-000399,2026-08-27 03:14:46,operations@vendor-example.com,reporting@nus.edu.sg,Scheduled refresh notification,Delivered,9512b8c762cd9b9c73063998437e6a352dda56fd39dc76238982598fad980685,data.engineering,2026-08-29,5139273bbf4260a1adaab02b1ed7aff028b6ab17f25fb2874cb1fbcff3d812c6
MSG-202608-000721,2026-08-27 18:14:50,support@service-example.com,platform.support@nus.edu.sg,Incident resolution update,Delivered,9512b8c762cd9b9c73063998437e6a352dda56fd39dc76238982598fad980685,svc_fabric_pipeline,2026-08-29,fca6377dafdc0427ff5291e52ed4c6b42db8e92dece12b1fccf7c960e7ba8b14
MSG-202608-000435,2026-08-28 03:44:36,reporting.service@example.net,data.office@nus.edu.sg,Service request update,Delivered,9512b8c762cd9b9c73063998437e6a352dda56fd39dc76238982598fad980685,data.engineering,2026-08-29,bc78a8c4bbe5e7ac4c1dcffa5c80aae8c41370b40b4c8e8cf5693a431d67c18b
MSG-202608-000100,2026-08-28 14:26:03,support@service-example.com,reporting@nus.edu.sg,Contract review reminder,Delivered,e0d15de1e58a94820da67c31b0a3e5495269396173d686094268075fef5a801a,automation.service,2026-08-30,0f4673fe50182d526e0c16b6c3b2a323686ba6910878e8cc8ed65af4b3ecf686
MSG-202608-000494,2026-08-28 15:31:32,project.office@example.com,platform.support@nus.edu.sg,Scheduled refresh notification,Delivered,9512b8c762cd9b9c73063998437e6a352dda56fd39dc76238982598fad980685,automation.service,2026-08-29,18473dccf79aabecd96ca5e900fdbf6c650ab622489a95567f891237fe48fd06
MSG-202608-000777,2026-08-29 02:58:20,notifications@system-example.net,staff002@nus.edu.sg,Metadata update completed,Delivered,9512b8c762cd9b9c73063998437e6a352dda56fd39dc76238982598fad980685,voyce.peh,2026-08-29,752a3d894ca097e6f57318ebce0ab9fecce212483efcd28989019742feb263c2
MSG-202608-000070,2026-08-29 09:13:16,operations@vendor-example.com,staff003@nus.edu.sg,System maintenance notice,Delivered,9512b8c762cd9b9c73063998437e6a352dda56fd39dc76238982598fad980685,voyce.peh,2026-08-30,a1048bfba72829bf1bc01969af5885d74cc98cae650a46cc374f3a5029c3ca22
MSG-202608-000054,2026-08-30 02:07:48,access.management@example.com,analytics.team@nus.edu.sg,Incident resolution update,Resolved,9512b8c762cd9b9c73063998437e6a352dda56fd39dc76238982598fad980685,svc_fabric_pipeline,2026-09-01,e9dd173f9b49f6d7779a9662861e067f46e125f5b621a0dc048b647aab7e11de
MSG-202608-001093,2026-08-30 14:54:11,ben.lim@example.org,reporting@nus.edu.sg,Security access review,Resolved,e0d15de1e58a94820da67c31b0a3e5495269396173d686094268075fef5a801a,automation.service,2026-08-31,01c1f87e3338c06e3600ddb8bb195fcf32bb985d1f5ad493991f266f59878ec7
MSG-202608-000231,2026-08-30 21:02:41,project.office@example.com,analytics.team@nus.edu.sg,Report publication update,Resolved,05490a7dc262f4a552acce14881d14d326bb9246b2874f49a39e2b9662f64e77,svc_fabric_pipeline,2026-08-31,3ed80bcbe30236675bc91b3155c77b9c92ba39be15a17f7102d46d823595e032
MSG-202608-000716,2026-08-30 21:15:57,access.management@example.com,data.office@nus.edu.sg,Contract review reminder,Delivered,9512b8c762cd9b9c73063998437e6a352dda56fd39dc76238982598fad980685,automation.service,2026-08-31,e8b9d8e44b3c9de0b92d2430b81c4fb07fb3ffef59a5f907cba5ab4a9df3bb7e
MSG-202608-000405,2026-08-31 06:43:46,governance.team@example.org,governance@nus.edu.sg,Data extract ready,Resolved,e0d15de1e58a94820da67c31b0a3e5495269396173d686094268075fef5a801a,automation.service,2026-09-01,330abc932648e7cd84c20b7d5d4aa91399f4454c18020bf997b756e8cc79d3f2
MSG-202608-000875,2026-08-31 07:37:05,project.office@example.com,data.office@nus.edu.sg,Incident resolution update,Delivered,9512b8c762cd9b9c73063998437e6a352dda56fd39dc76238982598fad980685,svc_fabric_pipeline,2026-09-01,cfc9edd6fc1fb126f5aa799ddf9392d0fa88205a90a79128b6c2a616cc969b08
MSG-202608-001091,2026-08-31 08:19:57,reporting.service@example.net,staff001@nus.edu.sg,Service request update,Delivered,05490a7dc262f4a552acce14881d14d326bb9246b2874f49a39e2b9662f64e77,svc_fabric_pipeline,2026-09-01,e1479eeabee557be997a7ccfef09915a4a55f587051f54244e25435525db14db
MSG-202608-000794,2026-08-31 09:14:34,notifications@system-example.net,governance@nus.edu.sg,File delivery confirmation,Delivered,e0d15de1e58a94820da67c31b0a3e5495269396173d686094268075fef5a801a,automation.service,2026-08-31,146be27cf5aacc6fdeaebb4d73c0628787558233db15bb20e3fefc7f14c1fc34
MSG-202608-001028,2026-08-31 12:32:52,reporting.service@example.net,staff001@nus.edu.sg,Contract review reminder,Resolved,9512b8c762cd9b9c73063998437e6a352dda56fd39dc76238982598fad980685,automation.service,2026-09-01,cce53842670d87c22c06452d1b17b9a1ef00972dcacbdeafcfeb20f90e36db19
MSG-202608-000301,2026-08-31 20:44:28,project.office@example.com,analytics.team@nus.edu.sg,Report publication update,Delivered,9512b8c762cd9b9c73063998437e6a352dda56fd39dc76238982598fad980685,svc_fabric_pipeline,2026-09-02,4dbaca3240a53b2aad29c867c67b7850a1fa17701f7f36fcc053d97f8405ccb3
MSG-202608-000656,2026-08-31 23:27:26,notifications@system-example.net,staff002@nus.edu.sg,Metadata update completed,Failed,9512b8c762cd9b9c73063998437e6a352dda56fd39dc76238982598fad980685,voyce.peh,2026-09-01,eda87e57589129d6dd379f665a64c4ed511459b96a91ee7a55ad9d77ca6198fd
MSG-202609-000414,2026-09-01 02:56:56,reporting.service@example.net,governance@nus.edu.sg,Incident resolution update,Delivered,9512b8c762cd9b9c73063998437e6a352dda56fd39dc76238982598fad980685,data.engineering,2026-09-03,e3a7f4143f3dff47a7c11e425236323f699c853a196b1af67b256dcd08a44e30
MSG-202609-000016,2026-09-01 08:59:32,reporting.service@example.net,data.office@nus.edu.sg,Report publication update,Resolved,9512b8c762cd9b9c73063998437e6a352dda56fd39dc76238982598fad980685,automation.service,2026-09-03,c6f52bef5f1ba32c47239e98536d54e42bed882c970aae3bc8de6075c87c7dd2
MSG-202609-000077,2026-09-01 09:59:31,alice.tan@example.com,staff001@nus.edu.sg,System maintenance notice,Delivered,9512b8c762cd9b9c73063998437e6a352dda56fd39dc76238982598fad980685,data.engineering,2026-09-03,050f47a78cb0c60d2fefd1dc5bc70b998521eff26a3e68dc5cc5d0123ec57beb
MSG-202609-000419,2026-09-02 01:41:33,data.platform@example.org,staff003@nus.edu.sg,Metadata update completed,Failed,9512b8c762cd9b9c73063998437e6a352dda56fd39dc76238982598fad980685,voyce.peh,2026-09-04,6301547625d3ba04679d68320d7e771208ff845905527826c6b24571b7c462ac
MSG-202609-000204,2026-09-02 09:12:27,governance.team@example.org,reporting@nus.edu.sg,System maintenance notice,Delivered,05490a7dc262f4a552acce14881d14d326bb9246b2874f49a39e2b9662f64e77,data.engineering,2026-09-02,c31c4e3f1d848f41f62b206df2a04fb097b6f0cce3d0240c02500bb0fc0db591
MSG-202609-001251,2026-09-03 01:51:40,support@service-example.com,reporting@nus.edu.sg,User account request,Delivered,9512b8c762cd9b9c73063998437e6a352dda56fd39dc76238982598fad980685,voyce.peh,2026-09-05,c000285396bf5eb44f3dd1a66d6e4b7509b13481a8eb63e8e9793398a4a96465
MSG-202609-001002,2026-09-03 02:37:28,alice.tan@example.com,reporting@nus.edu.sg,Access request approved,Resolved,9512b8c762cd9b9c73063998437e6a352dda56fd39dc76238982598fad980685,svc_fabric_pipeline,2026-09-04,55ab7d7327cf6411a1ba2165cced066e883679404bff461d7898ca80de757295
MSG-202609-000540,2026-09-03 13:02:06,access.management@example.com,platform.support@nus.edu.sg,File delivery confirmation,Delivered,9512b8c762cd9b9c73063998437e6a352dda56fd39dc76238982598fad980685,data.engineering,2026-09-03,fdf723a406afdd064d2b579737d9a1ba68d0bd6fdebd5bb8e64709535582bc4f
MSG-202609-001106,2026-09-03 16:01:11,access.management@example.com,analytics.team@nus.edu.sg,Scheduled refresh notification,Delivered,e0d15de1e58a94820da67c31b0a3e5495269396173d686094268075fef5a801a,svc_fabric_pipeline,2026-09-03,dae1267c1b6c72ddaf26b128c70540ace7450a5980422b8522a93fa6102f5a74
MSG-202609-000492,2026-09-03 23:32:03,ben.lim@example.org,staff003@nus.edu.sg,Monthly report submission,Delivered,9512b8c762cd9b9c73063998437e6a352dda56fd39dc76238982598fad980685,data.engineering,2026-09-05,ba676c6090ddba803626d66a4d00440d2cb8a46ab69e83b21a205a7e113d0715
MSG-202609-000331,2026-09-04 12:00:36,operations@vendor-example.com,platform.support@nus.edu.sg,Access request approved,Delivered,e0d15de1e58a94820da67c31b0a3e5495269396173d686094268075fef5a801a,voyce.peh,2026-09-05,8dbeca56353f90b13fdbcc416a820c65b2974ec354cb73bc78d22ea599d574d9
MSG-202609-000502,2026-09-04 13:28:33,ben.lim@example.org,governance@nus.edu.sg,Pipeline execution summary,Delivered,9512b8c762cd9b9c73063998437e6a352dda56fd39dc76238982598fad980685,data.engineering,2026-09-05,386d95fac3ef04b704736c4f9208a2fc9ec1f8702830ac59011089fad1222935
MSG-202609-000517,2026-09-04 15:37:32,project.office@example.com,staff002@nus.edu.sg,Dashboard refresh completed,Delivered,9512b8c762cd9b9c73063998437e6a352dda56fd39dc76238982598fad980685,data.engineering,2026-09-05,35577ba4d91f713fb2d8b7d63352177020d313aa3156822219d25ba3c26fc10c
MSG-202609-000194,2026-09-04 21:04:14,access.management@example.com,analytics.team@nus.edu.sg,Contract review reminder,Delivered,e0d15de1e58a94820da67c31b0a3e5495269396173d686094268075fef5a801a,svc_fabric_pipeline,2026-09-05,aacff2d5c7443ac25a21022b493a326ca4dd84ffe5398a3a3893e73957bbba4b
MSG-202609-001404,2026-09-04 21:27:07,operations@vendor-example.com,staff002@nus.edu.sg,Report publication update,Delivered,9512b8c762cd9b9c73063998437e6a352dda56fd39dc76238982598fad980685,data.engineering,2026-09-05,4a9772f34863dd4bc0585c799918d142c69def31f7aa0d460dc586d5ebac1b3f
MSG-202609-001321,2026-09-04 22:24:29,access.management@example.com,staff003@nus.edu.sg,Workspace permission request,Delivered,9512b8c762cd9b9c73063998437e6a352dda56fd39dc76238982598fad980685,svc_fabric_pipeline,2026-09-05,88032b11bd5b876e1cb2906796590421d80d14ffacc3475123ca1c4d1d9aca14
MSG-202609-000994,2026-09-05 04:19:50,ben.lim@example.org,platform.support@nus.edu.sg,Data quality alert,Failed,9512b8c762cd9b9c73063998437e6a352dda56fd39dc76238982598fad980685,data.engineering,2026-09-06,8b4eb45feae6c857c773f9b3e5cb41ecea7417917e4d9c3c054ebfd442a0da6c
MSG-202609-000007,2026-09-05 15:57:27,project.office@example.com,staff002@nus.edu.sg,Report publication update,Delivered,e0d15de1e58a94820da67c31b0a3e5495269396173d686094268075fef5a801a,svc_fabric_pipeline,2026-09-06,3b302eb586894aeaced3574c8c276fa8b747281fd70a4d3ed9537cca029d4b99
MSG-202609-000729,2026-09-05 20:55:35,ben.lim@example.org,governance@nus.edu.sg,Data validation results,Delivered,9512b8c762cd9b9c73063998437e6a352dda56fd39dc76238982598fad980685,svc_fabric_pipeline,2026-09-07,bfe86c30f81130be96d9c17b6279abc74b52127e81221f1c61b581a840c9d493
MSG-202609-000085,2026-09-06 04:59:45,notifications@system-example.net,reporting@nus.edu.sg,Report publication update,Delivered,9512b8c762cd9b9c73063998437e6a352dda56fd39dc76238982598fad980685,automation.service,2026-09-08,dd1ce3a704c749bcdb44eaedecda82472f624eca53b093c3c15b0fa56b446a99
MSG-202609-000761,2026-09-06 09:15:14,access.management@example.com,reporting@nus.edu.sg,Metadata update completed,Delivered,e0d15de1e58a94820da67c31b0a3e5495269396173d686094268075fef5a801a,svc_fabric_pipeline,2026-09-07,aadb34c67d1b2d67bd23d7f0820bc7ef046c0f1385a26ab95b766c7341fda8e1
MSG-202609-000275,2026-09-06 09:16:07,access.management@example.com,staff003@nus.edu.sg,Metadata update completed,Failed,9512b8c762cd9b9c73063998437e6a352dda56fd39dc76238982598fad980685,voyce.peh,2026-09-07,b68d46c59d75916c9ab6ba9570add182e99efafecbd5dd5546480fb230e0f482
MSG-202609-001433,2026-09-06 10:27:14,data.platform@example.org,staff002@nus.edu.sg,Access request approved,Delivered,9512b8c762cd9b9c73063998437e6a352dda56fd39dc76238982598fad980685,voyce.peh,2026-09-06,6f320536a361f5d37b0996553acf89719558d2a65524e2821f76c9456aeef67e
MSG-202609-001310,2026-09-06 20:27:41,ben.lim@example.org,staff002@nus.edu.sg,Scheduled refresh notification,Failed,9512b8c762cd9b9c73063998437e6a352dda56fd39dc76238982598fad980685,automation.service,2026-09-07,8109fab2d06951aec58d2d449542554aa85396c48a5ddc89bcbfe9d6a21bcd91
MSG-202609-001113,2026-09-06 22:48:30,project.office@example.com,reporting@nus.edu.sg,Scheduled refresh notification,Resolved,9512b8c762cd9b9c73063998437e6a352dda56fd39dc76238982598fad980685,voyce.peh,2026-09-07,f7afcded993329f8cc9c4215950072ca91f605544b2eddccd710eb33795fcc6a
MSG-202609-000147,2026-09-07 00:39:04,access.management@example.com,staff001@nus.edu.sg,Data extract ready,Delivered,e0d15de1e58a94820da67c31b0a3e5495269396173d686094268075fef5a801a,data.engineering,2026-09-07,f9b80094ad88f88f18cd283166a4ebad20d84bad4a537f3eff50adb1122df69b
MSG-202609-001474,2026-09-08 00:58:19,ben.lim@example.org,staff002@nus.edu.sg,Service request update,Delivered,9512b8c762cd9b9c73063998437e6a352dda56fd39dc76238982598fad980685,voyce.peh,2026-09-09,bf1f75a106d3c84b75029f6a1ffce04f1da62033fb71f9c2b813691c3ae9487b
MSG-202609-001316,2026-09-08 01:17:47,reporting.service@example.net,data.office@nus.edu.sg,Dashboard refresh completed,Delivered,05490a7dc262f4a552acce14881d14d326bb9246b2874f49a39e2b9662f64e77,voyce.peh,2026-09-10,74dd39aea79f656db7dc611098327f45b45775edd1165f9a3a9d15a78b99664b
MSG-202609-000968,2026-09-08 05:39:05,data.platform@example.org,staff002@nus.edu.sg,Access request approved,Resolved,9512b8c762cd9b9c73063998437e6a352dda56fd39dc76238982598fad980685,data.engineering,2026-09-09,3c31f7a7c7e6f44b454b0f8d41e12ac9a5012c225a8adf9c2d24801d4085f833
MSG-202609-000957,2026-09-08 11:40:53,operations@vendor-example.com,staff002@nus.edu.sg,Meeting follow up,Resolved,9512b8c762cd9b9c73063998437e6a352dda56fd39dc76238982598fad980685,data.engineering,2026-09-09,610224a480bda1c9df7b014159b15d2229b4254b7a89ac2ca128e5297d4a9e88
MSG-202609-000467,2026-09-08 13:14:20,support@service-example.com,data.office@nus.edu.sg,File delivery confirmation,Delivered,9512b8c762cd9b9c73063998437e6a352dda56fd39dc76238982598fad980685,svc_fabric_pipeline,2026-09-08,ee09621a136abacef5509667c592bd05cb6b764bb18992b16f074c14f0c98849
MSG-202609-000457,2026-09-08 18:51:45,reporting.service@example.net,reporting@nus.edu.sg,Data validation results,Delivered,9512b8c762cd9b9c73063998437e6a352dda56fd39dc76238982598fad980685,voyce.peh,2026-09-10,eeb2ec9dab81c37ac97ed6dda8827ab831882c948479a04978b00deceb7e1b9d
MSG-202609-000556,2026-09-08 23:02:37,data.platform@example.org,platform.support@nus.edu.sg,Security access review,Delivered,e0d15de1e58a94820da67c31b0a3e5495269396173d686094268075fef5a801a,automation.service,2026-09-09,6df629b89305e89849752312151fa7a394626d7a3bb6be5bfff6cb67d28346a5
MSG-202609-001466,2026-09-09 02:07:50,reporting.service@example.net,staff001@nus.edu.sg,Security access review,Delivered,9512b8c762cd9b9c73063998437e6a352dda56fd39dc76238982598fad980685,data.engineering,2026-09-09,786176d798f96cb7657e29b509e82c1fdcc183f006e42baa8b91fab8d52d34cc
MSG-202609-001264,2026-09-09 04:27:38,access.management@example.com,reporting@nus.edu.sg,Security access review,Resolved,e0d15de1e58a94820da67c31b0a3e5495269396173d686094268075fef5a801a,voyce.peh,2026-09-10,112ccda858e9345480bec039f465f996d3e248c062178b2ab9cd7f6a4ac25698
MSG-202609-000259,2026-09-09 06:02:46,reporting.service@example.net,governance@nus.edu.sg,Data validation results,Delivered,9512b8c762cd9b9c73063998437e6a352dda56fd39dc76238982598fad980685,svc_fabric_pipeline,2026-09-11,fd0d3aaf23378fce84590fe93281d7335ed14378dda03c9fc9a42bc48a6ea352
MSG-202609-001300,2026-09-09 07:50:03,governance.team@example.org,data.office@nus.edu.sg,Access request approved,Delivered,9512b8c762cd9b9c73063998437e6a352dda56fd39dc76238982598fad980685,automation.service,2026-09-11,18503341443abcf4cb98c3524fe1bdc6ee027da775f00149faac325a9d0549e3
MSG-202609-000634,2026-09-09 11:10:42,project.office@example.com,analytics.team@nus.edu.sg,Meeting follow up,Delivered,e0d15de1e58a94820da67c31b0a3e5495269396173d686094268075fef5a801a,data.engineering,2026-09-10,affb2211d1577bfe657e3cbedc1ff91e9674d00dd92a80f4486caf2ea80f4245
MSG-202609-001460,2026-09-09 13:34:02,project.office@example.com,staff003@nus.edu.sg,Monthly report submission,Delivered,05490a7dc262f4a552acce14881d14d326bb9246b2874f49a39e2b9662f64e77,svc_fabric_pipeline,2026-09-10,96004d81331110d09c0dbbfc33756a9e2d45323e64aad8be5602995cd337f789
MSG-202609-000093,2026-09-09 13:46:03,data.platform@example.org,reporting@nus.edu.sg,Report publication update,Delivered,9512b8c762cd9b9c73063998437e6a352dda56fd39dc76238982598fad980685,voyce.peh,2026-09-11,1946931b980a5a72a18c4282bedc662d54cab0f5a66e3e2034777ea9f1feb7f7
MSG-202609-001029,2026-09-09 14:52:10,notifications@system-example.net,staff001@nus.edu.sg,Data validation results,Delivered,9512b8c762cd9b9c73063998437e6a352dda56fd39dc76238982598fad980685,voyce.peh,2026-09-10,d577fa239fcbff2b7cdcff05e05fde0275b8ee83efb607c200153a7766660b62
MSG-202609-000025,2026-09-09 20:54:27,reporting.service@example.net,reporting@nus.edu.sg,Data validation results,Delivered,9512b8c762cd9b9c73063998437e6a352dda56fd39dc76238982598fad980685,svc_fabric_pipeline,2026-09-09,301040005b67639437603eb4874f1bc183538da16e24eb2d029cd165c2308dd7
MSG-202609-000940,2026-09-09 22:32:47,project.office@example.com,platform.support@nus.edu.sg,Pipeline execution summary,Delivered,9512b8c762cd9b9c73063998437e6a352dda56fd39dc76238982598fad980685,voyce.peh,2026-09-10,e616db88c28c5826111a3f6a87d294f827cd8d97c142e5ef54828893e776cdb4
MSG-202609-000190,2026-09-10 14:28:19,reporting.service@example.net,staff001@nus.edu.sg,Data extract ready,Delivered,9512b8c762cd9b9c73063998437e6a352dda56fd39dc76238982598fad980685,automation.service,2026-09-12,565784fc063b0b0ba376c48cbdd57bf38b0084b2f2847cab2ee2d053c73dbe47
MSG-202609-000861,2026-09-11 01:12:08,data.platform@example.org,staff003@nus.edu.sg,Contract review reminder,Failed,e0d15de1e58a94820da67c31b0a3e5495269396173d686094268075fef5a801a,data.engineering,2026-09-13,996aee7e0f6effe5fad12a961cf5edcc5f59963103ea1836216eb0c5da6a2c06
MSG-202609-001192,2026-09-11 17:05:35,operations@vendor-example.com,data.office@nus.edu.sg,Monthly report submission,Resolved,e0d15de1e58a94820da67c31b0a3e5495269396173d686094268075fef5a801a,svc_fabric_pipeline,2026-09-13,7fb2ae3dda653c907ee96d917230105136e93dcf22a18513ed9c03dbbf315f7d
MSG-202609-000879,2026-09-11 20:26:15,access.management@example.com,data.office@nus.edu.sg,Service request update,Delivered,e0d15de1e58a94820da67c31b0a3e5495269396173d686094268075fef5a801a,data.engineering,2026-09-13,29fa5eaa3647c9bf5461150e48ab719702d67a190b731e4cbf78eaf5360486cb
MSG-202609-001308,2026-09-12 15:45:43,data.platform@example.org,analytics.team@nus.edu.sg,Project status update,Resolved,e0d15de1e58a94820da67c31b0a3e5495269396173d686094268075fef5a801a,svc_fabric_pipeline,2026-09-13,fb0b7b470edbe7166283f023fd4dd4c0ecb7a6361185ffa4fd94f3f84d90b3ab
MSG-202609-000588,2026-09-12 23:20:33,data.platform@example.org,platform.support@nus.edu.sg,Dashboard refresh completed,Delivered,9512b8c762cd9b9c73063998437e6a352dda56fd39dc76238982598fad980685,data.engineering,2026-09-14,467725342a41d065f83c4363b55ddb8bef3a31b65db67331dc388738005d2ae4
MSG-202609-000586,2026-09-13 00:25:00,data.platform@example.org,governance@nus.edu.sg,Service request update,Resolved,9512b8c762cd9b9c73063998437e6a352dda56fd39dc76238982598fad980685,svc_fabric_pipeline,2026-09-14,4d88d91a911835882b8b5b475b213a986dab9bf906671d8f86ed8a60350259fd
MSG-202609-001369,2026-09-13 01:34:26,support@service-example.com,staff003@nus.edu.sg,Dashboard refresh completed,Resolved,e0d15de1e58a94820da67c31b0a3e5495269396173d686094268075fef5a801a,automation.service,2026-09-13,4aa5c9c7fa3e73841d9fe8769d7d5a1dbd5bc957e794945e888cf0ce0284bf40
MSG-202609-000079,2026-09-13 11:46:17,ben.lim@example.org,platform.support@nus.edu.sg,Access request approved,Resolved,e0d15de1e58a94820da67c31b0a3e5495269396173d686094268075fef5a801a,data.engineering,2026-09-15,99ead606e2c3a6fd56a388f944579875c9fd71321ae2f32e6de5c504db07a1b8
MSG-202609-001348,2026-09-13 18:10:33,alice.tan@example.com,governance@nus.edu.sg,Security access review,Delivered,e0d15de1e58a94820da67c31b0a3e5495269396173d686094268075fef5a801a,automation.service,2026-09-15,8c567efa0bd59dc7221c09eacd9b2742c2f8847da93dffb78ad4b39c16f8a55a
MSG-202609-000239,2026-09-13 21:11:18,data.platform@example.org,staff002@nus.edu.sg,Data validation results,Delivered,e0d15de1e58a94820da67c31b0a3e5495269396173d686094268075fef5a801a,automation.service,2026-09-14,bc613f4f72647ae937e9ff5a41200ba74bea55fe475cba6d5b995013d52300a8
MSG-202609-000610,2026-09-14 16:32:46,notifications@system-example.net,reporting@nus.edu.sg,Meeting follow up,Resolved,9512b8c762cd9b9c73063998437e6a352dda56fd39dc76238982598fad980685,automation.service,2026-09-14,48b8224fea24c050756ae294bd84ac8dbce37cbb29b8323332ccc7c2e168b8df
MSG-202609-000557,2026-09-14 17:00:28,alice.tan@example.com,governance@nus.edu.sg,Monthly report submission,Failed,05490a7dc262f4a552acce14881d14d326bb9246b2874f49a39e2b9662f64e77,voyce.peh,2026-09-15,a594cb420acc532bc0566a84dc574664c13c85ac1cb57db4b69ba52464840f21
MSG-202609-000045,2026-09-14 19:02:39,data.platform@example.org,data.office@nus.edu.sg,Data quality alert,Resolved,9512b8c762cd9b9c73063998437e6a352dda56fd39dc76238982598fad980685,automation.service,2026-09-15,cfc77de8bcee82453d1260841ade104b331b43ed07bf68a10137986afa9837b8
MSG-202609-001063,2026-09-14 22:09:04,alice.tan@example.com,analytics.team@nus.edu.sg,Service request update,Resolved,9512b8c762cd9b9c73063998437e6a352dda56fd39dc76238982598fad980685,svc_fabric_pipeline,2026-09-16,6dfc7dd35e3b2b7bc32a3553f8714c557cf2519030aa77a84b1daa7c9598f04b
MSG-202609-000154,2026-09-14 22:46:11,ben.lim@example.org,reporting@nus.edu.sg,Service request update,Failed,9512b8c762cd9b9c73063998437e6a352dda56fd39dc76238982598fad980685,data.engineering,2026-09-14,76c7500a2e90b550f54a273d04be68a076ad804c0904fd286ce3b48b7f0c856d
MSG-202609-001148,2026-09-15 01:10:08,data.platform@example.org,reporting@nus.edu.sg,Security access review,Delivered,9512b8c762cd9b9c73063998437e6a352dda56fd39dc76238982598fad980685,data.engineering,2026-09-16,db042cff0ded1aa21f4a7ffe8acedf516ab81da79ff09b893c6fcaf8ac4582f9
MSG-202609-000947,2026-09-15 08:41:53,ben.lim@example.org,reporting@nus.edu.sg,Monthly report submission,Resolved,9512b8c762cd9b9c73063998437e6a352dda56fd39dc76238982598fad980685,svc_fabric_pipeline,2026-09-16,b657762fdb1151bb99dd8c0f71a7f762eba4c9f3906606baa6dfc096ae3a8ee3
MSG-202609-000868,2026-09-15 12:23:28,notifications@system-example.net,platform.support@nus.edu.sg,Contract review reminder,Failed,9512b8c762cd9b9c73063998437e6a352dda56fd39dc76238982598fad980685,svc_fabric_pipeline,2026-09-17,4140df0c83c6c9be09d553d8579cbed818d126f2a493e62d32badcd22e326225
MSG-202609-001390,2026-09-15 17:19:53,operations@vendor-example.com,reporting@nus.edu.sg,Security access review,Resolved,9512b8c762cd9b9c73063998437e6a352dda56fd39dc76238982598fad980685,data.engineering,2026-09-16,2bcf30b92070ec1a35699871884dd7e7e48c27875a663a64498d014035735fe5
MSG-202609-000022,2026-09-15 19:58:24,notifications@system-example.net,reporting@nus.edu.sg,Workspace permission request,Failed,9512b8c762cd9b9c73063998437e6a352dda56fd39dc76238982598fad980685,data.engineering,2026-09-15,9403fa9942af3bb36450b22b8342bf2779a485f4e75ae62c5f9d36aabfd2609a
MSG-202609-001346,2026-09-16 03:05:19,data.platform@example.org,staff002@nus.edu.sg,Monthly report submission,Resolved,e0d15de1e58a94820da67c31b0a3e5495269396173d686094268075fef5a801a,svc_fabric_pipeline,2026-09-17,0f14626e12110a4a479f6da980d7c561d2fe27f7cbc92dcec9059cdef786c6de
MSG-202609-001419,2026-09-16 09:06:13,operations@vendor-example.com,reporting@nus.edu.sg,File delivery confirmation,Delivered,05490a7dc262f4a552acce14881d14d326bb9246b2874f49a39e2b9662f64e77,data.engineering,2026-09-17,dc2d2e1049540c5a11430790650055e718a154b0b8883c74e45d04a63f29b519
MSG-202609-000849,2026-09-16 15:40:43,project.office@example.com,platform.support@nus.edu.sg,Meeting follow up,Delivered,e0d15de1e58a94820da67c31b0a3e5495269396173d686094268075fef5a801a,automation.service,2026-09-17,62be5049be45b7459f79610a2cac3e6fd628cdfc81b9a6d88999eb68ac5b7193
MSG-202609-001228,2026-09-17 05:20:27,notifications@system-example.net,governance@nus.edu.sg,Meeting follow up,Delivered,9512b8c762cd9b9c73063998437e6a352dda56fd39dc76238982598fad980685,svc_fabric_pipeline,2026-09-18,d3e7a4c6d9a870356c45c834e3baa77df38666d84dc1038a86217e53f44e4247
MSG-202609-000096,2026-09-17 07:26:26,operations@vendor-example.com,reporting@nus.edu.sg,Dashboard refresh completed,Resolved,9512b8c762cd9b9c73063998437e6a352dda56fd39dc76238982598fad980685,automation.service,2026-09-18,dfac818207f437d548ee9660cfcb1acf2f590a0762c87ff675f819fe7609432d
MSG-202609-000953,2026-09-17 10:17:23,governance.team@example.org,platform.support@nus.edu.sg,Pipeline execution summary,Failed,9512b8c762cd9b9c73063998437e6a352dda56fd39dc76238982598fad980685,voyce.peh,2026-09-17,85eb825f0879812ef82606a9c05f97c8b37c559be489c5433ec626fa3f50e504
MSG-202609-000033,2026-09-17 15:22:59,alice.tan@example.com,data.office@nus.edu.sg,System maintenance notice,Delivered,9512b8c762cd9b9c73063998437e6a352dda56fd39dc76238982598fad980685,svc_fabric_pipeline,2026-09-18,fc6ea1f209b46b38f44455ef6eec57b83e5a0012eb743f2e4274bee4a161370b
MSG-202609-000417,2026-09-17 20:18:53,alice.tan@example.com,staff003@nus.edu.sg,Service request update,Delivered,9512b8c762cd9b9c73063998437e6a352dda56fd39dc76238982598fad980685,svc_fabric_pipeline,2026-09-18,b2484e8d6dc42fdfb2efb404b98de6023d32e622737c71f3a708bec514101a06
MSG-202609-000481,2026-09-17 20:21:43,access.management@example.com,staff001@nus.edu.sg,Service request update,Failed,e0d15de1e58a94820da67c31b0a3e5495269396173d686094268075fef5a801a,data.engineering,2026-09-18,0a18d6809cb75274214065a39a420fdb66457e319d62b8959f92dbeffeac3909
MSG-202609-001121,2026-09-17 23:31:32,operations@vendor-example.com,staff003@nus.edu.sg,Data validation results,Resolved,05490a7dc262f4a552acce14881d14d326bb9246b2874f49a39e2b9662f64e77,data.engineering,2026-09-18,14a7a416b1b9006d36abe6c15980cb0e729708295fabc66e38e4d34cc39405a2
MSG-202609-001362,2026-09-18 01:18:06,support@service-example.com,reporting@nus.edu.sg,Meeting follow up,Delivered,9512b8c762cd9b9c73063998437e6a352dda56fd39dc76238982598fad980685,data.engineering,2026-09-20,f07f7b45c04006a79ce9478df26fb03a224ac40a79ffbe233b8d1505a6d10cee
MSG-202609-000283,2026-09-18 05:04:58,access.management@example.com,analytics.team@nus.edu.sg,File delivery confirmation,Delivered,9512b8c762cd9b9c73063998437e6a352dda56fd39dc76238982598fad980685,svc_fabric_pipeline,2026-09-19,46ce2b97fdd0f93173ed3293c1db65cbc5fb1c95831fce9a4a1f489566a33531
MSG-202609-000124,2026-09-19 10:08:48,notifications@system-example.net,staff002@nus.edu.sg,Incident resolution update,Delivered,9512b8c762cd9b9c73063998437e6a352dda56fd39dc76238982598fad980685,data.engineering,2026-09-20,74677d9997b2addf63fd9258f93758bec2e098f519772279106c0cc392bb96de
MSG-202609-000325,2026-09-19 12:30:03,notifications@system-example.net,staff003@nus.edu.sg,Incident resolution update,Delivered,9512b8c762cd9b9c73063998437e6a352dda56fd39dc76238982598fad980685,voyce.peh,2026-09-20,82cd28bbd58892079b4ada05e31ed9292f98f15f5af79a128390ec8fb5e0a3af
MSG-202609-000482,2026-09-19 23:47:12,reporting.service@example.net,platform.support@nus.edu.sg,Report publication update,Delivered,9512b8c762cd9b9c73063998437e6a352dda56fd39dc76238982598fad980685,voyce.peh,2026-09-20,832e7d355f7e1ceb4a5ada7ed4e4fdface93a078725f7428577d7d54ef872ee2
MSG-202609-000207,2026-09-20 07:45:39,governance.team@example.org,staff003@nus.edu.sg,Data extract ready,Delivered,e0d15de1e58a94820da67c31b0a3e5495269396173d686094268075fef5a801a,svc_fabric_pipeline,2026-09-21,3280bad9698c3ef77fa1f4b762188dbcdf12141f726c0c029073ebead55ca4e6
MSG-202609-000268,2026-09-20 11:18:46,access.management@example.com,staff001@nus.edu.sg,Data extract ready,Delivered,9512b8c762cd9b9c73063998437e6a352dda56fd39dc76238982598fad980685,automation.service,2026-09-22,e59f45619f373e5fc9ebee57836bb206e744d622435928989ee829fbcbf08d65
MSG-202609-000065,2026-09-20 12:01:27,project.office@example.com,data.office@nus.edu.sg,Pipeline execution summary,Resolved,e0d15de1e58a94820da67c31b0a3e5495269396173d686094268075fef5a801a,automation.service,2026-09-21,515cdee2214b8c5ccb4171942c581295281ef3158ab1090d982e8a80231a350f
MSG-202609-001411,2026-09-20 14:30:55,reporting.service@example.net,governance@nus.edu.sg,Service request update,Failed,e0d15de1e58a94820da67c31b0a3e5495269396173d686094268075fef5a801a,svc_fabric_pipeline,2026-09-21,c94af36e263ba6e6f0711f493f7b23e4fe3076dee0e2e68842a4c01f8aa05c8d
MSG-202609-000758,2026-09-20 20:27:01,data.platform@example.org,data.office@nus.edu.sg,Access request approved,Delivered,9512b8c762cd9b9c73063998437e6a352dda56fd39dc76238982598fad980685,automation.service,2026-09-21,b8b79a6fcbbba23e597f6aa672c6c8bfeb687cee26900eb65df7064cc07d5738
MSG-202609-000409,2026-09-21 06:39:04,reporting.service@example.net,reporting@nus.edu.sg,Pipeline execution summary,Failed,e0d15de1e58a94820da67c31b0a3e5495269396173d686094268075fef5a801a,data.engineering,2026-09-22,dabc0c45426e89111195fd806494dcdeb939fff6f1840badde6e5369b5c7cee1
MSG-202609-001163,2026-09-21 06:45:13,alice.tan@example.com,reporting@nus.edu.sg,Metadata update completed,Delivered,9512b8c762cd9b9c73063998437e6a352dda56fd39dc76238982598fad980685,svc_fabric_pipeline,2026-09-22,d104c15874d4d95532ac2d56b3d865781e6cc6aa9a39a101d2ce604dc182352a
MSG-202609-000115,2026-09-21 18:22:09,reporting.service@example.net,analytics.team@nus.edu.sg,Data quality alert,Resolved,e0d15de1e58a94820da67c31b0a3e5495269396173d686094268075fef5a801a,voyce.peh,2026-09-22,867bb817d83bc3cb4d70080b72e0d7e7f04807db6dd573709a14a33e8bf0f31e
MSG-202609-000938,2026-09-21 19:31:32,alice.tan@example.com,governance@nus.edu.sg,Scheduled refresh notification,Delivered,9512b8c762cd9b9c73063998437e6a352dda56fd39dc76238982598fad980685,voyce.peh,2026-09-21,2e4361f76208a06270e9b3cd000646ce9818c8a98997626f07bc22dfde5f4f23
MSG-202609-000394,2026-09-21 19:54:43,alice.tan@example.com,platform.support@nus.edu.sg,Data quality alert,Delivered,e0d15de1e58a94820da67c31b0a3e5495269396173d686094268075fef5a801a,automation.service,2026-09-22,0047847563d8e8133b4e91cabc6a133eb69615f15841748d69243d5a0cf3f217
MSG-202609-000882,2026-09-21 20:54:48,reporting.service@example.net,staff002@nus.edu.sg,Dashboard refresh completed,Delivered,e0d15de1e58a94820da67c31b0a3e5495269396173d686094268075fef5a801a,svc_fabric_pipeline,2026-09-21,967eff593a6070c8bf5608b4646b5c61e0313826c2c4f52ffaa07ec8759af2cb
MSG-202609-000149,2026-09-22 05:44:02,alice.tan@example.com,reporting@nus.edu.sg,Meeting follow up,Resolved,9512b8c762cd9b9c73063998437e6a352dda56fd39dc76238982598fad980685,data.engineering,2026-09-24,dd58ab8a2a3ec6bd5bf84f8b2d74689e746a627052a3cd32b9be2f9b01035dd0
MSG-202609-001457,2026-09-22 10:14:05,access.management@example.com,platform.support@nus.edu.sg,Service request update,Delivered,9512b8c762cd9b9c73063998437e6a352dda56fd39dc76238982598fad980685,voyce.peh,2026-09-23,3338d1c7ca282ac02223e7a7bcb52d2e34c7594e33db97f91ba0cd3507cf66da
MSG-202609-001355,2026-09-22 18:30:02,access.management@example.com,platform.support@nus.edu.sg,Incident resolution update,Delivered,9512b8c762cd9b9c73063998437e6a352dda56fd39dc76238982598fad980685,data.engineering,2026-09-22,ba6ce9eb6b4e93f81c667c1ab01a575aed139648cab99c4f5241086b128cfc96
MSG-202609-000133,2026-09-22 21:13:39,notifications@system-example.net,platform.support@nus.edu.sg,Metadata update completed,Delivered,9512b8c762cd9b9c73063998437e6a352dda56fd39dc76238982598fad980685,voyce.peh,2026-09-23,95abc7dc343036a3faf529b38b776449254ca2176e4d013fe4eb7e3f3526cf7d
MSG-202609-000102,2026-09-23 10:59:56,governance.team@example.org,reporting@nus.edu.sg,Dashboard refresh completed,Resolved,9512b8c762cd9b9c73063998437e6a352dda56fd39dc76238982598fad980685,svc_fabric_pipeline,2026-09-24,86f1aecabb808181400708dbf44160a7b003ca8c56688dfed4a0c016672e277a
MSG-202609-001116,2026-09-23 13:12:18,governance.team@example.org,staff001@nus.edu.sg,Security access review,Delivered,9512b8c762cd9b9c73063998437e6a352dda56fd39dc76238982598fad980685,svc_fabric_pipeline,2026-09-24,a977396829b88da14645ba7315e1991c87033c5b4b2a59fe0c7277794216b7cb
MSG-202609-000057,2026-09-23 20:26:35,project.office@example.com,staff003@nus.edu.sg,Data validation results,Delivered,e0d15de1e58a94820da67c31b0a3e5495269396173d686094268075fef5a801a,svc_fabric_pipeline,2026-09-23,f969674771737bff7847b05555cf887b9df5fb83ab33fd95d11f5c088f67310d
MSG-202609-001110,2026-09-24 00:10:52,notifications@system-example.net,platform.support@nus.edu.sg,Data quality alert,Delivered,9512b8c762cd9b9c73063998437e6a352dda56fd39dc76238982598fad980685,data.engineering,2026-09-24,8f171cc3f13e528168bbb7ed9553017441e5401e8903a8283e32c9b568fa673b
MSG-202609-000914,2026-09-24 03:46:34,project.office@example.com,platform.support@nus.edu.sg,Pipeline execution summary,Resolved,9512b8c762cd9b9c73063998437e6a352dda56fd39dc76238982598fad980685,automation.service,2026-09-25,77103d312804ad7fa9c05a747a5a67bdfb608c59ce8d31849053711c68120d3c
MSG-202609-000475,2026-09-24 08:38:17,project.office@example.com,data.office@nus.edu.sg,Pipeline execution summary,Resolved,9512b8c762cd9b9c73063998437e6a352dda56fd39dc76238982598fad980685,svc_fabric_pipeline,2026-09-25,4c13bebc0bfd08a472845154e0fbdda4c3293c5626bf4c96fad43740dc19d9f5
MSG-202609-000202,2026-09-24 16:36:42,alice.tan@example.com,platform.support@nus.edu.sg,Report publication update,Resolved,e0d15de1e58a94820da67c31b0a3e5495269396173d686094268075fef5a801a,automation.service,2026-09-25,23a40205b6d3f31ce3ca3ba6ac22a7ce365370fb8c9271b9322fab83a054897a
MSG-202609-000369,2026-09-25 07:25:10,data.platform@example.org,staff002@nus.edu.sg,Service request update,Resolved,9512b8c762cd9b9c73063998437e6a352dda56fd39dc76238982598fad980685,data.engineering,2026-09-26,4fa8555cdacd2cb2fa23284ba76b49f026c71215d89bc5b6b55c27594b958294
MSG-202609-000478,2026-09-25 22:16:29,data.platform@example.org,governance@nus.edu.sg,Data extract ready,Delivered,9512b8c762cd9b9c73063998437e6a352dda56fd39dc76238982598fad980685,voyce.peh,2026-09-26,755d374868246360b45d7c9ca86b0bc0ca75b1e7163ee6d201c32a84a48ebcbc
MSG-202609-001490,2026-09-26 21:14:37,governance.team@example.org,staff001@nus.edu.sg,Security access review,Delivered,9512b8c762cd9b9c73063998437e6a352dda56fd39dc76238982598fad980685,data.engineering,2026-09-26,7cc912f4fb2f99bd995f24baa502adb99091b12db7387be7e95f39cd1ef513dc
MSG-202609-000122,2026-09-26 21:57:05,operations@vendor-example.com,staff002@nus.edu.sg,Meeting follow up,Delivered,9512b8c762cd9b9c73063998437e6a352dda56fd39dc76238982598fad980685,data.engineering,2026-09-26,2aa4f92e2b38e27a7b964aaf67de2fc7ef93ed2ee4becf9c007fae11210de198
MSG-202609-001361,2026-09-26 23:11:46,operations@vendor-example.com,staff003@nus.edu.sg,Pipeline execution summary,Resolved,e0d15de1e58a94820da67c31b0a3e5495269396173d686094268075fef5a801a,automation.service,2026-09-27,d628f727b296b3ce784c93bdec2c45fe58b0461b4debc76cd0fd1221663a1396
MSG-202609-000336,2026-09-27 11:20:36,support@service-example.com,governance@nus.edu.sg,Pipeline execution summary,Delivered,05490a7dc262f4a552acce14881d14d326bb9246b2874f49a39e2b9662f64e77,data.engineering,2026-09-28,159f0f3b2d08f259761e1db9838530693da708ee9a8c2d8f2e092af24a96e082
MSG-202609-001326,2026-09-27 18:46:15,ben.lim@example.org,analytics.team@nus.edu.sg,Metadata update completed,Failed,9512b8c762cd9b9c73063998437e6a352dda56fd39dc76238982598fad980685,voyce.peh,2026-09-27,a10a4137258179582354f1abe6fdff26f3d27fd80a7576ba7e1d77958dee5247
MSG-202609-000270,2026-09-27 19:31:30,support@service-example.com,staff002@nus.edu.sg,Incident resolution update,Failed,9512b8c762cd9b9c73063998437e6a352dda56fd39dc76238982598fad980685,data.engineering,2026-09-28,79de9675f1d996e984b17c0203495ff8bd827614bd4c982ff64f79a1920ebe39
MSG-202609-000513,2026-09-28 05:05:15,project.office@example.com,platform.support@nus.edu.sg,Data extract ready,Delivered,9512b8c762cd9b9c73063998437e6a352dda56fd39dc76238982598fad980685,automation.service,2026-09-29,09d113839885b0774a4f7898b307be9f25548850cd00ec7696393fff0848bcfc
MSG-202609-001237,2026-09-28 09:19:30,project.office@example.com,analytics.team@nus.edu.sg,Service request update,Failed,9512b8c762cd9b9c73063998437e6a352dda56fd39dc76238982598fad980685,automation.service,2026-09-29,dc3677e67298b19dd8fdf7c03cda615942bdcc063749f1dd8eacf4aaf5a2c110
MSG-202609-001066,2026-09-29 08:53:59,alice.tan@example.com,analytics.team@nus.edu.sg,Security access review,Delivered,9512b8c762cd9b9c73063998437e6a352dda56fd39dc76238982598fad980685,data.engineering,2026-09-30,13e00266f60cf7df8602d2bfdd8ab5b6626f3bf132a47753a84d8b825add3e46
MSG-202609-001077,2026-09-29 13:33:37,reporting.service@example.net,staff002@nus.edu.sg,Scheduled refresh notification,Delivered,9512b8c762cd9b9c73063998437e6a352dda56fd39dc76238982598fad980685,automation.service,2026-09-30,022e8eb84ac59ad084e237269dc0dc50fe20f46840d54d97c3e846fed18f3240
MSG-202609-001491,2026-09-30 16:24:48,reporting.service@example.net,data.office@nus.edu.sg,Data validation results,Resolved,9512b8c762cd9b9c73063998437e6a352dda56fd39dc76238982598fad980685,automation.service,2026-09-30,d5c6b53859780ffd91479d9e26e42d1d625d1ab42798b8a9e0952fdff4aa64ab
MSG-202610-000808,2026-10-01 01:16:04,support@service-example.com,staff003@nus.edu.sg,Incident resolution update,Delivered,9512b8c762cd9b9c73063998437e6a352dda56fd39dc76238982598fad980685,svc_fabric_pipeline,2026-10-02,d4435d13d0272772f3632a4e2933c69d83aaa23f89944310261b0a62af19a15f
MSG-202610-000811,2026-10-01 18:42:50,alice.tan@example.com,analytics.team@nus.edu.sg,Service request update,Delivered,9512b8c762cd9b9c73063998437e6a352dda56fd39dc76238982598fad980685,automation.service,2026-10-02,17bee1998d96339cd78d78a362642a4a903e1d02bc873737152dd6ab036f54a4
MSG-202610-001160,2026-10-02 05:27:09,data.platform@example.org,reporting@nus.edu.sg,File delivery confirmation,Delivered,9512b8c762cd9b9c73063998437e6a352dda56fd39dc76238982598fad980685,automation.service,2026-10-03,ad6f9dfe94389165f96cd1d8518f013c0362a9d5b8bf54188402c991da6fc366
MSG-202610-000735,2026-10-02 16:13:54,operations@vendor-example.com,staff001@nus.edu.sg,Data quality alert,Failed,9512b8c762cd9b9c73063998437e6a352dda56fd39dc76238982598fad980685,svc_fabric_pipeline,2026-10-03,dbc406c3489b41e81cebc5645b7f49eae3e78b3c54e42cdf52c7c1125e59f4e3
MSG-202610-000705,2026-10-02 21:54:30,project.office@example.com,staff002@nus.edu.sg,Workspace permission request,Delivered,9512b8c762cd9b9c73063998437e6a352dda56fd39dc76238982598fad980685,svc_fabric_pipeline,2026-10-03,5613c88f1eab1500d92134e4cbe3916b793cb46ef42c6b68dcee081901eed93f
MSG-202610-000439,2026-10-02 22:05:58,notifications@system-example.net,reporting@nus.edu.sg,Monthly report submission,Delivered,9512b8c762cd9b9c73063998437e6a352dda56fd39dc76238982598fad980685,svc_fabric_pipeline,2026-10-03,491d40b79c6aa28bfbec1d6281d392e2f6c6672d077275a19d8e27a2551d8f72
MSG-202610-001154,2026-10-03 13:40:08,reporting.service@example.net,staff003@nus.edu.sg,Incident resolution update,Delivered,9512b8c762cd9b9c73063998437e6a352dda56fd39dc76238982598fad980685,voyce.peh,2026-10-04,4c9ed457840d99e415dcf1847908ee0563e90689c12e4e8849264b9932c86d2e
MSG-202610-000951,2026-10-03 19:24:26,project.office@example.com,staff001@nus.edu.sg,Service request update,Resolved,e0d15de1e58a94820da67c31b0a3e5495269396173d686094268075fef5a801a,data.engineering,2026-10-04,3c76c5db97a3fd28121920942c1488ac4b537ebe9ff394f80910c180046701c9
MSG-202610-000347,2026-10-03 23:50:12,ben.lim@example.org,staff002@nus.edu.sg,File delivery confirmation,Delivered,9512b8c762cd9b9c73063998437e6a352dda56fd39dc76238982598fad980685,voyce.peh,2026-10-05,91fed1da11827c3c368489cd340a00d23913fec723b540b1bc0c0ff6d70a0598
MSG-202610-000043,2026-10-04 02:29:32,operations@vendor-example.com,staff003@nus.edu.sg,System maintenance notice,Delivered,e0d15de1e58a94820da67c31b0a3e5495269396173d686094268075fef5a801a,data.engineering,2026-10-04,6847fd4de4e3ce9555785007489b5e12ee639013750bb932b1d831e82831a825
MSG-202610-000975,2026-10-04 15:21:20,alice.tan@example.com,staff003@nus.edu.sg,Report publication update,Failed,05490a7dc262f4a552acce14881d14d326bb9246b2874f49a39e2b9662f64e77,svc_fabric_pipeline,2026-10-05,92ec5d3b0be13d05c53e0915230c4342a505a5c16f6e24714f059c763659a234
MSG-202610-000306,2026-10-05 04:46:28,project.office@example.com,staff002@nus.edu.sg,User account request,Failed,9512b8c762cd9b9c73063998437e6a352dda56fd39dc76238982598fad980685,voyce.peh,2026-10-05,fd4048aa4009fe43a3403146aafd364ffbd792c6245ff185d92fdc0552b78d9f
MSG-202610-000956,2026-10-05 07:31:02,support@service-example.com,platform.support@nus.edu.sg,System maintenance notice,Delivered,9512b8c762cd9b9c73063998437e6a352dda56fd39dc76238982598fad980685,data.engineering,2026-10-06,4ffcb4c9285b103040ccf84dfccf2e844fd29cbac06e23044f16e97525cea8a5
MSG-202610-000209,2026-10-05 11:03:04,support@service-example.com,analytics.team@nus.edu.sg,Contract review reminder,Delivered,e0d15de1e58a94820da67c31b0a3e5495269396173d686094268075fef5a801a,data.engineering,2026-10-05,d216247c578062d1d0146b3a62be8ec2a7cf146def2ab223ea5e81c7f0774c15
MSG-202610-001119,2026-10-05 11:16:49,notifications@system-example.net,reporting@nus.edu.sg,Contract review reminder,Resolved,9512b8c762cd9b9c73063998437e6a352dda56fd39dc76238982598fad980685,automation.service,2026-10-06,c4dfc159ff66da473f2c7a8fe0b77e23275b6c05f61b0e869531767974b50c22
MSG-202610-000150,2026-10-05 14:34:38,reporting.service@example.net,staff001@nus.edu.sg,Access request approved,Delivered,9512b8c762cd9b9c73063998437e6a352dda56fd39dc76238982598fad980685,automation.service,2026-10-06,6398341be21758dd5ed8e9301c3078eaa6efee0486a4412d57b300f1b1ac8c9e
MSG-202610-000300,2026-10-06 12:03:17,reporting.service@example.net,governance@nus.edu.sg,Access request approved,Delivered,9512b8c762cd9b9c73063998437e6a352dda56fd39dc76238982598fad980685,voyce.peh,2026-10-08,af1d59f9b1b8870be0ecd88e6beddabc81bc01e92f3dec071ce90876fc2f1b66
MSG-202610-001215,2026-10-06 12:45:56,operations@vendor-example.com,analytics.team@nus.edu.sg,Meeting follow up,Delivered,9512b8c762cd9b9c73063998437e6a352dda56fd39dc76238982598fad980685,automation.service,2026-10-06,1d317b0c6b0cbe1d03c22858171ca4d195d194d8d5b0c831321c8eebe5c78751
MSG-202610-000732,2026-10-06 15:46:22,operations@vendor-example.com,platform.support@nus.edu.sg,Dashboard refresh completed,Delivered,9512b8c762cd9b9c73063998437e6a352dda56fd39dc76238982598fad980685,automation.service,2026-10-06,d1e18ae93a2643b4c621f6272bfa7eb8df285e2f7d93578284c4d256bfd4ba0f
MSG-202610-001233,2026-10-06 19:56:32,ben.lim@example.org,staff001@nus.edu.sg,Incident resolution update,Delivered,e0d15de1e58a94820da67c31b0a3e5495269396173d686094268075fef5a801a,svc_fabric_pipeline,2026-10-07,dc16a68727ca9f7f04ef3d91ca23a8c31d5c3ebd2940a551aaae971a9d477a7d
MSG-202610-000699,2026-10-07 16:43:10,data.platform@example.org,staff001@nus.edu.sg,Project status update,Delivered,e0d15de1e58a94820da67c31b0a3e5495269396173d686094268075fef5a801a,voyce.peh,2026-10-09,27ae88f9f69b176853ae335b66bdafac8c4d2120b7fc61b13c088fb251fdb83f
MSG-202610-001327,2026-10-08 07:33:41,alice.tan@example.com,staff001@nus.edu.sg,Meeting follow up,Delivered,9512b8c762cd9b9c73063998437e6a352dda56fd39dc76238982598fad980685,svc_fabric_pipeline,2026-10-08,f56a82acf0f0f7d9a2a98551121f80faa39bd9913ec55793c11c9e17bc04298b
MSG-202610-000688,2026-10-08 19:24:48,reporting.service@example.net,staff003@nus.edu.sg,Scheduled refresh notification,Delivered,9512b8c762cd9b9c73063998437e6a352dda56fd39dc76238982598fad980685,svc_fabric_pipeline,2026-10-09,9002c1a23e52a04af0aa0d8cf19c41bb913e17c85d3f108d8f7f3dbce0e76c16
MSG-202610-000985,2026-10-09 09:18:20,governance.team@example.org,staff002@nus.edu.sg,Security access review,Delivered,9512b8c762cd9b9c73063998437e6a352dda56fd39dc76238982598fad980685,svc_fabric_pipeline,2026-10-10,1296db9dcbc30b8ea66b21ec45c36ad77efd754d6ec0d1ee91080e2ffdbe8d51
MSG-202610-000604,2026-10-09 10:18:05,project.office@example.com,staff001@nus.edu.sg,User account request,Delivered,05490a7dc262f4a552acce14881d14d326bb9246b2874f49a39e2b9662f64e77,svc_fabric_pipeline,2026-10-10,788815c5d0748dd91aa9c74be9b85e037442a1bf65735882b944541c5962e1e9
MSG-202610-001126,2026-10-09 16:30:06,operations@vendor-example.com,platform.support@nus.edu.sg,User account request,Delivered,9512b8c762cd9b9c73063998437e6a352dda56fd39dc76238982598fad980685,svc_fabric_pipeline,2026-10-10,cf1b98eb81e8215835f74078178247fad6c6e8d11b5cce92f9005e93a241c5c6
MSG-202610-001130,2026-10-09 16:36:16,support@service-example.com,staff001@nus.edu.sg,User account request,Delivered,9512b8c762cd9b9c73063998437e6a352dda56fd39dc76238982598fad980685,voyce.peh,2026-10-10,0f4c17ce776b61645a1014c70b0dcd2aac920b910da6ae51a6636559f4ec6a76
MSG-202610-000847,2026-10-10 15:56:21,support@service-example.com,analytics.team@nus.edu.sg,Data extract ready,Failed,9512b8c762cd9b9c73063998437e6a352dda56fd39dc76238982598fad980685,svc_fabric_pipeline,2026-10-12,74c6062640431727635f7a2532bf717ee394504c33f078d8df104399f20afdd6
MSG-202610-000258,2026-10-10 17:29:52,support@service-example.com,reporting@nus.edu.sg,Pipeline execution summary,Failed,9512b8c762cd9b9c73063998437e6a352dda56fd39dc76238982598fad980685,automation.service,2026-10-12,3bfeb82f1eb629632082c2b971636d7af7a979720a3510a62d0a89556811f85c
MSG-202610-000869,2026-10-11 02:14:06,alice.tan@example.com,platform.support@nus.edu.sg,Data extract ready,Delivered,9512b8c762cd9b9c73063998437e6a352dda56fd39dc76238982598fad980685,automation.service,2026-10-12,edf12d62dd36f07cd6cb8c96d6c8d46a62722a6c2856cb6aaa62814db544e71f
MSG-202610-000765,2026-10-11 04:30:13,data.platform@example.org,reporting@nus.edu.sg,Metadata update completed,Delivered,e0d15de1e58a94820da67c31b0a3e5495269396173d686094268075fef5a801a,data.engineering,2026-10-12,e8d7853eea481e8fd417f255413c7c4d392ae657666fa262fc0e2344c4bcbe22
MSG-202610-000367,2026-10-11 06:31:18,reporting.service@example.net,staff003@nus.edu.sg,Workspace permission request,Failed,9512b8c762cd9b9c73063998437e6a352dda56fd39dc76238982598fad980685,svc_fabric_pipeline,2026-10-13,cec797e7260f527a98d83990aeebb985a55764e1ff74da042e0e6a5cac5f9ce5
MSG-202610-000697,2026-10-11 11:30:48,operations@vendor-example.com,platform.support@nus.edu.sg,Scheduled refresh notification,Delivered,e0d15de1e58a94820da67c31b0a3e5495269396173d686094268075fef5a801a,voyce.peh,2026-10-13,a7818215805a9753367c4b571c8e34fccd67646e240b962f0a1c302bb17edfd8
MSG-202610-000713,2026-10-11 13:13:17,governance.team@example.org,governance@nus.edu.sg,Dashboard refresh completed,Failed,e0d15de1e58a94820da67c31b0a3e5495269396173d686094268075fef5a801a,svc_fabric_pipeline,2026-10-12,f7dfd437eaba9191047e0102a34b742766fe3ff1b4d6edcc5d5e87c04d82c376
MSG-202610-000376,2026-10-11 17:07:22,operations@vendor-example.com,governance@nus.edu.sg,File delivery confirmation,Resolved,9512b8c762cd9b9c73063998437e6a352dda56fd39dc76238982598fad980685,svc_fabric_pipeline,2026-10-12,067e8dbb71114dd681cf498a2794b763727d37de99e029bffd71d6dd40ae577e
MSG-202610-000086,2026-10-11 21:29:27,support@service-example.com,staff001@nus.edu.sg,Report publication update,Delivered,e0d15de1e58a94820da67c31b0a3e5495269396173d686094268075fef5a801a,svc_fabric_pipeline,2026-10-11,51212b9bd72c99fbd158a1bc805336a7d941dac5ce35551ef4de02337ba55b57
MSG-202610-001314,2026-10-11 21:48:01,project.office@example.com,governance@nus.edu.sg,User account request,Failed,9512b8c762cd9b9c73063998437e6a352dda56fd39dc76238982598fad980685,svc_fabric_pipeline,2026-10-12,0c822c6fc1522f4752b1847fe81983b4b9b22b7e78756a05a663997707a5f048
MSG-202610-000397,2026-10-12 06:19:21,data.platform@example.org,governance@nus.edu.sg,Access request approved,Delivered,9512b8c762cd9b9c73063998437e6a352dda56fd39dc76238982598fad980685,voyce.peh,2026-10-12,6067e78ec9d8e0c327a1f89fff37280a2cb4a9ce4d199030ee12c5abfd277412
MSG-202610-000998,2026-10-12 07:47:14,operations@vendor-example.com,analytics.team@nus.edu.sg,Scheduled refresh notification,Delivered,9512b8c762cd9b9c73063998437e6a352dda56fd39dc76238982598fad980685,data.engineering,2026-10-13,30871281da052c3c7aaeed0cf7ce8646c8c603da8b99fc4409b653737c3473c5
MSG-202610-001339,2026-10-13 00:28:24,operations@vendor-example.com,governance@nus.edu.sg,Meeting follow up,Resolved,e0d15de1e58a94820da67c31b0a3e5495269396173d686094268075fef5a801a,data.engineering,2026-10-14,71ad6dcea91d97bdc9a00e1ea35b662cacc80aec01b4c07bd67cc2a0056bf84e
MSG-202610-000544,2026-10-13 01:41:43,access.management@example.com,analytics.team@nus.edu.sg,Contract review reminder,Resolved,e0d15de1e58a94820da67c31b0a3e5495269396173d686094268075fef5a801a,data.engineering,2026-10-15,e8ffa2a05bf71ef37ac4fc8626969bdfffab2c9da4b33264b61600ba35bd7352
MSG-202610-001033,2026-10-13 04:33:24,governance.team@example.org,platform.support@nus.edu.sg,Data quality alert,Delivered,9512b8c762cd9b9c73063998437e6a352dda56fd39dc76238982598fad980685,svc_fabric_pipeline,2026-10-14,997dd3391a302739d6bf9f66cabe1f6ecb90f0ebc4012bde71669913b25e8f66
MSG-202610-000594,2026-10-13 05:00:50,operations@vendor-example.com,staff001@nus.edu.sg,User account request,Delivered,9512b8c762cd9b9c73063998437e6a352dda56fd39dc76238982598fad980685,automation.service,2026-10-13,d1ff28ff51c018ec914bbe9c423a4829d60053ad9d9a103db7fe1c74379c3cc9
MSG-202610-000981,2026-10-13 09:37:48,data.platform@example.org,platform.support@nus.edu.sg,Workspace permission request,Delivered,9512b8c762cd9b9c73063998437e6a352dda56fd39dc76238982598fad980685,data.engineering,2026-10-13,94ddc7d9db71abdd6abf660fd88242aa40106f597134807af42384e430a78ad1
MSG-202610-000566,2026-10-13 21:31:59,data.platform@example.org,staff001@nus.edu.sg,File delivery confirmation,Delivered,9512b8c762cd9b9c73063998437e6a352dda56fd39dc76238982598fad980685,voyce.peh,2026-10-15,3ea6b56045880276326778e78590dbe2a3a444471970504aef9d69cb6a114426
MSG-202610-000806,2026-10-13 22:01:12,alice.tan@example.com,reporting@nus.edu.sg,Project status update,Delivered,9512b8c762cd9b9c73063998437e6a352dda56fd39dc76238982598fad980685,data.engineering,2026-10-14,2aa501fcec85c3195de822c334fc426b23acd3152a63e90138417e0a827527ea
MSG-202610-001445,2026-10-14 11:48:43,operations@vendor-example.com,platform.support@nus.edu.sg,Data extract ready,Failed,e0d15de1e58a94820da67c31b0a3e5495269396173d686094268075fef5a801a,data.engineering,2026-10-15,adcafc797e924b88316f39797e1f0bdbb1817cf84907ec8880d9536fc30c3193
MSG-202610-000162,2026-10-15 01:12:59,operations@vendor-example.com,platform.support@nus.edu.sg,System maintenance notice,Delivered,9512b8c762cd9b9c73063998437e6a352dda56fd39dc76238982598fad980685,data.engineering,2026-10-16,f9e050dfd1e6009067bd3046399536c0e8dbff851c65beb7618f3cef1ba846c2
MSG-202610-000217,2026-10-15 05:51:09,reporting.service@example.net,data.office@nus.edu.sg,Scheduled refresh notification,Delivered,9512b8c762cd9b9c73063998437e6a352dda56fd39dc76238982598fad980685,voyce.peh,2026-10-16,b9c955d9f3e610ce25762c169f8f2ba38140c0277d6adaf7c476923690c4713d
MSG-202610-000709,2026-10-15 08:17:38,notifications@system-example.net,staff003@nus.edu.sg,Contract review reminder,Resolved,9512b8c762cd9b9c73063998437e6a352dda56fd39dc76238982598fad980685,voyce.peh,2026-10-16,8e82e4a30360d942acbb0df4ea63c3ec1a8d3a10617a596dd97f2ac221bc230d
MSG-202610-000309,2026-10-15 09:21:01,reporting.service@example.net,reporting@nus.edu.sg,Service request update,Failed,9512b8c762cd9b9c73063998437e6a352dda56fd39dc76238982598fad980685,svc_fabric_pipeline,2026-10-15,80134cff5beac9e8406559c9bca3c4df74e4c6d1a713dd68e3b2992f00bba3e2
MSG-202610-000252,2026-10-16 00:34:34,access.management@example.com,staff003@nus.edu.sg,System maintenance notice,Resolved,9512b8c762cd9b9c73063998437e6a352dda56fd39dc76238982598fad980685,svc_fabric_pipeline,2026-10-17,b6ea1d7a0323d5f10b84dfdc523431c347ada8cb5471404b63975ff06adaf065
MSG-202610-001048,2026-10-16 01:56:33,alice.tan@example.com,platform.support@nus.edu.sg,Scheduled refresh notification,Resolved,9512b8c762cd9b9c73063998437e6a352dda56fd39dc76238982598fad980685,automation.service,2026-10-18,b14117d12d5ade3752821fa62cf0c0cade72ce035fcf605de518382953a1e39b
MSG-202610-001368,2026-10-16 02:45:20,reporting.service@example.net,governance@nus.edu.sg,Project status update,Delivered,9512b8c762cd9b9c73063998437e6a352dda56fd39dc76238982598fad980685,automation.service,2026-10-16,3eb5f1117a5f9de0562d936fd7dc4234f1699365913dd1c0af66ad14feda7d92
MSG-202610-001137,2026-10-16 23:19:58,support@service-example.com,platform.support@nus.edu.sg,Project status update,Delivered,9512b8c762cd9b9c73063998437e6a352dda56fd39dc76238982598fad980685,automation.service,2026-10-16,85836e834b590b301a064c410af810b6a051b90758cbb0d1ea392a04bce56850
MSG-202610-000865,2026-10-17 01:21:24,data.platform@example.org,analytics.team@nus.edu.sg,Scheduled refresh notification,Delivered,9512b8c762cd9b9c73063998437e6a352dda56fd39dc76238982598fad980685,voyce.peh,2026-10-18,50ea22be97b4936d05ba087e63fe736c8b5aa07b4466eb27a1f322667aa87bc9
MSG-202610-000299,2026-10-17 16:18:24,operations@vendor-example.com,reporting@nus.edu.sg,Incident resolution update,Delivered,9512b8c762cd9b9c73063998437e6a352dda56fd39dc76238982598fad980685,automation.service,2026-10-18,3af823751d6a2a25e22da86589f3ca1598aa5e06ec7960a68f3fcc5f74da656d
MSG-202610-000756,2026-10-17 19:04:21,project.office@example.com,staff002@nus.edu.sg,Scheduled refresh notification,Delivered,9512b8c762cd9b9c73063998437e6a352dda56fd39dc76238982598fad980685,svc_fabric_pipeline,2026-10-19,f94064208695a739cf20fde52a1eaaef453ae44c612881b92c1fa33a4e774da1
MSG-202610-001211,2026-10-17 19:11:27,access.management@example.com,staff002@nus.edu.sg,Workspace permission request,Delivered,9512b8c762cd9b9c73063998437e6a352dda56fd39dc76238982598fad980685,voyce.peh,2026-10-18,71bf3e0fbc329a54cf46ca07549182228fe2bb228f02368fde847939118e4c52
MSG-202610-000208,2026-10-17 22:04:52,operations@vendor-example.com,reporting@nus.edu.sg,Service request update,Delivered,9512b8c762cd9b9c73063998437e6a352dda56fd39dc76238982598fad980685,voyce.peh,2026-10-18,c54256d2e1a88fa9087701c57217bb23ab853a38b53da55bb83dd94884907a92
MSG-202610-000245,2026-10-18 04:13:54,operations@vendor-example.com,governance@nus.edu.sg,Service request update,Delivered,9512b8c762cd9b9c73063998437e6a352dda56fd39dc76238982598fad980685,automation.service,2026-10-19,a2686260b0779ece111f8d8fe85aea9b5a6650766cf03dd08b4ec574bd36489d
MSG-202610-001221,2026-10-19 03:11:36,data.platform@example.org,data.office@nus.edu.sg,Report publication update,Failed,e0d15de1e58a94820da67c31b0a3e5495269396173d686094268075fef5a801a,automation.service,2026-10-20,606bf67582423a25b348aa22bc69d3396a2b82a93d6296d33fc59f53bf87d7ab
MSG-202610-000669,2026-10-19 06:42:58,notifications@system-example.net,staff002@nus.edu.sg,Security access review,Delivered,e0d15de1e58a94820da67c31b0a3e5495269396173d686094268075fef5a801a,automation.service,2026-10-21,c9d2b76e9869401d97d7e41710a1b6d146983ff41a348331d491836507716682
MSG-202610-000760,2026-10-19 06:55:35,data.platform@example.org,data.office@nus.edu.sg,Dashboard refresh completed,Resolved,9512b8c762cd9b9c73063998437e6a352dda56fd39dc76238982598fad980685,automation.service,2026-10-20,98744a0948b39a5a1239548e6872bbdd7d75dc799f4f0961fa4d06aed02b5df8
MSG-202610-000210,2026-10-19 11:06:38,governance.team@example.org,platform.support@nus.edu.sg,Data validation results,Failed,05490a7dc262f4a552acce14881d14d326bb9246b2874f49a39e2b9662f64e77,voyce.peh,2026-10-20,6734ab11042b4e9a8b026f0471f43900989f97ccd9ba0ec12097230b1902cc34
MSG-202610-001027,2026-10-19 13:29:04,alice.tan@example.com,analytics.team@nus.edu.sg,Dashboard refresh completed,Delivered,9512b8c762cd9b9c73063998437e6a352dda56fd39dc76238982598fad980685,automation.service,2026-10-19,e6dc2a940aeb26559503621e7a08734c90ad110b147ca23f3f092c3ab961ca33
MSG-202610-001049,2026-10-19 15:50:30,notifications@system-example.net,platform.support@nus.edu.sg,System maintenance notice,Delivered,9512b8c762cd9b9c73063998437e6a352dda56fd39dc76238982598fad980685,data.engineering,2026-10-19,9f1a08a7bdc2a84ce3a8678ce59ea60e83a44ae578ac0b514447a654f541533e
MSG-202610-001179,2026-10-19 16:55:54,notifications@system-example.net,staff001@nus.edu.sg,User account request,Resolved,9512b8c762cd9b9c73063998437e6a352dda56fd39dc76238982598fad980685,svc_fabric_pipeline,2026-10-20,173c425a8df28449f39349b871b135f24ad1d30e8ea99eb05f3b9121f06d5838
MSG-202610-001267,2026-10-19 23:35:23,project.office@example.com,staff003@nus.edu.sg,Scheduled refresh notification,Delivered,e0d15de1e58a94820da67c31b0a3e5495269396173d686094268075fef5a801a,voyce.peh,2026-10-20,9a4dc25baefd9dc7da9f20a32ca01b33624b48744fae9a3a9eb2b59be5d1b56d
MSG-202610-001311,2026-10-20 15:24:30,support@service-example.com,staff001@nus.edu.sg,Contract review reminder,Resolved,9512b8c762cd9b9c73063998437e6a352dda56fd39dc76238982598fad980685,voyce.peh,2026-10-22,12f136cc5b9b1f14ffaffffe01a649baeaf0630535d52dd0c7612a28c67484f0
MSG-202610-001354,2026-10-21 03:01:12,governance.team@example.org,reporting@nus.edu.sg,Data validation results,Delivered,9512b8c762cd9b9c73063998437e6a352dda56fd39dc76238982598fad980685,voyce.peh,2026-10-22,54b9048b76c7e587b420f2313c5a872c2a19151a4d47f23422965ae69ae69e1e
MSG-202610-000462,2026-10-21 06:16:43,access.management@example.com,data.office@nus.edu.sg,Scheduled refresh notification,Delivered,9512b8c762cd9b9c73063998437e6a352dda56fd39dc76238982598fad980685,automation.service,2026-10-23,b1b535b2f371e3217d4cc0931f6db7f0442f2b13d1547ec142d97f7402e73e51
MSG-202610-001234,2026-10-21 08:27:08,access.management@example.com,reporting@nus.edu.sg,Contract review reminder,Delivered,9512b8c762cd9b9c73063998437e6a352dda56fd39dc76238982598fad980685,data.engineering,2026-10-21,b20f6913059e97505ea52a8818b3b38eca5702f5ed96db88489a561526786a91
MSG-202610-000441,2026-10-21 08:43:40,operations@vendor-example.com,governance@nus.edu.sg,Security access review,Delivered,9512b8c762cd9b9c73063998437e6a352dda56fd39dc76238982598fad980685,data.engineering,2026-10-22,795e78953f67753e20ec8a2f0257f87767bbba3ad656e55ee41970cb745e175f
MSG-202610-001463,2026-10-21 15:15:18,access.management@example.com,staff003@nus.edu.sg,Dashboard refresh completed,Resolved,9512b8c762cd9b9c73063998437e6a352dda56fd39dc76238982598fad980685,automation.service,2026-10-23,249ceadb93c0ffab6bb0e8c7cfbf02b533bc3a37bb74473fabd9d05eeddf6483
MSG-202610-000199,2026-10-21 17:26:13,notifications@system-example.net,staff003@nus.edu.sg,Workspace permission request,Delivered,e0d15de1e58a94820da67c31b0a3e5495269396173d686094268075fef5a801a,voyce.peh,2026-10-23,263efd07625fc1dab450275659fd0b06a3fd4dfc982437af5d56f476a8041b49
MSG-202610-001001,2026-10-22 01:19:46,operations@vendor-example.com,staff001@nus.edu.sg,Dashboard refresh completed,Failed,9512b8c762cd9b9c73063998437e6a352dda56fd39dc76238982598fad980685,voyce.peh,2026-10-23,31f1aa776c934099defc95c9ae269b38c143e543d9cdae27f00c94a90bcf5359
MSG-202610-000476,2026-10-23 01:25:01,operations@vendor-example.com,platform.support@nus.edu.sg,Security access review,Delivered,05490a7dc262f4a552acce14881d14d326bb9246b2874f49a39e2b9662f64e77,svc_fabric_pipeline,2026-10-24,73db68bb6a4859ba44d38e94c3ee00fdb362082bb01f8ad408f88648abe3550f
MSG-202610-000321,2026-10-23 11:22:53,access.management@example.com,governance@nus.edu.sg,Scheduled refresh notification,Delivered,e0d15de1e58a94820da67c31b0a3e5495269396173d686094268075fef5a801a,voyce.peh,2026-10-24,07842dd65b35a5b5be2898b9a23275e713cec9dc2afadae560e19762c5ffc8b5
MSG-202610-001017,2026-10-23 13:51:50,access.management@example.com,platform.support@nus.edu.sg,Metadata update completed,Delivered,9512b8c762cd9b9c73063998437e6a352dda56fd39dc76238982598fad980685,data.engineering,2026-10-24,ed187592b8c22123d7eef6e6f12b53d41c46d3bdcaf97198064690aea3197b10
MSG-202610-000952,2026-10-23 21:30:06,governance.team@example.org,platform.support@nus.edu.sg,Contract review reminder,Delivered,e0d15de1e58a94820da67c31b0a3e5495269396173d686094268075fef5a801a,svc_fabric_pipeline,2026-10-24,417739b53993126c79beae0f658df51e97d3c4d693adb6b8e53a143f3796b695
MSG-202610-000863,2026-10-23 23:25:46,support@service-example.com,governance@nus.edu.sg,Data quality alert,Failed,e0d15de1e58a94820da67c31b0a3e5495269396173d686094268075fef5a801a,data.engineering,2026-10-24,6c7d9176bb99c25165089e7e16eb82d1ee6b6a99387036b9538073f717d7d20f
MSG-202610-000605,2026-10-24 12:07:26,governance.team@example.org,platform.support@nus.edu.sg,Incident resolution update,Delivered,e0d15de1e58a94820da67c31b0a3e5495269396173d686094268075fef5a801a,data.engineering,2026-10-25,4699e27e03f397137e83ccc21a39f97c0208f741a0dffb6ee30836d09f0ac8b6
MSG-202610-000817,2026-10-24 13:02:12,alice.tan@example.com,analytics.team@nus.edu.sg,Incident resolution update,Delivered,05490a7dc262f4a552acce14881d14d326bb9246b2874f49a39e2b9662f64e77,svc_fabric_pipeline,2026-10-26,416f02994005ec94a2e39c40c137e926cd95fe3f3acb3d68bd6eb23b6acc6165
MSG-202610-001282,2026-10-24 20:40:25,reporting.service@example.net,analytics.team@nus.edu.sg,Data validation results,Failed,9512b8c762cd9b9c73063998437e6a352dda56fd39dc76238982598fad980685,voyce.peh,2026-10-25,6254317f97d0245a8864983d3447642d5e9e42cd977dd0327c021d7249dca6f1
MSG-202610-001392,2026-10-25 03:14:16,data.platform@example.org,staff002@nus.edu.sg,Contract review reminder,Delivered,9512b8c762cd9b9c73063998437e6a352dda56fd39dc76238982598fad980685,automation.service,2026-10-26,cb683548823584afc6de24a1ece374acd0c5f051b76ce1d052640b6e61cc812e
MSG-202610-000527,2026-10-25 11:04:35,alice.tan@example.com,analytics.team@nus.edu.sg,User account request,Delivered,9512b8c762cd9b9c73063998437e6a352dda56fd39dc76238982598fad980685,voyce.peh,2026-10-26,b175a83a4b56b3828bd9438fd7b7680ac62f8859722c171b598eedbedfbc24c0
MSG-202610-000934,2026-10-25 13:43:54,ben.lim@example.org,governance@nus.edu.sg,Data extract ready,Resolved,9512b8c762cd9b9c73063998437e6a352dda56fd39dc76238982598fad980685,automation.service,2026-10-26,bc8a14a338af33bbedf30ea407831c798214926ea559cb9e5e9cbac2326f3689
MSG-202610-001413,2026-10-25 15:17:23,alice.tan@example.com,reporting@nus.edu.sg,Access request approved,Delivered,9512b8c762cd9b9c73063998437e6a352dda56fd39dc76238982598fad980685,automation.service,2026-10-26,688558374b7d52fefbe75549af70bbb10fb1df962d42053cfe517ba8ca1110f0
MSG-202610-001340,2026-10-25 17:13:24,governance.team@example.org,staff002@nus.edu.sg,Metadata update completed,Delivered,9512b8c762cd9b9c73063998437e6a352dda56fd39dc76238982598fad980685,data.engineering,2026-10-26,ae9314c8f6cf856a81c558b0de686feb2e7d82cc351ffd1ccbe6d5c5f5d5ee0b
MSG-202610-000506,2026-10-26 01:05:25,reporting.service@example.net,platform.support@nus.edu.sg,Data validation results,Resolved,9512b8c762cd9b9c73063998437e6a352dda56fd39dc76238982598fad980685,data.engineering,2026-10-26,124661bac236e4326ba3dfb18e17a49214efbe7de88b078e823a8e5ee7d384bb
MSG-202610-000852,2026-10-26 07:49:18,notifications@system-example.net,staff002@nus.edu.sg,Monthly report submission,Delivered,9512b8c762cd9b9c73063998437e6a352dda56fd39dc76238982598fad980685,voyce.peh,2026-10-27,24c9b92971170adbd8964c29a2133d179bb06d11c71d44e14856a944782b92b8
MSG-202610-000854,2026-10-26 08:17:04,support@service-example.com,governance@nus.edu.sg,Project status update,Delivered,e0d15de1e58a94820da67c31b0a3e5495269396173d686094268075fef5a801a,automation.service,2026-10-28,3f7269c6a40f2dcf08723eb16e469947e1f642a557dbcc20ec6b907a7c0e2005
MSG-202610-000178,2026-10-26 13:37:10,reporting.service@example.net,governance@nus.edu.sg,Contract review reminder,Delivered,9512b8c762cd9b9c73063998437e6a352dda56fd39dc76238982598fad980685,svc_fabric_pipeline,2026-10-27,dfc02859598ffe6a842b55f73dc8304666f744d7be08eca9d76e964fdb3c7689
MSG-202610-000216,2026-10-26 18:37:38,notifications@system-example.net,data.office@nus.edu.sg,Workspace permission request,Delivered,9512b8c762cd9b9c73063998437e6a352dda56fd39dc76238982598fad980685,data.engineering,2026-10-27,d538b39746ce935e8d8d132aa83f286d8383246eb08a0ba36e7d53c8ffe7125b
MSG-202610-000332,2026-10-26 18:57:06,support@service-example.com,platform.support@nus.edu.sg,Access request approved,Delivered,05490a7dc262f4a552acce14881d14d326bb9246b2874f49a39e2b9662f64e77,voyce.peh,2026-10-27,245eb0af224eed7e9d2c0d8de975f811298ea19b25935741ac3907fec0f0e91f
MSG-202610-001191,2026-10-26 19:11:18,operations@vendor-example.com,staff002@nus.edu.sg,Incident resolution update,Delivered,9512b8c762cd9b9c73063998437e6a352dda56fd39dc76238982598fad980685,automation.service,2026-10-27,96489c431e28a864f0bf8b231d6176bd535fb94cd744f90282f93c2cfed973f4
MSG-202610-001492,2026-10-26 22:22:22,reporting.service@example.net,staff001@nus.edu.sg,Service request update,Delivered,9512b8c762cd9b9c73063998437e6a352dda56fd39dc76238982598fad980685,data.engineering,2026-10-27,0622d045cedf1844603c014071594d882166d08ed4f9e474b2b10837016f9789
MSG-202610-000711,2026-10-26 23:52:59,notifications@system-example.net,governance@nus.edu.sg,Access request approved,Resolved,9512b8c762cd9b9c73063998437e6a352dda56fd39dc76238982598fad980685,svc_fabric_pipeline,2026-10-27,81e1e2c5581ea7e1d023af3beeb886cc6cac7ed1002df00291d99d3cf62a5917
MSG-202610-001414,2026-10-27 02:22:23,ben.lim@example.org,platform.support@nus.edu.sg,Project status update,Delivered,e0d15de1e58a94820da67c31b0a3e5495269396173d686094268075fef5a801a,automation.service,2026-10-28,835caa4c278866b82c75a91c4d83417f66ce65e17f6d6fa3bf3e75290b317974
MSG-202610-001291,2026-10-27 10:06:58,alice.tan@example.com,reporting@nus.edu.sg,Access request approved,Resolved,9512b8c762cd9b9c73063998437e6a352dda56fd39dc76238982598fad980685,voyce.peh,2026-10-28,004bd045ce49df8b59eb23f5fcf001ba8a53551c557f327b34f11d2d31dc4342
MSG-202610-000315,2026-10-27 21:59:41,ben.lim@example.org,reporting@nus.edu.sg,Report publication update,Delivered,9512b8c762cd9b9c73063998437e6a352dda56fd39dc76238982598fad980685,svc_fabric_pipeline,2026-10-28,e67f8c40c54a0d11e118f1873a8eb870a85e03c91b51ca4ddeef75f16d2e3dad
MSG-202610-000463,2026-10-28 00:26:56,access.management@example.com,governance@nus.edu.sg,File delivery confirmation,Delivered,9512b8c762cd9b9c73063998437e6a352dda56fd39dc76238982598fad980685,data.engineering,2026-10-30,1d3358804769d53e0ce20b3f22f07860dccbe55bf1543202a362b8f0c2f33220
MSG-202610-001111,2026-10-28 02:16:24,ben.lim@example.org,analytics.team@nus.edu.sg,Security access review,Resolved,9512b8c762cd9b9c73063998437e6a352dda56fd39dc76238982598fad980685,data.engineering,2026-10-28,f5d892be892dad2a380e78f045a7c0d1f360a71e582274c78d815632d9ad73be
MSG-202610-001258,2026-10-28 09:15:43,governance.team@example.org,staff001@nus.edu.sg,Contract review reminder,Delivered,9512b8c762cd9b9c73063998437e6a352dda56fd39dc76238982598fad980685,voyce.peh,2026-10-29,5f19673e8d186f663ad4c3ed8d03b04223d52cee784389605703a9b98750bc4d
MSG-202610-000552,2026-10-28 13:08:48,ben.lim@example.org,staff002@nus.edu.sg,Access request approved,Delivered,9512b8c762cd9b9c73063998437e6a352dda56fd39dc76238982598fad980685,data.engineering,2026-10-30,6ae986317dc47380b645d87677b8d5173ec3beb5a28e47ccdb59d3b8c3a29ec6
MSG-202610-000921,2026-10-28 16:25:41,access.management@example.com,staff003@nus.edu.sg,Workspace permission request,Delivered,e0d15de1e58a94820da67c31b0a3e5495269396173d686094268075fef5a801a,data.engineering,2026-10-29,a918893171690e3298588f03a8a338c87f6f42e31c9b4e57da868b70e61300db
MSG-202610-001051,2026-10-28 18:38:54,data.platform@example.org,platform.support@nus.edu.sg,Workspace permission request,Delivered,9512b8c762cd9b9c73063998437e6a352dda56fd39dc76238982598fad980685,data.engineering,2026-10-29,7e158772c45df74ff708d575a4164a6c2b2604c7a634be93dd3c26f4224487d8
MSG-202610-001165,2026-10-29 00:02:36,operations@vendor-example.com,reporting@nus.edu.sg,Incident resolution update,Delivered,9512b8c762cd9b9c73063998437e6a352dda56fd39dc76238982598fad980685,voyce.peh,2026-10-31,941f65e830d9af32fc1e1497303768315b8acfbc2c5e27de950f499db10ba4ee
MSG-202610-001176,2026-10-29 06:23:02,alice.tan@example.com,staff003@nus.edu.sg,Data validation results,Delivered,9512b8c762cd9b9c73063998437e6a352dda56fd39dc76238982598fad980685,data.engineering,2026-10-31,a74f9296a9097406e67da4f52f1c47bb9db92029ceaffaf27eee3f50fda734bf
MSG-202610-000490,2026-10-29 20:35:51,access.management@example.com,platform.support@nus.edu.sg,Dashboard refresh completed,Delivered,e0d15de1e58a94820da67c31b0a3e5495269396173d686094268075fef5a801a,automation.service,2026-10-29,6bb105df4ac70e17ca6e3863bcbf74144227e7348bf75d95e1945375467ff0b3
MSG-202610-001337,2026-10-30 02:47:59,notifications@system-example.net,staff001@nus.edu.sg,Scheduled refresh notification,Failed,e0d15de1e58a94820da67c31b0a3e5495269396173d686094268075fef5a801a,svc_fabric_pipeline,2026-10-30,59be6840b3af063738fc9c3668b1ddb6ca181817b1ea58695750a97f799322b6
MSG-202610-000846,2026-10-30 17:07:54,operations@vendor-example.com,platform.support@nus.edu.sg,Pipeline execution summary,Resolved,e0d15de1e58a94820da67c31b0a3e5495269396173d686094268075fef5a801a,data.engineering,2026-10-31,b2ceb9830df060a0d637fe0219d4af6f641ce9a8c12b15e96e72181838228878
MSG-202610-000063,2026-10-30 19:51:35,governance.team@example.org,staff001@nus.edu.sg,Pipeline execution summary,Delivered,9512b8c762cd9b9c73063998437e6a352dda56fd39dc76238982598fad980685,voyce.peh,2026-10-31,bcea9595521c99cad6f5473b135e4124efc38d8f3354a0e32712d41b844fbdbf
MSG-202610-000559,2026-10-30 21:56:57,ben.lim@example.org,analytics.team@nus.edu.sg,Service request update,Delivered,e0d15de1e58a94820da67c31b0a3e5495269396173d686094268075fef5a801a,automation.service,2026-11-01,cc92a763e47193df87023fcacbd4aeaa9a749c12c5702a9c9fe6ea04ca26b43b
MSG-202610-000048,2026-10-31 00:26:20,notifications@system-example.net,platform.support@nus.edu.sg,Service request update,Resolved,05490a7dc262f4a552acce14881d14d326bb9246b2874f49a39e2b9662f64e77,svc_fabric_pipeline,2026-11-02,43748ff1593fbb66d0bd32d878b637746478f365bc6880c14c424c1e5aab5116
MSG-202610-001142,2026-10-31 10:52:51,notifications@system-example.net,platform.support@nus.edu.sg,Data extract ready,Resolved,9512b8c762cd9b9c73063998437e6a352dda56fd39dc76238982598fad980685,voyce.peh,2026-11-02,34f5e507787c93b2315b888d0aee1a1b60680e7fb2abaa4d37287eaf2a5aeff8
MSG-202610-000056,2026-10-31 12:29:00,data.platform@example.org,staff003@nus.edu.sg,Data validation results,Delivered,e0d15de1e58a94820da67c31b0a3e5495269396173d686094268075fef5a801a,automation.service,2026-11-02,bfdc1dc28ee83d8f65e7b36c77bd1fbf3d1a3314173cad773b177b759d3af6f1
MSG-202610-001252,2026-10-31 18:36:04,alice.tan@example.com,analytics.team@nus.edu.sg,Workspace permission request,Delivered,9512b8c762cd9b9c73063998437e6a352dda56fd39dc76238982598fad980685,automation.service,2026-11-01,8afa854703a658fb4965706027acd4a91999691e21b175b87fa7fd336c040f52
MSG-202610-001303,2026-10-31 20:31:07,ben.lim@example.org,data.office@nus.edu.sg,Data quality alert,Delivered,9512b8c762cd9b9c73063998437e6a352dda56fd39dc76238982598fad980685,data.engineering,2026-11-02,a31856f668940f162863035af72dde0bf43c5d0a7e6e899046b659c5cd1714a9
MSG-202611-001171,2026-11-01 10:19:49,ben.lim@example.org,governance@nus.edu.sg,Pipeline execution summary,Resolved,05490a7dc262f4a552acce14881d14d326bb9246b2874f49a39e2b9662f64e77,svc_fabric_pipeline,2026-11-02,9c5ee1513b2f5bddabd5aa8c8ae671209d7c6ed8c8d3565e7df43332fdaeb949
MSG-202611-000362,2026-11-01 13:24:45,governance.team@example.org,reporting@nus.edu.sg,Access request approved,Resolved,9512b8c762cd9b9c73063998437e6a352dda56fd39dc76238982598fad980685,automation.service,2026-11-02,2e526ebaa66c1a20b3d2eecd1becd5d4e870b21777c4164fff5a55c6127191e6
MSG-202611-000902,2026-11-01 21:39:42,operations@vendor-example.com,staff002@nus.edu.sg,Workspace permission request,Failed,e0d15de1e58a94820da67c31b0a3e5495269396173d686094268075fef5a801a,automation.service,2026-11-02,fcb41a520f61d89e99f2000b2ef0e9b6f1f108c85461a43ecf2f95ca42b7420d
MSG-202611-000249,2026-11-02 05:03:27,ben.lim@example.org,reporting@nus.edu.sg,Dashboard refresh completed,Delivered,9512b8c762cd9b9c73063998437e6a352dda56fd39dc76238982598fad980685,voyce.peh,2026-11-03,d2a45a6496b759ad3d7df5113e9e60e2c406d2e6f71fc0766088d23d8e5d7297
MSG-202611-001174,2026-11-02 05:09:46,operations@vendor-example.com,staff001@nus.edu.sg,Data validation results,Delivered,9512b8c762cd9b9c73063998437e6a352dda56fd39dc76238982598fad980685,data.engineering,2026-11-03,a206bfc2c62f5e9bd5d5e628bf374a2dbe894c15bbffc7d0eecec8d8b6e18b6e
MSG-202611-001056,2026-11-02 08:39:40,project.office@example.com,reporting@nus.edu.sg,Data quality alert,Delivered,e0d15de1e58a94820da67c31b0a3e5495269396173d686094268075fef5a801a,automation.service,2026-11-04,3bdd94188a41abd1efa20c78754347b7052c423f3b79f4256b2305fcfc66c7d1
MSG-202611-000075,2026-11-02 11:41:23,operations@vendor-example.com,staff001@nus.edu.sg,User account request,Delivered,9512b8c762cd9b9c73063998437e6a352dda56fd39dc76238982598fad980685,svc_fabric_pipeline,2026-11-03,1d4bf3b570bbba7e934a617f34d04d9709f2dee8806c4edba340780bf951ef15
MSG-202611-000081,2026-11-03 20:51:34,notifications@system-example.net,reporting@nus.edu.sg,File delivery confirmation,Delivered,9512b8c762cd9b9c73063998437e6a352dda56fd39dc76238982598fad980685,svc_fabric_pipeline,2026-11-05,71a59c2a19c0ce3215bf593ccd681a196d7d2aef18f2fe6ed805070c6078b4ca
MSG-202611-001146,2026-11-03 22:55:42,data.platform@example.org,reporting@nus.edu.sg,Data extract ready,Delivered,9512b8c762cd9b9c73063998437e6a352dda56fd39dc76238982598fad980685,voyce.peh,2026-11-05,55ed9edb14e73ba874a2bb269ac014894e302c865bcf129c3b220a7bf38f2f1f
MSG-202611-001307,2026-11-04 02:21:07,access.management@example.com,governance@nus.edu.sg,User account request,Delivered,9512b8c762cd9b9c73063998437e6a352dda56fd39dc76238982598fad980685,svc_fabric_pipeline,2026-11-05,e528fbbc5133346f13977be696f086c62634cef2d3286cceb8d4793d0344731b
MSG-202611-000597,2026-11-04 04:38:52,project.office@example.com,reporting@nus.edu.sg,Access request approved,Failed,9512b8c762cd9b9c73063998437e6a352dda56fd39dc76238982598fad980685,voyce.peh,2026-11-05,b0c8154060d6d0964f0535b4091bb92119c345d1c895ab1245462f09d73fd06c
MSG-202611-000359,2026-11-04 20:08:00,operations@vendor-example.com,staff003@nus.edu.sg,Data extract ready,Failed,9512b8c762cd9b9c73063998437e6a352dda56fd39dc76238982598fad980685,svc_fabric_pipeline,2026-11-05,3b994f31f75e1314196c81f8fb08ae8a5516053374f074fa8a7b01c58ebe39e6
MSG-202611-000532,2026-11-04 22:29:36,governance.team@example.org,staff001@nus.edu.sg,Data quality alert,Failed,9512b8c762cd9b9c73063998437e6a352dda56fd39dc76238982598fad980685,data.engineering,2026-11-05,1873b98c631eb598e740b6488c25fbab1f7539fed55f67770ce1b3b20cdb5ecc
MSG-202611-001288,2026-11-05 00:32:38,access.management@example.com,staff001@nus.edu.sg,Data quality alert,Delivered,9512b8c762cd9b9c73063998437e6a352dda56fd39dc76238982598fad980685,data.engineering,2026-11-07,eb4e86a4b106cc680720d1799062365cfb797830ac7e4f17cafc27603e4d22d0
MSG-202611-001011,2026-11-05 03:36:48,project.office@example.com,staff001@nus.edu.sg,Data quality alert,Resolved,9512b8c762cd9b9c73063998437e6a352dda56fd39dc76238982598fad980685,data.engineering,2026-11-06,b7c1fc3c0e5d11620706d8dfba376a3b0a951b6acd95a8c882c1dea2a01931ee
MSG-202611-001236,2026-11-05 05:33:49,support@service-example.com,platform.support@nus.edu.sg,Metadata update completed,Delivered,9512b8c762cd9b9c73063998437e6a352dda56fd39dc76238982598fad980685,data.engineering,2026-11-05,264c1359cf636bd76bbd2f69d6798901417b07e18946b78536a40aba3ee50e78
MSG-202611-000816,2026-11-05 15:19:08,operations@vendor-example.com,data.office@nus.edu.sg,Data quality alert,Delivered,9512b8c762cd9b9c73063998437e6a352dda56fd39dc76238982598fad980685,data.engineering,2026-11-07,58110546a37a2b9888db4b8047329ea9ff8cc2d7cfec731a86614059d1d04977
MSG-202611-001287,2026-11-05 23:37:28,access.management@example.com,staff003@nus.edu.sg,Pipeline execution summary,Delivered,e0d15de1e58a94820da67c31b0a3e5495269396173d686094268075fef5a801a,automation.service,2026-11-06,606efb2d176723b250d23bdb238a041d42672dfa449666c1ef4bd041048f0d40
MSG-202611-000050,2026-11-06 08:52:23,notifications@system-example.net,staff002@nus.edu.sg,File delivery confirmation,Delivered,e0d15de1e58a94820da67c31b0a3e5495269396173d686094268075fef5a801a,voyce.peh,2026-11-06,e59f2afa72faf4a998dcb86b7799f4fb8638dc7e91be5599ee5aaa8441cd5f58
MSG-202611-000734,2026-11-06 13:53:18,ben.lim@example.org,governance@nus.edu.sg,Workspace permission request,Delivered,9512b8c762cd9b9c73063998437e6a352dda56fd39dc76238982598fad980685,voyce.peh,2026-11-08,36261a95fe988ff34ace3e41fd0bfbb98117a7443a8a03bda6f403cab3d979a0
MSG-202611-000143,2026-11-06 15:31:04,governance.team@example.org,staff001@nus.edu.sg,Access request approved,Resolved,05490a7dc262f4a552acce14881d14d326bb9246b2874f49a39e2b9662f64e77,data.engineering,2026-11-07,f53195e7d1f7daef7aa75e591cd1c0a789eb1bc681cf12b097dc792a245e74ba
MSG-202611-000855,2026-11-07 07:14:40,notifications@system-example.net,data.office@nus.edu.sg,Data quality alert,Delivered,9512b8c762cd9b9c73063998437e6a352dda56fd39dc76238982598fad980685,voyce.peh,2026-11-08,7250bcc9fc31e2c69a5b57f0984d26bca58ae969e37ed9050e1caec31270103e
MSG-202611-000170,2026-11-07 08:28:42,governance.team@example.org,platform.support@nus.edu.sg,Metadata update completed,Delivered,9512b8c762cd9b9c73063998437e6a352dda56fd39dc76238982598fad980685,voyce.peh,2026-11-08,2c1b597f646f55ef16effb104011f981c8f0dd9743345618ed7cc4f8cd912271
MSG-202611-000389,2026-11-07 12:44:02,support@service-example.com,staff003@nus.edu.sg,Service request update,Delivered,e0d15de1e58a94820da67c31b0a3e5495269396173d686094268075fef5a801a,svc_fabric_pipeline,2026-11-08,3886ef171ef1ac150452b48954aa96118e9184511ec3b2f002867a8ca3b70dc8
MSG-202611-001469,2026-11-07 19:13:57,governance.team@example.org,staff001@nus.edu.sg,Access request approved,Delivered,9512b8c762cd9b9c73063998437e6a352dda56fd39dc76238982598fad980685,automation.service,2026-11-08,b06de6ac315150590cf9c83e7da4b7e0f29d04e5fd6bb0742f5eed2b53911900
MSG-202611-001426,2026-11-08 00:10:15,project.office@example.com,governance@nus.edu.sg,Data extract ready,Delivered,9512b8c762cd9b9c73063998437e6a352dda56fd39dc76238982598fad980685,svc_fabric_pipeline,2026-11-09,b812d307a9ab260f1731992f57dc78f3ef7553cfa6fcd005362d454846d81579
MSG-202611-001145,2026-11-08 11:00:42,support@service-example.com,platform.support@nus.edu.sg,Meeting follow up,Resolved,9512b8c762cd9b9c73063998437e6a352dda56fd39dc76238982598fad980685,voyce.peh,2026-11-09,e2e8c3c8575c4472c7f69fe37977a376f4724934bc9dc2ea4e3bddb9b78c4706
MSG-202611-001210,2026-11-08 22:29:31,ben.lim@example.org,reporting@nus.edu.sg,Incident resolution update,Delivered,05490a7dc262f4a552acce14881d14d326bb9246b2874f49a39e2b9662f64e77,automation.service,2026-11-10,6ef88945266b7fcda72fcc8df945d984516f031d7828fabb452346d38f1a6eff
MSG-202611-000328,2026-11-09 05:40:36,operations@vendor-example.com,staff003@nus.edu.sg,Pipeline execution summary,Delivered,9512b8c762cd9b9c73063998437e6a352dda56fd39dc76238982598fad980685,data.engineering,2026-11-11,5b7734e07928b7050c31a9fb2838e4bf18e476dc2160773fe5776f3d73bd4035
MSG-202611-000530,2026-11-09 10:31:48,governance.team@example.org,staff003@nus.edu.sg,Project status update,Delivered,9512b8c762cd9b9c73063998437e6a352dda56fd39dc76238982598fad980685,voyce.peh,2026-11-10,a72d94a3a9baf9434ff9badbec83540421e9cd035880594d5cc60f62a8c6e88c
MSG-202611-000822,2026-11-09 15:03:18,data.platform@example.org,data.office@nus.edu.sg,Data extract ready,Delivered,e0d15de1e58a94820da67c31b0a3e5495269396173d686094268075fef5a801a,automation.service,2026-11-11,92e450a633b0c4526037b49f859a14d22346ebe236efd1ebb2f32323f272472f
MSG-202611-001131,2026-11-09 17:52:53,governance.team@example.org,platform.support@nus.edu.sg,Metadata update completed,Resolved,9512b8c762cd9b9c73063998437e6a352dda56fd39dc76238982598fad980685,automation.service,2026-11-10,7bb8f3aceaa3be681d1bf2a6671540b94f3ad12ed189e0c4a19dafb37472a291
MSG-202611-000546,2026-11-10 06:18:07,alice.tan@example.com,reporting@nus.edu.sg,Contract review reminder,Delivered,05490a7dc262f4a552acce14881d14d326bb9246b2874f49a39e2b9662f64e77,data.engineering,2026-11-10,4c5d2a78c2aee21cc0c58a24611d2040e049e4127397c2fa2333fee742a79588
MSG-202611-000976,2026-11-10 10:04:33,reporting.service@example.net,staff003@nus.edu.sg,File delivery confirmation,Delivered,9512b8c762cd9b9c73063998437e6a352dda56fd39dc76238982598fad980685,data.engineering,2026-11-11,db69eeac444e84cf013fa3a1ce3fe66c01829f66156d6ba626e278d5bbb20652
MSG-202611-001086,2026-11-10 12:10:21,support@service-example.com,staff003@nus.edu.sg,Security access review,Resolved,e0d15de1e58a94820da67c31b0a3e5495269396173d686094268075fef5a801a,svc_fabric_pipeline,2026-11-11,fb0d2b8b988f2e6292bb5b4f18b272c317fa3399a4b257f6f8862102206c3161
MSG-202611-001245,2026-11-10 13:38:00,support@service-example.com,staff003@nus.edu.sg,Scheduled refresh notification,Resolved,9512b8c762cd9b9c73063998437e6a352dda56fd39dc76238982598fad980685,data.engineering,2026-11-11,a7b8a8a1c3c3c9619cc29e0e6fb9fd51817a7187fe788d3acbb4fb022df16fa0
MSG-202611-000386,2026-11-10 16:37:35,ben.lim@example.org,data.office@nus.edu.sg,Data validation results,Delivered,9512b8c762cd9b9c73063998437e6a352dda56fd39dc76238982598fad980685,voyce.peh,2026-11-11,391591ac954a9491b69c481b7ab70f7b4e31472ac6d9267203912686d9474d4d
MSG-202611-000396,2026-11-11 01:14:35,reporting.service@example.net,data.office@nus.edu.sg,User account request,Resolved,9512b8c762cd9b9c73063998437e6a352dda56fd39dc76238982598fad980685,svc_fabric_pipeline,2026-11-11,feb69571f2d9270ac75b77aaf20945186dcfaba27ee1045d3e9bb125d5d955af
MSG-202611-001243,2026-11-11 04:54:08,notifications@system-example.net,staff002@nus.edu.sg,Pipeline execution summary,Failed,9512b8c762cd9b9c73063998437e6a352dda56fd39dc76238982598fad980685,data.engineering,2026-11-13,713674b2e49a4f7df26264a84153c17e840e80fa77c85e17bb23aea4efc67afa
MSG-202611-001196,2026-11-11 06:35:03,ben.lim@example.org,analytics.team@nus.edu.sg,Report publication update,Delivered,9512b8c762cd9b9c73063998437e6a352dda56fd39dc76238982598fad980685,automation.service,2026-11-11,3e57333472e98dcec8dc5a6b2b196c32e979407dbbb6f0b861f1b6e0928a36cc
MSG-202611-000215,2026-11-11 11:02:11,data.platform@example.org,data.office@nus.edu.sg,Workspace permission request,Delivered,e0d15de1e58a94820da67c31b0a3e5495269396173d686094268075fef5a801a,automation.service,2026-11-12,b0db09bf9eb59dfce9553ff83c9128a55112f08b176720170f9ea61dd234e9c7
MSG-202611-000775,2026-11-11 11:08:22,governance.team@example.org,staff001@nus.edu.sg,File delivery confirmation,Delivered,9512b8c762cd9b9c73063998437e6a352dda56fd39dc76238982598fad980685,automation.service,2026-11-11,d9588b7b7aac75d5f57d77ff40c1a6e0f9cdf6d4931a0589a80cd39624a387e7
MSG-202611-001451,2026-11-12 09:57:01,alice.tan@example.com,platform.support@nus.edu.sg,Metadata update completed,Delivered,e0d15de1e58a94820da67c31b0a3e5495269396173d686094268075fef5a801a,data.engineering,2026-11-14,d2794cc88b6ef3b4c18b73a3fa99638d641dafa88c0cb38970c3cf1f7980016c
MSG-202611-000350,2026-11-12 14:35:19,governance.team@example.org,staff002@nus.edu.sg,Data extract ready,Delivered,e0d15de1e58a94820da67c31b0a3e5495269396173d686094268075fef5a801a,svc_fabric_pipeline,2026-11-13,30568f8c48cdafbfb933abffcedbcdd5283df601124799480678ed5f4232512f
MSG-202611-001219,2026-11-12 15:59:51,reporting.service@example.net,analytics.team@nus.edu.sg,Project status update,Delivered,05490a7dc262f4a552acce14881d14d326bb9246b2874f49a39e2b9662f64e77,automation.service,2026-11-13,79e18ac8d750616387ff775bbd5c0c8cdcbffe9f942fcbc7b35b8d67512d9bff
MSG-202611-000915,2026-11-12 19:39:48,ben.lim@example.org,analytics.team@nus.edu.sg,Workspace permission request,Resolved,e0d15de1e58a94820da67c31b0a3e5495269396173d686094268075fef5a801a,voyce.peh,2026-11-14,c832f9b6d5e69aaf6e0ed6eda2ff19ad99dc22dc1e520751ea22655482c09d40
MSG-202611-001090,2026-11-12 23:44:03,data.platform@example.org,staff003@nus.edu.sg,Metadata update completed,Delivered,9512b8c762cd9b9c73063998437e6a352dda56fd39dc76238982598fad980685,automation.service,2026-11-13,b5557fc6e6bc1e24db3a5aa6555db4c89e4b220cc6f6f7b8cc61c88e94261ae0
MSG-202611-000234,2026-11-13 03:31:53,access.management@example.com,analytics.team@nus.edu.sg,Security access review,Delivered,e0d15de1e58a94820da67c31b0a3e5495269396173d686094268075fef5a801a,voyce.peh,2026-11-14,d2ffd9d8fe5c3d6eae0dd1d47ba254c99f99afe596e9fd749eeb8563ce8d0a40
MSG-202611-000613,2026-11-13 08:13:54,ben.lim@example.org,data.office@nus.edu.sg,File delivery confirmation,Delivered,e0d15de1e58a94820da67c31b0a3e5495269396173d686094268075fef5a801a,data.engineering,2026-11-13,4f9d53debd23c243a6386127da8c141e26a858afc61d1889d7d4dde0e9ff6efb
MSG-202611-001109,2026-11-13 12:50:51,project.office@example.com,data.office@nus.edu.sg,Access request approved,Resolved,9512b8c762cd9b9c73063998437e6a352dda56fd39dc76238982598fad980685,svc_fabric_pipeline,2026-11-13,fbb65d86abdf7c7a5c44602f06ce78b33315beec3fdbb7803338e02d72cab2c8
MSG-202611-000580,2026-11-13 21:20:08,support@service-example.com,platform.support@nus.edu.sg,Project status update,Delivered,9512b8c762cd9b9c73063998437e6a352dda56fd39dc76238982598fad980685,data.engineering,2026-11-15,fb159b25fda2089395c3b5bd9e001150d6963607dc73317f6acfa0c6008696e7
MSG-202611-000574,2026-11-14 00:01:43,notifications@system-example.net,governance@nus.edu.sg,Data validation results,Resolved,9512b8c762cd9b9c73063998437e6a352dda56fd39dc76238982598fad980685,svc_fabric_pipeline,2026-11-14,9908e45a0121223874ef71c4a89848e84e7d05284f375e6297a0508f0aa0c3a6
MSG-202611-000218,2026-11-14 16:59:20,governance.team@example.org,staff001@nus.edu.sg,File delivery confirmation,Delivered,9512b8c762cd9b9c73063998437e6a352dda56fd39dc76238982598fad980685,svc_fabric_pipeline,2026-11-15,df481907563c3eef1a7f0a0b88aad537618a5a3dd2243f7b7f67ecec303609b6
MSG-202611-000524,2026-11-14 17:18:17,ben.lim@example.org,staff001@nus.edu.sg,Monthly report submission,Delivered,9512b8c762cd9b9c73063998437e6a352dda56fd39dc76238982598fad980685,data.engineering,2026-11-16,0e0be4d303ae4b08fe034fa9aa9cd10c9fc5ddd85d6311b56c319e985fb4d217
MSG-202611-000014,2026-11-14 17:32:41,access.management@example.com,staff002@nus.edu.sg,Metadata update completed,Delivered,9512b8c762cd9b9c73063998437e6a352dda56fd39dc76238982598fad980685,data.engineering,2026-11-15,54da58cbf3e3fbd1cb47764d0ea37e8acd4738ea50234e631f1ed99c4c4303dd
MSG-202611-000078,2026-11-15 09:40:48,access.management@example.com,reporting@nus.edu.sg,Access request approved,Delivered,e0d15de1e58a94820da67c31b0a3e5495269396173d686094268075fef5a801a,automation.service,2026-11-17,88fd697b772e6975963287d4fdb699f4a976532348d9cad641bc9b0d17bd409b
MSG-202611-000689,2026-11-15 12:39:26,project.office@example.com,staff001@nus.edu.sg,Metadata update completed,Delivered,9512b8c762cd9b9c73063998437e6a352dda56fd39dc76238982598fad980685,automation.service,2026-11-15,165f54abc734154bcd115a1b0028d090b370335ebb6fa50967de34eeafa85c70
MSG-202611-000195,2026-11-15 12:56:20,project.office@example.com,analytics.team@nus.edu.sg,Report publication update,Delivered,9512b8c762cd9b9c73063998437e6a352dda56fd39dc76238982598fad980685,svc_fabric_pipeline,2026-11-16,9727f4d75e1d0e7f35faa9100c5199a75be45b2730c5d9f5401cd23dd95fcb7b
MSG-202611-001226,2026-11-15 21:30:51,ben.lim@example.org,data.office@nus.edu.sg,Contract review reminder,Delivered,05490a7dc262f4a552acce14881d14d326bb9246b2874f49a39e2b9662f64e77,data.engineering,2026-11-16,ac3df253f60238662a70533d353b9ffb5ad161343dbab714d9e8b4406a4bcf53
MSG-202611-000312,2026-11-15 21:40:30,data.platform@example.org,analytics.team@nus.edu.sg,Dashboard refresh completed,Delivered,05490a7dc262f4a552acce14881d14d326bb9246b2874f49a39e2b9662f64e77,voyce.peh,2026-11-16,d5d1d72c3e76883c87e6b415efd3cf2373835b76d869a3f17b36875223186c8c
MSG-202611-000971,2026-11-16 01:32:33,reporting.service@example.net,staff003@nus.edu.sg,Access request approved,Delivered,05490a7dc262f4a552acce14881d14d326bb9246b2874f49a39e2b9662f64e77,svc_fabric_pipeline,2026-11-17,e1bea0b5936fffc6dc69db80eb5f920ad84eee80d9a96225b945f788d4ce7a83
MSG-202611-001495,2026-11-16 02:16:22,notifications@system-example.net,data.office@nus.edu.sg,Report publication update,Delivered,9512b8c762cd9b9c73063998437e6a352dda56fd39dc76238982598fad980685,voyce.peh,2026-11-16,f17f986844e2d613ea5876ed229477ae3636f2c08ce42951b74ca6effc970395
MSG-202611-000518,2026-11-16 05:15:43,data.platform@example.org,staff003@nus.edu.sg,Pipeline execution summary,Delivered,9512b8c762cd9b9c73063998437e6a352dda56fd39dc76238982598fad980685,data.engineering,2026-11-16,6dacc4631dfcc1511840c9ccfa207e8b6c353192907d54a0b9f2e622fff2a5cf
MSG-202611-000658,2026-11-16 15:38:33,access.management@example.com,analytics.team@nus.edu.sg,Incident resolution update,Delivered,9512b8c762cd9b9c73063998437e6a352dda56fd39dc76238982598fad980685,svc_fabric_pipeline,2026-11-17,2f01cc08a24c61daaa23fee7fdf51c8b3e368ea5fbe73f4006557c01d0921fed
MSG-202611-000526,2026-11-16 20:53:20,project.office@example.com,reporting@nus.edu.sg,Workspace permission request,Delivered,9512b8c762cd9b9c73063998437e6a352dda56fd39dc76238982598fad980685,automation.service,2026-11-17,f2f6311ef337f31a1505e75e83dbb0ce6b17f788b0bef3bbd4d8f238b3196c47
MSG-202611-000509,2026-11-17 01:39:36,data.platform@example.org,data.office@nus.edu.sg,Service request update,Delivered,9512b8c762cd9b9c73063998437e6a352dda56fd39dc76238982598fad980685,svc_fabric_pipeline,2026-11-18,5300c5a4acf0b2a103962429b2d94718b24168b61de609254d6a917a499fd887
MSG-202611-001441,2026-11-17 04:47:59,support@service-example.com,data.office@nus.edu.sg,Monthly report submission,Failed,9512b8c762cd9b9c73063998437e6a352dda56fd39dc76238982598fad980685,data.engineering,2026-11-18,eaa3b8ac552545e70ab2945219782cca07e3b9a8d61139b8e4c5557d546381bb
MSG-202611-000225,2026-11-17 07:31:22,alice.tan@example.com,governance@nus.edu.sg,Incident resolution update,Delivered,9512b8c762cd9b9c73063998437e6a352dda56fd39dc76238982598fad980685,voyce.peh,2026-11-17,1baf1929d4beb4cf23f71ecb7228ace0db2efd0487349214e3f4dd82b26a5728
MSG-202611-001271,2026-11-17 10:43:42,support@service-example.com,platform.support@nus.edu.sg,Security access review,Delivered,9512b8c762cd9b9c73063998437e6a352dda56fd39dc76238982598fad980685,automation.service,2026-11-17,cabd0efec2992e16308807d5578fe4e6764b4f027c96b35502e4140c69335cc6
MSG-202611-001283,2026-11-18 00:57:06,data.platform@example.org,staff001@nus.edu.sg,Contract review reminder,Delivered,9512b8c762cd9b9c73063998437e6a352dda56fd39dc76238982598fad980685,voyce.peh,2026-11-19,a43f7e0101dec81d511d760fdeb0e6b316ef67605fb88724945ce15cce26f9e4
MSG-202611-000240,2026-11-18 01:42:09,access.management@example.com,platform.support@nus.edu.sg,Scheduled refresh notification,Resolved,e0d15de1e58a94820da67c31b0a3e5495269396173d686094268075fef5a801a,data.engineering,2026-11-20,5ff387e05b57400c5cd5e8868e719b6c486e99b01279132943ab90c1d639f0bf
MSG-202611-001162,2026-11-18 08:53:07,support@service-example.com,staff001@nus.edu.sg,Incident resolution update,Resolved,9512b8c762cd9b9c73063998437e6a352dda56fd39dc76238982598fad980685,automation.service,2026-11-19,9b2404184db35b9b858e8538a6e375b1e2a9eb23c4e9c6e68e079c2e50fbab81
MSG-202611-001493,2026-11-18 12:14:39,reporting.service@example.net,staff003@nus.edu.sg,File delivery confirmation,Resolved,9512b8c762cd9b9c73063998437e6a352dda56fd39dc76238982598fad980685,svc_fabric_pipeline,2026-11-18,0aa277658a37b0b085141f022379ca147fcc27bc9bb40229ae9fcaf18e8dffed
MSG-202611-001334,2026-11-18 14:03:02,notifications@system-example.net,staff001@nus.edu.sg,Data extract ready,Delivered,9512b8c762cd9b9c73063998437e6a352dda56fd39dc76238982598fad980685,svc_fabric_pipeline,2026-11-18,5a18f0479aba3323c17dcc7a7bf4d56d1d4b77c879ba8b07822b94a443370a22
MSG-202611-001431,2026-11-18 14:19:33,data.platform@example.org,data.office@nus.edu.sg,Service request update,Delivered,9512b8c762cd9b9c73063998437e6a352dda56fd39dc76238982598fad980685,voyce.peh,2026-11-19,83a4a1c33011e20d3efa51ea512bceef830df603fd28aea10c151b4d864ae87c
MSG-202611-000511,2026-11-19 04:47:54,project.office@example.com,staff002@nus.edu.sg,System maintenance notice,Delivered,9512b8c762cd9b9c73063998437e6a352dda56fd39dc76238982598fad980685,data.engineering,2026-11-20,11d2e650c4fba4856f8ff36ddea748fac13a0600a9aa85dd406b4cda5774e8b6
MSG-202611-000108,2026-11-19 23:16:16,data.platform@example.org,analytics.team@nus.edu.sg,Meeting follow up,Resolved,e0d15de1e58a94820da67c31b0a3e5495269396173d686094268075fef5a801a,data.engineering,2026-11-20,e577d413f26fce652bcd6040a754d9a2b5186b2a92157abfd70261a9550c59dc
MSG-202611-001376,2026-11-20 01:11:47,governance.team@example.org,staff002@nus.edu.sg,User account request,Resolved,9512b8c762cd9b9c73063998437e6a352dda56fd39dc76238982598fad980685,data.engineering,2026-11-21,30d6f29a1074ca2eecf20f8c0fcd0ca206a24ccaf8404d7a6c7d1f730101dff5
MSG-202611-001260,2026-11-20 10:05:11,project.office@example.com,staff001@nus.edu.sg,System maintenance notice,Delivered,9512b8c762cd9b9c73063998437e6a352dda56fd39dc76238982598fad980685,voyce.peh,2026-11-21,b92cc275a89ac20484c8d86e039d36351ccc71410f1253d98729956e69cf0c0a
MSG-202611-001359,2026-11-20 12:34:46,support@service-example.com,staff003@nus.edu.sg,Workspace permission request,Resolved,9512b8c762cd9b9c73063998437e6a352dda56fd39dc76238982598fad980685,data.engineering,2026-11-20,527b280fdef51073816438c8b96df71aef4485d56e6cb22f21cf7b5e3c1f2f1e
MSG-202611-001386,2026-11-20 17:32:11,reporting.service@example.net,staff003@nus.edu.sg,System maintenance notice,Resolved,9512b8c762cd9b9c73063998437e6a352dda56fd39dc76238982598fad980685,voyce.peh,2026-11-20,ca1669367716e2a8cf057764a7314d47ca510bc186561df41c851c71b980bacd
MSG-202611-000036,2026-11-20 19:34:39,project.office@example.com,staff001@nus.edu.sg,Monthly report submission,Delivered,9512b8c762cd9b9c73063998437e6a352dda56fd39dc76238982598fad980685,automation.service,2026-11-21,fe80a60e7bf56d2401e738138c7114eb573835a9db6a6ececd13bf8d13800674
MSG-202611-001336,2026-11-20 20:34:32,data.platform@example.org,governance@nus.edu.sg,Data quality alert,Delivered,9512b8c762cd9b9c73063998437e6a352dda56fd39dc76238982598fad980685,svc_fabric_pipeline,2026-11-21,92528746d2822966bf3cdfe28ba16acec093d40670378c7600918109f066b713
MSG-202611-001203,2026-11-20 23:50:24,access.management@example.com,staff003@nus.edu.sg,Data validation results,Resolved,9512b8c762cd9b9c73063998437e6a352dda56fd39dc76238982598fad980685,svc_fabric_pipeline,2026-11-21,50550b2165cb835fba849982aab8c9d1f14a6ed375c4c3aa34200b91fe98a1a5
MSG-202611-000835,2026-11-21 02:47:39,project.office@example.com,platform.support@nus.edu.sg,Data validation results,Delivered,9512b8c762cd9b9c73063998437e6a352dda56fd39dc76238982598fad980685,data.engineering,2026-11-23,526adf31853c043596d1596290a6b99f3e569939322060d30c4cdb9464d3d02a
MSG-202611-000814,2026-11-21 04:41:31,alice.tan@example.com,staff003@nus.edu.sg,Meeting follow up,Delivered,9512b8c762cd9b9c73063998437e6a352dda56fd39dc76238982598fad980685,svc_fabric_pipeline,2026-11-21,241c4c424f67afdafc8c1f1a416c3e8adc4c56c76adf4544d323dfe64b94f283
MSG-202611-000535,2026-11-21 08:28:29,notifications@system-example.net,data.office@nus.edu.sg,Contract review reminder,Delivered,9512b8c762cd9b9c73063998437e6a352dda56fd39dc76238982598fad980685,voyce.peh,2026-11-22,a47c45a842b810b62dcd702fb35fc71b1758fd4cd78b72e69d7a5db23c341ba1
MSG-202611-000432,2026-11-21 09:16:51,access.management@example.com,analytics.team@nus.edu.sg,Data validation results,Delivered,9512b8c762cd9b9c73063998437e6a352dda56fd39dc76238982598fad980685,voyce.peh,2026-11-22,ffd5348b015225711b1a622401655aaa849590a18f9df16e62564c37838b596e
MSG-202611-001135,2026-11-21 13:34:22,reporting.service@example.net,staff003@nus.edu.sg,Security access review,Delivered,e0d15de1e58a94820da67c31b0a3e5495269396173d686094268075fef5a801a,voyce.peh,2026-11-21,86b10270e9802421a65a18b4d20d79bddd4c14fea72f91bdc87305ce752e21bc
MSG-202611-000585,2026-11-21 17:16:39,support@service-example.com,staff003@nus.edu.sg,Access request approved,Delivered,9512b8c762cd9b9c73063998437e6a352dda56fd39dc76238982598fad980685,automation.service,2026-11-23,4f088e5f6cfb57fa6fc557091a677ce9c165d1a6796ac23081e129f9202c0343
MSG-202611-001278,2026-11-21 20:46:21,alice.tan@example.com,data.office@nus.edu.sg,System maintenance notice,Resolved,e0d15de1e58a94820da67c31b0a3e5495269396173d686094268075fef5a801a,voyce.peh,2026-11-23,66e524e29e75dea180e54384d3d9f834e3be482606b60734c3bf0c64f2c23737
MSG-202611-001025,2026-11-22 01:04:39,alice.tan@example.com,staff001@nus.edu.sg,System maintenance notice,Delivered,9512b8c762cd9b9c73063998437e6a352dda56fd39dc76238982598fad980685,data.engineering,2026-11-23,85b64325eb5be8be99a0800fb2c09a6423face4baa2a81a334a00e23ddb5cfad
MSG-202611-000442,2026-11-22 18:47:47,notifications@system-example.net,reporting@nus.edu.sg,Access request approved,Delivered,e0d15de1e58a94820da67c31b0a3e5495269396173d686094268075fef5a801a,data.engineering,2026-11-23,3da4986b34b1b2aa8ceac26e95928c15d6a01e5bf494f17b71508df0230434e2
MSG-202611-001117,2026-11-22 22:21:54,support@service-example.com,platform.support@nus.edu.sg,User account request,Delivered,9512b8c762cd9b9c73063998437e6a352dda56fd39dc76238982598fad980685,data.engineering,2026-11-23,9809da1681119a67381994916faed2e0c59622de7aa1f9c645ea5363ecee3886
MSG-202611-000967,2026-11-23 15:24:11,reporting.service@example.net,governance@nus.edu.sg,Security access review,Delivered,9512b8c762cd9b9c73063998437e6a352dda56fd39dc76238982598fad980685,voyce.peh,2026-11-24,6d6ebdf5ac6451685bfb3142c60c0063ea66695d2e37ffb25b38265bd2560345
MSG-202611-000958,2026-11-23 17:14:03,operations@vendor-example.com,staff003@nus.edu.sg,Incident resolution update,Delivered,9512b8c762cd9b9c73063998437e6a352dda56fd39dc76238982598fad980685,automation.service,2026-11-24,560cc5af8c85371d060e7b75f753a00781674241a10c0a94c74510c5453fc055
MSG-202611-001353,2026-11-23 23:47:15,alice.tan@example.com,platform.support@nus.edu.sg,Data extract ready,Delivered,9512b8c762cd9b9c73063998437e6a352dda56fd39dc76238982598fad980685,data.engineering,2026-11-24,14b795a1db99fafe99ac56b93fae4aeef33d801268f48332123ab96f500d91ff
MSG-202611-000738,2026-11-24 00:03:24,support@service-example.com,staff002@nus.edu.sg,Meeting follow up,Resolved,9512b8c762cd9b9c73063998437e6a352dda56fd39dc76238982598fad980685,svc_fabric_pipeline,2026-11-26,52724f7377f15d2d579a8e4332dad370e18f80ace90d13931277ab9a4a315631
MSG-202611-001304,2026-11-24 04:44:22,ben.lim@example.org,data.office@nus.edu.sg,Metadata update completed,Resolved,e0d15de1e58a94820da67c31b0a3e5495269396173d686094268075fef5a801a,data.engineering,2026-11-25,3bbda91b2b861da35aa1834397c8d60d82a3733000a19c65b041a7cb21177691
MSG-202611-000787,2026-11-24 09:36:34,governance.team@example.org,staff001@nus.edu.sg,Security access review,Delivered,e0d15de1e58a94820da67c31b0a3e5495269396173d686094268075fef5a801a,voyce.peh,2026-11-25,1e35ba2decf19a3c0540f3a94481919933efc4fa4396fdcb01edc99a580cba64
MSG-202611-001418,2026-11-24 10:58:01,ben.lim@example.org,data.office@nus.edu.sg,Security access review,Failed,9512b8c762cd9b9c73063998437e6a352dda56fd39dc76238982598fad980685,data.engineering,2026-11-25,3153963edead1838d3e1dfe5f04d89c45b9020304e1031594d8687dcc6142bdc
MSG-202611-001136,2026-11-24 11:32:45,support@service-example.com,staff002@nus.edu.sg,Monthly report submission,Delivered,9512b8c762cd9b9c73063998437e6a352dda56fd39dc76238982598fad980685,voyce.peh,2026-11-25,96c85c0f76b4b49b1c3c4c69ea200b8b4f24454a10d7beda86fd0a84378e1e56
MSG-202611-001071,2026-11-25 00:12:42,reporting.service@example.net,staff003@nus.edu.sg,Meeting follow up,Delivered,9512b8c762cd9b9c73063998437e6a352dda56fd39dc76238982598fad980685,svc_fabric_pipeline,2026-11-25,32746ec4f63a7565b38d86dc9c6787e9e650e8cc4ac4e38246c5900b69feaf4f
MSG-202611-000525,2026-11-25 01:06:00,reporting.service@example.net,staff002@nus.edu.sg,Data extract ready,Delivered,05490a7dc262f4a552acce14881d14d326bb9246b2874f49a39e2b9662f64e77,voyce.peh,2026-11-26,2dc124ba59012283e6894934e7330b66f33931a9ca344419b54ab8cf6d0d5794
MSG-202611-001352,2026-11-25 02:32:18,project.office@example.com,platform.support@nus.edu.sg,Metadata update completed,Resolved,9512b8c762cd9b9c73063998437e6a352dda56fd39dc76238982598fad980685,automation.service,2026-11-26,eb853a28206a75d71a572a5641597ac38a36dd1abf0484a9d6f4233717524c60
MSG-202611-000053,2026-11-25 18:19:38,access.management@example.com,analytics.team@nus.edu.sg,Data validation results,Delivered,e0d15de1e58a94820da67c31b0a3e5495269396173d686094268075fef5a801a,automation.service,2026-11-26,fa2c5eb480b547ffd53047a59708929f6e6542f074c619d2d43096cdd8868f4f
MSG-202611-000912,2026-11-25 20:50:23,alice.tan@example.com,platform.support@nus.edu.sg,Metadata update completed,Failed,9512b8c762cd9b9c73063998437e6a352dda56fd39dc76238982598fad980685,svc_fabric_pipeline,2026-11-26,59b195f94233f588a1c824a170e3deb79e9b3ebe37370b87c122cea2b8f8955c
MSG-202611-001263,2026-11-25 23:08:51,project.office@example.com,staff001@nus.edu.sg,Data extract ready,Delivered,9512b8c762cd9b9c73063998437e6a352dda56fd39dc76238982598fad980685,automation.service,2026-11-25,c4967fb879af83be425d8c62ac3f0a728e494467c0cd113b18f242843eab6730
MSG-202611-001275,2026-11-26 05:44:41,reporting.service@example.net,platform.support@nus.edu.sg,Project status update,Delivered,9512b8c762cd9b9c73063998437e6a352dda56fd39dc76238982598fad980685,automation.service,2026-11-27,6dbb67f058a5554e557daa2dff011cfe587408350ac6cb125a7b6e7b15bc8af8
MSG-202611-000780,2026-11-26 06:41:31,governance.team@example.org,governance@nus.edu.sg,System maintenance notice,Delivered,e0d15de1e58a94820da67c31b0a3e5495269396173d686094268075fef5a801a,voyce.peh,2026-11-28,946e666e543714d7db5a054dcf35a737953a0ff165e05c4afc06a904f1707880
MSG-202611-001125,2026-11-26 13:18:43,support@service-example.com,analytics.team@nus.edu.sg,User account request,Delivered,9512b8c762cd9b9c73063998437e6a352dda56fd39dc76238982598fad980685,automation.service,2026-11-27,69f4615518ed20f5bc6c2132e4fc7c7222d09c8d3b1a1cdde1577013d31978e0
MSG-202611-000340,2026-11-26 23:04:18,ben.lim@example.org,staff001@nus.edu.sg,Monthly report submission,Delivered,9512b8c762cd9b9c73063998437e6a352dda56fd39dc76238982598fad980685,data.engineering,2026-11-27,6f975e42c897f67d46e9144380f9eb5735779bf4688e5778931f5d2fa30ea889
MSG-202611-000924,2026-11-27 12:59:53,notifications@system-example.net,staff001@nus.edu.sg,Monthly report submission,Failed,05490a7dc262f4a552acce14881d14d326bb9246b2874f49a39e2b9662f64e77,voyce.peh,2026-11-27,80e551140b4f00081ca95c3a2569ccf9b8ab997c423664915b623feb9f7f6aaa
MSG-202611-000654,2026-11-27 15:58:00,support@service-example.com,staff002@nus.edu.sg,Pipeline execution summary,Delivered,e0d15de1e58a94820da67c31b0a3e5495269396173d686094268075fef5a801a,svc_fabric_pipeline,2026-11-28,ecdc39e9a0ed3349aea65ad48ff7372c4ac5dac18d2a4dde120c4503335a6fb3
MSG-202611-001164,2026-11-28 03:00:54,notifications@system-example.net,staff003@nus.edu.sg,Scheduled refresh notification,Delivered,e0d15de1e58a94820da67c31b0a3e5495269396173d686094268075fef5a801a,svc_fabric_pipeline,2026-11-30,655e680feaf31155a5747e0fcd6f5ec7a742312e3520bc5459a9d3311f618413
MSG-202611-001092,2026-11-28 10:47:22,governance.team@example.org,platform.support@nus.edu.sg,User account request,Delivered,9512b8c762cd9b9c73063998437e6a352dda56fd39dc76238982598fad980685,data.engineering,2026-11-30,57fdb69af95325b171f3e5b3da933cd01f5166a11251b2feca798a47b3f0d182
MSG-202611-000337,2026-11-28 11:40:27,support@service-example.com,data.office@nus.edu.sg,Pipeline execution summary,Delivered,e0d15de1e58a94820da67c31b0a3e5495269396173d686094268075fef5a801a,svc_fabric_pipeline,2026-11-28,eb8c17a89e63eb2e1d27cbe1b8c0bf82c1977562c07db9fce05238c1557fc24f
MSG-202611-001209,2026-11-28 14:05:19,operations@vendor-example.com,platform.support@nus.edu.sg,File delivery confirmation,Delivered,05490a7dc262f4a552acce14881d14d326bb9246b2874f49a39e2b9662f64e77,svc_fabric_pipeline,2026-11-29,18a1b8682f0a0073a86a2ab34c4d332ff92012c8f471eebedb2b7a338ccf12e1
MSG-202611-001456,2026-11-28 18:52:53,operations@vendor-example.com,staff003@nus.edu.sg,File delivery confirmation,Delivered,9512b8c762cd9b9c73063998437e6a352dda56fd39dc76238982598fad980685,data.engineering,2026-11-28,253d3a8564f23082448a509f9333191566da7e241230bfed0f189a2988c6ba76
MSG-202611-000538,2026-11-28 19:20:17,access.management@example.com,staff002@nus.edu.sg,Workspace permission request,Delivered,9512b8c762cd9b9c73063998437e6a352dda56fd39dc76238982598fad980685,svc_fabric_pipeline,2026-11-30,53e6c5ef29528dbd7510363abbe09b70a01532aa1a48041b2faa10504326932e
MSG-202611-000319,2026-11-28 20:11:44,notifications@system-example.net,staff002@nus.edu.sg,Access request approved,Failed,9512b8c762cd9b9c73063998437e6a352dda56fd39dc76238982598fad980685,voyce.peh,2026-11-30,4a5d2c40c4b4cdd6b2b07298299fd49e8372f6d065b5cfcd1a5e87a242baca5f
MSG-202611-000422,2026-11-28 22:44:25,support@service-example.com,platform.support@nus.edu.sg,Workspace permission request,Delivered,9512b8c762cd9b9c73063998437e6a352dda56fd39dc76238982598fad980685,voyce.peh,2026-11-29,c09074cb9df707df198eed5467bab195db74f68eb0648b79efd4ad94e11934b9
MSG-202611-000156,2026-11-29 12:03:43,ben.lim@example.org,data.office@nus.edu.sg,Workspace permission request,Delivered,9512b8c762cd9b9c73063998437e6a352dda56fd39dc76238982598fad980685,automation.service,2026-11-30,2524b11273ad7fade13ea27eba332c493a7859313ce619fcda80ee193fa85821
MSG-202611-000783,2026-11-29 12:43:18,notifications@system-example.net,staff001@nus.edu.sg,Report publication update,Delivered,9512b8c762cd9b9c73063998437e6a352dda56fd39dc76238982598fad980685,svc_fabric_pipeline,2026-11-30,10ddfe7d7a4506b65c32dc731f2b8b087c2822927094f4a8eeffbf2670e5055d
MSG-202611-000418,2026-11-29 12:43:35,reporting.service@example.net,staff001@nus.edu.sg,Dashboard refresh completed,Delivered,9512b8c762cd9b9c73063998437e6a352dda56fd39dc76238982598fad980685,data.engineering,2026-11-29,5d932e71b439d0a92f3e92b3ad0a9d6fe7a57a491944868775f5bab9aa98bb48
MSG-202611-000453,2026-11-29 18:51:40,governance.team@example.org,staff003@nus.edu.sg,Dashboard refresh completed,Resolved,9512b8c762cd9b9c73063998437e6a352dda56fd39dc76238982598fad980685,svc_fabric_pipeline,2026-11-30,ec4c26d34cde64eeea61af41a2cea3438d4c422640d8e07b8c864b144d5277b7
MSG-202611-001072,2026-11-29 21:56:34,reporting.service@example.net,data.office@nus.edu.sg,Monthly report submission,Delivered,9512b8c762cd9b9c73063998437e6a352dda56fd39dc76238982598fad980685,svc_fabric_pipeline,2026-11-30,9b8d65cc656c6afec8c95e16217ecc4916e0c7e6c1da14b2cec62621170a6c9b
MSG-202611-001265,2026-11-30 02:23:27,governance.team@example.org,governance@nus.edu.sg,User account request,Delivered,9512b8c762cd9b9c73063998437e6a352dda56fd39dc76238982598fad980685,voyce.peh,2026-12-02,4c8a57983422f6035414356c25da0df17d758c5650c70ef44b545b035f992310
MSG-202611-001054,2026-11-30 04:02:40,support@service-example.com,staff001@nus.edu.sg,System maintenance notice,Delivered,9512b8c762cd9b9c73063998437e6a352dda56fd39dc76238982598fad980685,svc_fabric_pipeline,2026-12-02,1df6b26ced7cc4e4e468fb3fa8a9b03aa483c0081b8b3b11a2da61b0cd863863
MSG-202611-000440,2026-11-30 04:30:52,notifications@system-example.net,reporting@nus.edu.sg,Metadata update completed,Delivered,9512b8c762cd9b9c73063998437e6a352dda56fd39dc76238982598fad980685,svc_fabric_pipeline,2026-12-01,36f23e3f1b8d02c48565bc50505527edfe3ff59e88c2ee8cdd399b4c72f3d73a
MSG-202611-001003,2026-11-30 06:46:34,project.office@example.com,analytics.team@nus.edu.sg,Monthly report submission,Delivered,9512b8c762cd9b9c73063998437e6a352dda56fd39dc76238982598fad980685,svc_fabric_pipeline,2026-12-01,c669429c082959c64108cc3f27a1649a449a15ebe36dd97902e590a146e990f2
MSG-202611-000700,2026-11-30 19:12:17,ben.lim@example.org,data.office@nus.edu.sg,Security access review,Delivered,9512b8c762cd9b9c73063998437e6a352dda56fd39dc76238982598fad980685,data.engineering,2026-12-01,b6cfdda5cb71324d3b7ff245f24b20ebefa40b28f661785ab4a8162c8723ef63
MSG-202611-000501,2026-11-30 21:07:10,project.office@example.com,analytics.team@nus.edu.sg,Contract review reminder,Delivered,e0d15de1e58a94820da67c31b0a3e5495269396173d686094268075fef5a801a,voyce.peh,2026-12-01,1ef69712bd3bb8577588f93828c22c60766e57dcc500f28b1fc5fbef18a063b9
MSG-202612-000173,2026-12-01 04:13:36,operations@vendor-example.com,staff002@nus.edu.sg,Metadata update completed,Delivered,05490a7dc262f4a552acce14881d14d326bb9246b2874f49a39e2b9662f64e77,svc_fabric_pipeline,2026-12-02,fe38a63a5f02c993102b252713a982992d8ac6686e983fdd979eb12aa7200d91
MSG-202612-000181,2026-12-01 05:13:09,notifications@system-example.net,governance@nus.edu.sg,Incident resolution update,Delivered,9512b8c762cd9b9c73063998437e6a352dda56fd39dc76238982598fad980685,data.engineering,2026-12-02,a55ddc21134fabf5f0aaf0e7341deb99d41e5f96c3eba85b8ba634f01becc108
MSG-202612-000542,2026-12-01 08:12:33,access.management@example.com,staff001@nus.edu.sg,Scheduled refresh notification,Failed,9512b8c762cd9b9c73063998437e6a352dda56fd39dc76238982598fad980685,voyce.peh,2026-12-02,f3076ad01684980c5626508c08b628dcaf14d059de4d3632c3c963c7255fc1bf
MSG-202612-001298,2026-12-01 16:38:21,reporting.service@example.net,data.office@nus.edu.sg,Service request update,Failed,9512b8c762cd9b9c73063998437e6a352dda56fd39dc76238982598fad980685,svc_fabric_pipeline,2026-12-03,7ba612ea36ccf3ba51fd01b3388f0687b9ace688de924d0b56e90d53b1386f0c
MSG-202612-001281,2026-12-01 16:59:46,operations@vendor-example.com,staff002@nus.edu.sg,Metadata update completed,Delivered,9512b8c762cd9b9c73063998437e6a352dda56fd39dc76238982598fad980685,voyce.peh,2026-12-01,e7786b6c8a8ec050b52d3782068fd43756681262402ca9cad43be7d7559cb67b
MSG-202612-000201,2026-12-02 00:42:30,ben.lim@example.org,platform.support@nus.edu.sg,Meeting follow up,Delivered,9512b8c762cd9b9c73063998437e6a352dda56fd39dc76238982598fad980685,voyce.peh,2026-12-03,201c00e68e27e7fc7c4b9f2b75034736b75cdc689cc06d8c91e6ec38b0dc783c
MSG-202612-000942,2026-12-03 00:28:44,reporting.service@example.net,platform.support@nus.edu.sg,Security access review,Failed,9512b8c762cd9b9c73063998437e6a352dda56fd39dc76238982598fad980685,data.engineering,2026-12-04,ae6967f24d0dcf50ec096f2320ba0a5905d9bda79f87d96f3413b8efd2659e22
MSG-202612-000107,2026-12-03 02:17:26,project.office@example.com,reporting@nus.edu.sg,Data quality alert,Resolved,05490a7dc262f4a552acce14881d14d326bb9246b2874f49a39e2b9662f64e77,automation.service,2026-12-04,2e7ed4190d236104c35187195cce180f65e9656b8299431acf25a55c45cf8cc1
MSG-202612-001462,2026-12-03 12:41:37,reporting.service@example.net,platform.support@nus.edu.sg,Incident resolution update,Resolved,9512b8c762cd9b9c73063998437e6a352dda56fd39dc76238982598fad980685,data.engineering,2026-12-04,5baa2f15de4eaf6facd60de669b0f0480a3da913087dcbefa16bf147dd19ee1b
MSG-202612-000220,2026-12-03 22:53:42,project.office@example.com,staff003@nus.edu.sg,Data validation results,Resolved,e0d15de1e58a94820da67c31b0a3e5495269396173d686094268075fef5a801a,voyce.peh,2026-12-04,f479d2299febba07b726af2ae62fcc9dbddc61a739832302d8c8ca7cc1d5d67b
MSG-202612-000663,2026-12-04 00:08:17,operations@vendor-example.com,data.office@nus.edu.sg,Incident resolution update,Delivered,e0d15de1e58a94820da67c31b0a3e5495269396173d686094268075fef5a801a,data.engineering,2026-12-05,90aeaf1a30b2da3c7994d663e516821fa903477309d4a1a54b49f8012e2085bd
MSG-202612-001383,2026-12-04 00:54:35,project.office@example.com,data.office@nus.edu.sg,Data quality alert,Resolved,e0d15de1e58a94820da67c31b0a3e5495269396173d686094268075fef5a801a,voyce.peh,2026-12-05,da6e947b09e027076d75ae2f01cf08bbe46b6177a585fb769e8bf0f3236c8a1e
MSG-202612-001014,2026-12-04 18:12:51,support@service-example.com,staff002@nus.edu.sg,Security access review,Delivered,05490a7dc262f4a552acce14881d14d326bb9246b2874f49a39e2b9662f64e77,svc_fabric_pipeline,2026-12-05,cd094474b1b27b41a517086f51e0eccae355c605a20a27eff3a8e4285d6b6a3d
MSG-202612-000659,2026-12-05 00:54:42,notifications@system-example.net,analytics.team@nus.edu.sg,Incident resolution update,Failed,9512b8c762cd9b9c73063998437e6a352dda56fd39dc76238982598fad980685,automation.service,2026-12-07,e278844fe2308a3d6d407aa705557383613882d01f7a159ae53703842e8a7f34
MSG-202612-001208,2026-12-05 11:27:44,project.office@example.com,staff001@nus.edu.sg,Project status update,Delivered,05490a7dc262f4a552acce14881d14d326bb9246b2874f49a39e2b9662f64e77,svc_fabric_pipeline,2026-12-07,34b5692e613ae32aa90ca2eda7e8fc2e7809224fc5e41afa738798c4dc7862bc
MSG-202612-000993,2026-12-05 14:13:28,reporting.service@example.net,staff003@nus.edu.sg,User account request,Resolved,05490a7dc262f4a552acce14881d14d326bb9246b2874f49a39e2b9662f64e77,automation.service,2026-12-06,4a32f466f6b89fcc8c7d24a8bd26fde742b32d7ac82f5561c63f812efca0e19c
MSG-202612-000514,2026-12-05 15:16:21,notifications@system-example.net,staff002@nus.edu.sg,Scheduled refresh notification,Resolved,9512b8c762cd9b9c73063998437e6a352dda56fd39dc76238982598fad980685,automation.service,2026-12-07,167cdb7bb4e0194ab045d7926b0bfc52c023f2420a65caf11c3ae29e7ca5318a
MSG-202612-000894,2026-12-05 20:06:55,ben.lim@example.org,governance@nus.edu.sg,Data quality alert,Delivered,e0d15de1e58a94820da67c31b0a3e5495269396173d686094268075fef5a801a,svc_fabric_pipeline,2026-12-06,f356bf83ddabb7706780a11cfc2f0a07738e4566ab62918d762ae49d5baca3d1
MSG-202612-000678,2026-12-06 04:17:02,notifications@system-example.net,reporting@nus.edu.sg,Meeting follow up,Resolved,e0d15de1e58a94820da67c31b0a3e5495269396173d686094268075fef5a801a,data.engineering,2026-12-08,3e0bafa2f49091b412cc2f7a844973ad8d9eedbea590ed6a128354f8e8efad78
MSG-202612-000271,2026-12-06 13:53:03,data.platform@example.org,staff001@nus.edu.sg,Meeting follow up,Resolved,9512b8c762cd9b9c73063998437e6a352dda56fd39dc76238982598fad980685,svc_fabric_pipeline,2026-12-07,1d44e3360988437d202a290e990966568211146bc1ebe3235f28fa404c42cb31
MSG-202612-000508,2026-12-06 15:15:44,operations@vendor-example.com,data.office@nus.edu.sg,Project status update,Resolved,e0d15de1e58a94820da67c31b0a3e5495269396173d686094268075fef5a801a,automation.service,2026-12-06,745971c1382182a92fea539d08aa195496b8cd49d6b1397b46a82db1c79a9dcd
MSG-202612-001341,2026-12-06 17:24:04,governance.team@example.org,staff002@nus.edu.sg,Security access review,Delivered,9512b8c762cd9b9c73063998437e6a352dda56fd39dc76238982598fad980685,data.engineering,2026-12-07,6f421b3e6f56cb7340ba977b9c72cd59c5240297cf5f279686d6560c03ec6b5e
MSG-202612-001194,2026-12-06 22:06:10,ben.lim@example.org,staff003@nus.edu.sg,Security access review,Delivered,e0d15de1e58a94820da67c31b0a3e5495269396173d686094268075fef5a801a,svc_fabric_pipeline,2026-12-07,dc0ee292a5722a2bc6455f4d4e891964a22526bf517280d0a0de585a74f2e061
MSG-202612-000342,2026-12-07 02:54:30,support@service-example.com,reporting@nus.edu.sg,Security access review,Delivered,05490a7dc262f4a552acce14881d14d326bb9246b2874f49a39e2b9662f64e77,voyce.peh,2026-12-08,39156d8fd7acda40ac1777af8e58f60ed403de3d2fcf06d288bc3278274d4f41
MSG-202612-000032,2026-12-07 04:51:14,notifications@system-example.net,staff002@nus.edu.sg,Data quality alert,Resolved,9512b8c762cd9b9c73063998437e6a352dda56fd39dc76238982598fad980685,svc_fabric_pipeline,2026-12-08,1520ef6f86abc8486e24f7badb18df2faf1a51bb2fc1541fbcc585d62dabb027
MSG-202612-001031,2026-12-07 04:51:41,governance.team@example.org,data.office@nus.edu.sg,Access request approved,Delivered,9512b8c762cd9b9c73063998437e6a352dda56fd39dc76238982598fad980685,data.engineering,2026-12-08,4a224f9eb9f3b8c08f745b91366935bef2525e31a2c0ddf45ef2377a3adda583
MSG-202612-000650,2026-12-07 11:16:51,support@service-example.com,staff002@nus.edu.sg,Data quality alert,Delivered,9512b8c762cd9b9c73063998437e6a352dda56fd39dc76238982598fad980685,automation.service,2026-12-09,7dee45c6afb607329136847db6e57a6465547787d6bdd7051e21c2628612814f
MSG-202612-000720,2026-12-07 12:25:04,ben.lim@example.org,staff002@nus.edu.sg,Access request approved,Delivered,05490a7dc262f4a552acce14881d14d326bb9246b2874f49a39e2b9662f64e77,data.engineering,2026-12-09,2a02078ca0716926d4b5e358554be4a2090d7512282c4384719c4db204df505e
MSG-202612-001494,2026-12-07 19:06:15,data.platform@example.org,staff003@nus.edu.sg,Contract review reminder,Resolved,9512b8c762cd9b9c73063998437e6a352dda56fd39dc76238982598fad980685,automation.service,2026-12-08,dbad9d4b347005d373cb3aa85e1e76dcc954bbee4ff671bc9def8aa35054d6c7
MSG-202612-000407,2026-12-07 19:48:42,alice.tan@example.com,staff001@nus.edu.sg,Scheduled refresh notification,Delivered,9512b8c762cd9b9c73063998437e6a352dda56fd39dc76238982598fad980685,automation.service,2026-12-08,83171fefabf9b2d94e6dda3431efda60a8ef9c7e39cc8789f684d61a2aa4ce64
MSG-202612-000377,2026-12-07 20:45:18,reporting.service@example.net,staff002@nus.edu.sg,Contract review reminder,Resolved,9512b8c762cd9b9c73063998437e6a352dda56fd39dc76238982598fad980685,automation.service,2026-12-08,91e93b30327201705ba58cf71f44fba7fcf73d01786014f69b882f1771d0cb60
MSG-202612-000838,2026-12-07 23:38:29,alice.tan@example.com,data.office@nus.edu.sg,User account request,Delivered,9512b8c762cd9b9c73063998437e6a352dda56fd39dc76238982598fad980685,svc_fabric_pipeline,2026-12-08,476c81d4bdc03d3507bcd0fd1ba222e3aaf9c91969a16c84d4d3892a58685cc1
MSG-202612-000792,2026-12-08 00:26:39,notifications@system-example.net,staff001@nus.edu.sg,Scheduled refresh notification,Delivered,e0d15de1e58a94820da67c31b0a3e5495269396173d686094268075fef5a801a,automation.service,2026-12-09,8a49953a934817de46186fd1780ff99169702c084c2c7289d704b0ae6ef54f1b
MSG-202612-000067,2026-12-08 03:26:38,project.office@example.com,data.office@nus.edu.sg,Data validation results,Delivered,9512b8c762cd9b9c73063998437e6a352dda56fd39dc76238982598fad980685,automation.service,2026-12-10,c00da15a252dc8ba423965ffd1363749178a49ffcf76e8bb32603bc521bf7ad1
MSG-202612-000158,2026-12-08 06:10:12,ben.lim@example.org,staff002@nus.edu.sg,Dashboard refresh completed,Resolved,05490a7dc262f4a552acce14881d14d326bb9246b2874f49a39e2b9662f64e77,data.engineering,2026-12-09,aae542f5b8a064c8feeadfcddde5ea341f026a23887b090d17004b7d846ac502
MSG-202612-000627,2026-12-08 22:38:42,access.management@example.com,platform.support@nus.edu.sg,Service request update,Resolved,e0d15de1e58a94820da67c31b0a3e5495269396173d686094268075fef5a801a,voyce.peh,2026-12-09,22375b15f66d379a3028d6ddfc25b521be110d8b0461ab4e638c7c0d0e9c5693
MSG-202612-001329,2026-12-09 01:20:37,governance.team@example.org,staff003@nus.edu.sg,Service request update,Delivered,e0d15de1e58a94820da67c31b0a3e5495269396173d686094268075fef5a801a,svc_fabric_pipeline,2026-12-10,e5d813a78c7b5b20874aba37f6cf30045378325f218a813a707a80b4adb1cba2
MSG-202612-000237,2026-12-09 07:57:18,data.platform@example.org,analytics.team@nus.edu.sg,Scheduled refresh notification,Delivered,9512b8c762cd9b9c73063998437e6a352dda56fd39dc76238982598fad980685,data.engineering,2026-12-11,527b6905e1310a2ef466fc70057e2b0c303650fa1a5b51aa1b3c431459b16e47
MSG-202612-001273,2026-12-09 15:43:58,project.office@example.com,analytics.team@nus.edu.sg,Pipeline execution summary,Delivered,9512b8c762cd9b9c73063998437e6a352dda56fd39dc76238982598fad980685,svc_fabric_pipeline,2026-12-09,6c49ed507333039d525bd856c709a7252bdd0e634f5f83fcec8169544f79163a
MSG-202612-000189,2026-12-09 19:08:51,reporting.service@example.net,staff001@nus.edu.sg,File delivery confirmation,Failed,e0d15de1e58a94820da67c31b0a3e5495269396173d686094268075fef5a801a,data.engineering,2026-12-09,6f246fa8a7596ec99ea5967e200f0153ad4fc1f0b09782fc760ca7ecf60cd2ee
MSG-202612-001081,2026-12-10 01:13:28,governance.team@example.org,platform.support@nus.edu.sg,Service request update,Resolved,9512b8c762cd9b9c73063998437e6a352dda56fd39dc76238982598fad980685,voyce.peh,2026-12-10,29278a4a1d2bf8af2e91c337ff36c08587161f30376b6f39e50a5e4e9bc8ea79
MSG-202612-001401,2026-12-10 05:02:12,support@service-example.com,staff003@nus.edu.sg,Security access review,Resolved,9512b8c762cd9b9c73063998437e6a352dda56fd39dc76238982598fad980685,voyce.peh,2026-12-11,14e20730d28ea125eac23903a186e635b110e28df95990699caead9f8676ff44
MSG-202612-000950,2026-12-10 16:19:37,ben.lim@example.org,staff002@nus.edu.sg,Meeting follow up,Delivered,9512b8c762cd9b9c73063998437e6a352dda56fd39dc76238982598fad980685,voyce.peh,2026-12-10,d15f9960e472d1129a3363be441730fc2339a1b52d2105dc575d6ad45db7f9cd
MSG-202612-000766,2026-12-10 22:55:04,data.platform@example.org,reporting@nus.edu.sg,Report publication update,Delivered,9512b8c762cd9b9c73063998437e6a352dda56fd39dc76238982598fad980685,svc_fabric_pipeline,2026-12-10,dd63183a574405743acdb2e2429db5596b114b3373e1e927eedee9c631477d52
MSG-202612-000582,2026-12-11 01:59:36,reporting.service@example.net,staff003@nus.edu.sg,Security access review,Resolved,e0d15de1e58a94820da67c31b0a3e5495269396173d686094268075fef5a801a,automation.service,2026-12-12,a98d15a5df56d9a356691314c29d9e11affde35e5db6873d2894a32c6eb2c755
MSG-202612-001041,2026-12-11 15:26:28,ben.lim@example.org,platform.support@nus.edu.sg,Dashboard refresh completed,Delivered,9512b8c762cd9b9c73063998437e6a352dda56fd39dc76238982598fad980685,automation.service,2026-12-12,ec7a9c1a4f8ad1a89af3dd272da348ef91d0e510a37cb054d4d9317ebd65ab1e
MSG-202612-001104,2026-12-11 18:14:04,support@service-example.com,governance@nus.edu.sg,Data extract ready,Delivered,9512b8c762cd9b9c73063998437e6a352dda56fd39dc76238982598fad980685,svc_fabric_pipeline,2026-12-12,981c72703eb0c06cf43a7043305841d82f386abab85634d2dae6968fe990ed61
MSG-202612-000344,2026-12-12 09:55:03,data.platform@example.org,platform.support@nus.edu.sg,Access request approved,Failed,9512b8c762cd9b9c73063998437e6a352dda56fd39dc76238982598fad980685,voyce.peh,2026-12-13,49a08a124e7ab42e681ecbca867c562aceabf6d81c85161807b9efb19245fb73
MSG-202612-000926,2026-12-12 10:58:27,reporting.service@example.net,data.office@nus.edu.sg,Data validation results,Delivered,05490a7dc262f4a552acce14881d14d326bb9246b2874f49a39e2b9662f64e77,automation.service,2026-12-13,727dadd014cec95ceb752380dd6e07811d3430a1dedcedfd9701ceaaa60b26dd
MSG-202612-001269,2026-12-12 14:27:39,support@service-example.com,reporting@nus.edu.sg,Meeting follow up,Delivered,9512b8c762cd9b9c73063998437e6a352dda56fd39dc76238982598fad980685,data.engineering,2026-12-13,b8cc1f032faafb991a79ed20854c2ad1eaee47d2b79b995eff393d69749dc1ac
MSG-202612-001195,2026-12-12 17:14:52,governance.team@example.org,reporting@nus.edu.sg,Metadata update completed,Resolved,9512b8c762cd9b9c73063998437e6a352dda56fd39dc76238982598fad980685,voyce.peh,2026-12-14,a579a1faf95bf863d734adee70f84558b0a53bceaaba0d908abd2e3978edd97d
MSG-202612-001422,2026-12-13 04:34:18,access.management@example.com,governance@nus.edu.sg,Report publication update,Delivered,9512b8c762cd9b9c73063998437e6a352dda56fd39dc76238982598fad980685,automation.service,2026-12-14,ad11297de55789704c7eeba3bb7c28e979670f04170ecb2b6ca209e75a29371a
MSG-202612-000831,2026-12-13 08:20:02,support@service-example.com,staff002@nus.edu.sg,Scheduled refresh notification,Delivered,9512b8c762cd9b9c73063998437e6a352dda56fd39dc76238982598fad980685,svc_fabric_pipeline,2026-12-15,a93650fa0458e592215b484611de9d422b08dfea0b7a6eab360dce6bf8a593c0
MSG-202612-000851,2026-12-13 08:28:16,reporting.service@example.net,platform.support@nus.edu.sg,Pipeline execution summary,Delivered,9512b8c762cd9b9c73063998437e6a352dda56fd39dc76238982598fad980685,svc_fabric_pipeline,2026-12-14,2f0131bf77e7242cba8686153bf69b8cfacb5ef09cb2c3ec2968ba73d4a53fcb
MSG-202612-000685,2026-12-13 09:23:25,data.platform@example.org,platform.support@nus.edu.sg,Incident resolution update,Resolved,9512b8c762cd9b9c73063998437e6a352dda56fd39dc76238982598fad980685,automation.service,2026-12-14,57b6c5836374f07d0928185dc816b560c5c713029e076ac1b014b0c7d84f8f0b
MSG-202612-000084,2026-12-14 02:47:54,project.office@example.com,governance@nus.edu.sg,Access request approved,Delivered,9512b8c762cd9b9c73063998437e6a352dda56fd39dc76238982598fad980685,data.engineering,2026-12-16,eb86240f27385cb3d9f071413537b02b02da360bb49c04c48414f58eb0bc9d0b
MSG-202612-000002,2026-12-14 12:12:25,access.management@example.com,governance@nus.edu.sg,Incident resolution update,Delivered,9512b8c762cd9b9c73063998437e6a352dda56fd39dc76238982598fad980685,svc_fabric_pipeline,2026-12-14,35e6175a57b021692841b0ccc52930461b6deea338a36e2b528c8a5511dc6435
MSG-202612-000988,2026-12-14 19:27:36,data.platform@example.org,governance@nus.edu.sg,Workspace permission request,Delivered,9512b8c762cd9b9c73063998437e6a352dda56fd39dc76238982598fad980685,svc_fabric_pipeline,2026-12-15,0ec5442ac6a3f48f6aefcc5f1bea3003bc29a0c5997b341b92fa6d39d501639b
MSG-202612-001047,2026-12-14 23:37:41,ben.lim@example.org,staff003@nus.edu.sg,Scheduled refresh notification,Delivered,9512b8c762cd9b9c73063998437e6a352dda56fd39dc76238982598fad980685,automation.service,2026-12-15,1811dc8ab2b00d26df046094301f4cde3e99afa124255d355124238fd7d12915
MSG-202612-001172,2026-12-15 03:08:36,notifications@system-example.net,governance@nus.edu.sg,Service request update,Delivered,e0d15de1e58a94820da67c31b0a3e5495269396173d686094268075fef5a801a,svc_fabric_pipeline,2026-12-15,4d418da58ec0abf1e2f13502c7b751efa8a5c658b97b783d218929646bbb5a42
MSG-202612-000827,2026-12-15 05:36:39,notifications@system-example.net,governance@nus.edu.sg,Access request approved,Delivered,05490a7dc262f4a552acce14881d14d326bb9246b2874f49a39e2b9662f64e77,automation.service,2026-12-16,426e0e8a18d6ed66e9e6afa46ed74c56755cbc4775167c9f1ebe26a92fc093f5
MSG-202612-001279,2026-12-15 16:47:34,ben.lim@example.org,analytics.team@nus.edu.sg,Monthly report submission,Delivered,05490a7dc262f4a552acce14881d14d326bb9246b2874f49a39e2b9662f64e77,svc_fabric_pipeline,2026-12-15,de0b5d6d6d2bb9452104b63ec2dca0e8a69e8e813bd5606892895353124ff2cd
MSG-202612-000520,2026-12-16 00:59:49,governance.team@example.org,staff001@nus.edu.sg,Service request update,Failed,9512b8c762cd9b9c73063998437e6a352dda56fd39dc76238982598fad980685,svc_fabric_pipeline,2026-12-17,e9b2b2c376aa7185787d5df4d73ede9450f0107ba2fed227d608935b785aec4f
MSG-202612-000091,2026-12-16 02:28:07,access.management@example.com,data.office@nus.edu.sg,Security access review,Delivered,9512b8c762cd9b9c73063998437e6a352dda56fd39dc76238982598fad980685,voyce.peh,2026-12-16,82621b2a0971ced6df2abba4fece5a78001e4e789443fbec9b8e617a349e84a9
MSG-202612-001232,2026-12-16 13:15:34,operations@vendor-example.com,staff003@nus.edu.sg,Data validation results,Resolved,9512b8c762cd9b9c73063998437e6a352dda56fd39dc76238982598fad980685,data.engineering,2026-12-17,b15ad723f686c032877faff185f41a543b52d8fc1314127eabb7b33f789d8830
MSG-202612-001498,2026-12-16 14:34:20,operations@vendor-example.com,governance@nus.edu.sg,System maintenance notice,Failed,9512b8c762cd9b9c73063998437e6a352dda56fd39dc76238982598fad980685,automation.service,2026-12-17,30b20daf692226cc05c23be9805ac10b3a89257422a1754beccc4b9d12ac77a1
MSG-202612-000512,2026-12-16 17:01:54,access.management@example.com,staff002@nus.edu.sg,Data extract ready,Resolved,9512b8c762cd9b9c73063998437e6a352dda56fd39dc76238982598fad980685,data.engineering,2026-12-17,00fd6cb7936c332fd6fe9bf692dfa730ca081dd1f007fc8cc7d63728b76ef4fe
MSG-202612-000537,2026-12-16 23:37:37,project.office@example.com,analytics.team@nus.edu.sg,Metadata update completed,Delivered,e0d15de1e58a94820da67c31b0a3e5495269396173d686094268075fef5a801a,automation.service,2026-12-18,7c69c82e7da76171599075aefc5f181c5fa49953831df5cd6dd44333e55c7da2
MSG-202612-000373,2026-12-17 00:50:55,notifications@system-example.net,analytics.team@nus.edu.sg,Meeting follow up,Delivered,9512b8c762cd9b9c73063998437e6a352dda56fd39dc76238982598fad980685,data.engineering,2026-12-19,c23cf3505b20215a4fa62615280313bb12624e897afe5137676a5e899e54a473
MSG-202612-000632,2026-12-17 02:59:40,alice.tan@example.com,staff001@nus.edu.sg,Pipeline execution summary,Delivered,9512b8c762cd9b9c73063998437e6a352dda56fd39dc76238982598fad980685,automation.service,2026-12-18,dbf1d673dbe07a574237d09383f91b791150ff0e8a19c3afcfe45cf647976725
MSG-202612-001205,2026-12-17 07:52:33,ben.lim@example.org,reporting@nus.edu.sg,Dashboard refresh completed,Delivered,e0d15de1e58a94820da67c31b0a3e5495269396173d686094268075fef5a801a,voyce.peh,2026-12-18,79ef4db36df87b2c156569943ad93f5a5ea8c6dbbe5b82472400f2a1e0a2ed55
MSG-202612-001099,2026-12-17 11:07:45,project.office@example.com,analytics.team@nus.edu.sg,Data validation results,Delivered,9512b8c762cd9b9c73063998437e6a352dda56fd39dc76238982598fad980685,data.engineering,2026-12-17,279c1b7bc5b36606c9eff0235a1c791954f1dbde34a9ef926733cadbf934d212
MSG-202612-000425,2026-12-17 15:25:06,governance.team@example.org,staff003@nus.edu.sg,Dashboard refresh completed,Delivered,9512b8c762cd9b9c73063998437e6a352dda56fd39dc76238982598fad980685,voyce.peh,2026-12-17,7546399dee6c6a798e0cdf57f02826362b1393b7fb0c400cf5a06ae322148906
MSG-202612-000519,2026-12-18 09:16:15,project.office@example.com,analytics.team@nus.edu.sg,Security access review,Resolved,9512b8c762cd9b9c73063998437e6a352dda56fd39dc76238982598fad980685,automation.service,2026-12-19,504055b0f1241df0b642b82618c38fe5ce88c00fe51e9533936817b82c5e327f
MSG-202612-000444,2026-12-18 11:22:10,support@service-example.com,staff001@nus.edu.sg,Data validation results,Delivered,9512b8c762cd9b9c73063998437e6a352dda56fd39dc76238982598fad980685,svc_fabric_pipeline,2026-12-18,ce574042c1d0baf994302a4b3c5cd1ce5a41d095a1637b2c0c4d351c5c8e4ca8
MSG-202612-000564,2026-12-18 12:49:55,reporting.service@example.net,platform.support@nus.edu.sg,System maintenance notice,Delivered,e0d15de1e58a94820da67c31b0a3e5495269396173d686094268075fef5a801a,data.engineering,2026-12-19,41749377ec4e205aebf64713111c165a5cd7ffecaaa62bdf97b964f4fea05854
MSG-202612-001018,2026-12-18 17:30:33,alice.tan@example.com,staff001@nus.edu.sg,Contract review reminder,Delivered,9512b8c762cd9b9c73063998437e6a352dda56fd39dc76238982598fad980685,data.engineering,2026-12-20,058130b3e6f4840123577e0fb06771d3e9a153b1404eb836c3a88da5a8c5af02
MSG-202612-001347,2026-12-19 13:58:43,project.office@example.com,staff002@nus.edu.sg,User account request,Delivered,9512b8c762cd9b9c73063998437e6a352dda56fd39dc76238982598fad980685,voyce.peh,2026-12-19,8acba1367e6f5a0aeb4e1ff85b7f634492c2ea2891fafaf2f24668dbae0fbd55
MSG-202612-000567,2026-12-19 16:33:40,alice.tan@example.com,analytics.team@nus.edu.sg,Pipeline execution summary,Delivered,e0d15de1e58a94820da67c31b0a3e5495269396173d686094268075fef5a801a,voyce.peh,2026-12-20,fa6eddeb32b21fb9ed81f9d13a6e6d12bb965be8245a3bf63e5acfb3757ed482
MSG-202612-001483,2026-12-19 22:24:57,governance.team@example.org,staff002@nus.edu.sg,Incident resolution update,Delivered,9512b8c762cd9b9c73063998437e6a352dda56fd39dc76238982598fad980685,svc_fabric_pipeline,2026-12-19,cb93aa5acfa825b6565a63a8eb14298c39d87d510a48e018fada4674044a078f
MSG-202612-000393,2026-12-20 02:14:24,data.platform@example.org,reporting@nus.edu.sg,Data extract ready,Delivered,9512b8c762cd9b9c73063998437e6a352dda56fd39dc76238982598fad980685,automation.service,2026-12-21,5dad8380dafda588e41efa0039b41e62ffa6871be8f4860c38c8abf8ffc90742
MSG-202612-000289,2026-12-20 04:50:20,alice.tan@example.com,data.office@nus.edu.sg,Report publication update,Delivered,e0d15de1e58a94820da67c31b0a3e5495269396173d686094268075fef5a801a,voyce.peh,2026-12-22,a26a3412cc9d6604e41e181702a4377089576f90b68da160c3fcfb9f6956d6f9
MSG-202612-000101,2026-12-20 05:08:59,access.management@example.com,analytics.team@nus.edu.sg,Security access review,Delivered,05490a7dc262f4a552acce14881d14d326bb9246b2874f49a39e2b9662f64e77,voyce.peh,2026-12-21,a9a86847624823ea6d7d50049033306b8f620260e34e277c3449a1c49eb479df
MSG-202612-000844,2026-12-20 14:42:08,ben.lim@example.org,analytics.team@nus.edu.sg,Pipeline execution summary,Failed,05490a7dc262f4a552acce14881d14d326bb9246b2874f49a39e2b9662f64e77,voyce.peh,2026-12-21,09a0baa1d1e161d3702806da98d9c2ca83314b08fbea136723b2b6346f7d10e1
MSG-202612-001055,2026-12-20 19:11:37,access.management@example.com,platform.support@nus.edu.sg,System maintenance notice,Delivered,e0d15de1e58a94820da67c31b0a3e5495269396173d686094268075fef5a801a,automation.service,2026-12-22,085753f1c3b3ff227b3787cf7955b3d1d572f45c228c8de1c21d64fa645d8de0
MSG-202612-001016,2026-12-21 04:32:20,notifications@system-example.net,governance@nus.edu.sg,Scheduled refresh notification,Resolved,e0d15de1e58a94820da67c31b0a3e5495269396173d686094268075fef5a801a,voyce.peh,2026-12-22,7f02e5cb19f38d6510564937b425135cca2a8d02639581f7e5ba2ea9b569b717
MSG-202612-001472,2026-12-21 10:45:05,governance.team@example.org,staff003@nus.edu.sg,Project status update,Delivered,e0d15de1e58a94820da67c31b0a3e5495269396173d686094268075fef5a801a,voyce.peh,2026-12-22,4156ea2e713bfd025b92c2a49e00d5056ccb2cad541c4a9e503f8502bab49e8d
MSG-202612-000038,2026-12-21 22:41:45,reporting.service@example.net,staff003@nus.edu.sg,Meeting follow up,Delivered,e0d15de1e58a94820da67c31b0a3e5495269396173d686094268075fef5a801a,voyce.peh,2026-12-21,f06ee3ead4b8b522f6146c1386283ac9e6a69ab2436cd8357a0c96130a0e2e49
MSG-202612-000324,2026-12-21 22:55:49,ben.lim@example.org,data.office@nus.edu.sg,Metadata update completed,Delivered,e0d15de1e58a94820da67c31b0a3e5495269396173d686094268075fef5a801a,automation.service,2026-12-22,a65b6f56201841d47e7fbec491927b4203ec29af524a713c918ffbcd60105a97
MSG-202612-001403,2026-12-22 15:19:44,support@service-example.com,staff001@nus.edu.sg,Data validation results,Delivered,9512b8c762cd9b9c73063998437e6a352dda56fd39dc76238982598fad980685,data.engineering,2026-12-24,dcf325325cd1598e43fd196eb5b2a88d9791423655f4142ddacc516cea0ce0cc
MSG-202612-001144,2026-12-22 18:47:44,access.management@example.com,staff002@nus.edu.sg,System maintenance notice,Delivered,05490a7dc262f4a552acce14881d14d326bb9246b2874f49a39e2b9662f64e77,automation.service,2026-12-22,592e98e89ebeafa4eb79d4b652c19291a7d7bcc779781c5e46a1fd1aeb50bbd4
MSG-202612-000892,2026-12-22 22:11:34,governance.team@example.org,data.office@nus.edu.sg,Service request update,Resolved,9512b8c762cd9b9c73063998437e6a352dda56fd39dc76238982598fad980685,svc_fabric_pipeline,2026-12-23,d66e9ba934635ac94532a08b125757a35101ca419ddce4bd7393ac03a6aa46cd
MSG-202612-000027,2026-12-22 22:13:09,operations@vendor-example.com,platform.support@nus.edu.sg,Incident resolution update,Delivered,9512b8c762cd9b9c73063998437e6a352dda56fd39dc76238982598fad980685,automation.service,2026-12-23,3be55f8039275ffba8bb515078fff77debbf01cb217fee0b0b6cbd52aa24c882
MSG-202612-000012,2026-12-23 00:46:21,data.platform@example.org,platform.support@nus.edu.sg,System maintenance notice,Delivered,e0d15de1e58a94820da67c31b0a3e5495269396173d686094268075fef5a801a,data.engineering,2026-12-23,9829b531f2a8d04cb9db7cd26da9bf59ac4a1333e749a69965cc1753504c8d45
MSG-202612-000023,2026-12-23 01:18:15,reporting.service@example.net,data.office@nus.edu.sg,Workspace permission request,Resolved,05490a7dc262f4a552acce14881d14d326bb9246b2874f49a39e2b9662f64e77,automation.service,2026-12-23,d60fc00b6a644463469ef4d9e32115496a3c50ed8f634e934d5d770e394c1043
MSG-202612-000257,2026-12-23 08:34:56,governance.team@example.org,reporting@nus.edu.sg,Scheduled refresh notification,Delivered,e0d15de1e58a94820da67c31b0a3e5495269396173d686094268075fef5a801a,data.engineering,2026-12-24,4cec2b5c133af0a5cc4f910c2198a3d8c278d3f3f87dafbc5bd845f89d1681ff
MSG-202612-000723,2026-12-24 00:46:16,support@service-example.com,governance@nus.edu.sg,Service request update,Resolved,9512b8c762cd9b9c73063998437e6a352dda56fd39dc76238982598fad980685,data.engineering,2026-12-26,ab474ec1d029cd5a3487125ad7b1d774dc714a79be908fbcfdb9e65158bda2e8
MSG-202612-000429,2026-12-24 13:48:08,operations@vendor-example.com,analytics.team@nus.edu.sg,File delivery confirmation,Delivered,9512b8c762cd9b9c73063998437e6a352dda56fd39dc76238982598fad980685,data.engineering,2026-12-26,65947e87f06d5bacc825f41ec9e2da5c2098a49f71399a52947be854f692dae4
MSG-202612-001421,2026-12-24 20:55:14,ben.lim@example.org,analytics.team@nus.edu.sg,Service request update,Delivered,9512b8c762cd9b9c73063998437e6a352dda56fd39dc76238982598fad980685,data.engineering,2026-12-25,27ff619b9c57baecfae38da3fc22ba06f57893802be84f9418736fd22d4250dc
MSG-202612-000621,2026-12-24 21:44:16,reporting.service@example.net,data.office@nus.edu.sg,System maintenance notice,Failed,9512b8c762cd9b9c73063998437e6a352dda56fd39dc76238982598fad980685,voyce.peh,2026-12-26,f1f4e6a1c8a35a0c7aef49c4a2fc4f0c80f06ec1c4f114d8052835d3c8e85025
MSG-202612-000024,2026-12-25 01:23:19,data.platform@example.org,platform.support@nus.edu.sg,Dashboard refresh completed,Failed,9512b8c762cd9b9c73063998437e6a352dda56fd39dc76238982598fad980685,data.engineering,2026-12-27,d99d6254b1260b1ae1ba6c952420855d2bb1077f612151a419d7bc447317fd14
MSG-202612-000828,2026-12-25 02:13:44,notifications@system-example.net,staff003@nus.edu.sg,Data quality alert,Delivered,9512b8c762cd9b9c73063998437e6a352dda56fd39dc76238982598fad980685,voyce.peh,2026-12-26,c0ee28e39911b857a49ef49ffe83f1fe194d9351d84be70f49d9c156da8604d3
MSG-202612-001477,2026-12-25 05:35:37,notifications@system-example.net,staff003@nus.edu.sg,Meeting follow up,Delivered,9512b8c762cd9b9c73063998437e6a352dda56fd39dc76238982598fad980685,svc_fabric_pipeline,2026-12-26,ecf4c8dfd17922b5c54712dc7b5a0aadc5784c2fdad2b85b42624483e2bec3e3
MSG-202612-000727,2026-12-25 12:21:32,project.office@example.com,reporting@nus.edu.sg,User account request,Failed,9512b8c762cd9b9c73063998437e6a352dda56fd39dc76238982598fad980685,automation.service,2026-12-26,e9b73977c2b7309576c20bd39515463dbabd302187689298e2944437cac75280
MSG-202612-000712,2026-12-26 06:19:43,ben.lim@example.org,platform.support@nus.edu.sg,Meeting follow up,Failed,e0d15de1e58a94820da67c31b0a3e5495269396173d686094268075fef5a801a,data.engineering,2026-12-26,d0175ce37a3e777effa100845dec55d78517e5914f05aa348bc496e6c9ac2026
MSG-202612-001440,2026-12-26 16:07:10,access.management@example.com,staff001@nus.edu.sg,Project status update,Delivered,9512b8c762cd9b9c73063998437e6a352dda56fd39dc76238982598fad980685,voyce.peh,2026-12-28,9b3c9438286648492011a1246c8f5ecde68cdb14661ebc69b67f8516c81d256a
MSG-202612-000020,2026-12-26 23:52:19,ben.lim@example.org,data.office@nus.edu.sg,Contract review reminder,Delivered,9512b8c762cd9b9c73063998437e6a352dda56fd39dc76238982598fad980685,data.engineering,2026-12-26,d5ee916a4a3e3da6414f0fe95a52b924c8275d1c4b521cd7c8992285e99e37a0
MSG-202612-001139,2026-12-27 02:51:29,ben.lim@example.org,platform.support@nus.edu.sg,Scheduled refresh notification,Failed,e0d15de1e58a94820da67c31b0a3e5495269396173d686094268075fef5a801a,data.engineering,2026-12-28,8404506d299517ac06d2f3dd38dc573ee2f651fee38fa6f2a42c9174e3e5cf1e
MSG-202612-001320,2026-12-28 01:34:02,access.management@example.com,platform.support@nus.edu.sg,Data validation results,Delivered,9512b8c762cd9b9c73063998437e6a352dda56fd39dc76238982598fad980685,data.engineering,2026-12-28,4548ddf6c5ff2df03682130829fbc4f4175ad250b29903b62b617c51217c8010
MSG-202612-000326,2026-12-28 05:28:57,reporting.service@example.net,data.office@nus.edu.sg,Workspace permission request,Delivered,e0d15de1e58a94820da67c31b0a3e5495269396173d686094268075fef5a801a,automation.service,2026-12-29,19227ad7f9b2f38ef8498e296f80ab109ff3f3bf93ebcb0c768bdd6ce51d4d39
MSG-202612-001225,2026-12-28 09:58:54,access.management@example.com,staff003@nus.edu.sg,Data quality alert,Resolved,9512b8c762cd9b9c73063998437e6a352dda56fd39dc76238982598fad980685,voyce.peh,2026-12-29,a7c0b7de2736166629cae97e2576d47bd8a06f2263e6297389e6cc88fae545f8
MSG-202612-000274,2026-12-28 11:36:13,notifications@system-example.net,staff003@nus.edu.sg,User account request,Delivered,9512b8c762cd9b9c73063998437e6a352dda56fd39dc76238982598fad980685,svc_fabric_pipeline,2026-12-29,73d2cbf7a0baff1bd066416eaa9c4b8800ae63adaaf3fb5397d644c242d84308
MSG-202612-001008,2026-12-28 12:08:39,operations@vendor-example.com,platform.support@nus.edu.sg,Project status update,Delivered,9512b8c762cd9b9c73063998437e6a352dda56fd39dc76238982598fad980685,automation.service,2026-12-30,44797f5414c8155a08bcbebe8258e6bf9a3bab8db65133f4317bc2fd9bb32c57
MSG-202612-000042,2026-12-28 13:08:46,reporting.service@example.net,analytics.team@nus.edu.sg,Contract review reminder,Resolved,e0d15de1e58a94820da67c31b0a3e5495269396173d686094268075fef5a801a,automation.service,2026-12-29,db9560666cdcf1031f84bc3c87f7b21b9dcf8ebcf847c2b03212fc774d4796f1
MSG-202612-000059,2026-12-28 21:10:20,notifications@system-example.net,data.office@nus.edu.sg,Dashboard refresh completed,Delivered,e0d15de1e58a94820da67c31b0a3e5495269396173d686094268075fef5a801a,automation.service,2026-12-29,f37c03643f19fb0671bcab2c6950bea50b387cc3f81f2a4fefb46ea2075dba2b
MSG-202612-000920,2026-12-29 01:49:52,notifications@system-example.net,staff002@nus.edu.sg,Security access review,Resolved,e0d15de1e58a94820da67c31b0a3e5495269396173d686094268075fef5a801a,automation.service,2026-12-30,0caa3672d3d67d9f748d59f5117e62246dfccc6ac76bdd978554a14bab324027
MSG-202612-000691,2026-12-29 03:07:06,project.office@example.com,data.office@nus.edu.sg,Incident resolution update,Delivered,9512b8c762cd9b9c73063998437e6a352dda56fd39dc76238982598fad980685,automation.service,2026-12-31,af36439920d4c6822277f7b6aeac58f268175a2e0b3105975d3220339a5cf372
MSG-202612-000746,2026-12-29 04:41:26,access.management@example.com,governance@nus.edu.sg,Monthly report submission,Delivered,e0d15de1e58a94820da67c31b0a3e5495269396173d686094268075fef5a801a,data.engineering,2026-12-29,dfe63c42bc95ccbbb554fa311e140304643949ea0d340a70a6fc20593b0025de
MSG-202612-000874,2026-12-30 00:04:52,governance.team@example.org,data.office@nus.edu.sg,Report publication update,Delivered,9512b8c762cd9b9c73063998437e6a352dda56fd39dc76238982598fad980685,data.engineering,2026-12-31,342818aeb6b43f1551f7039bf49ecf4097cb02b1b3c6425b67857306e6b9b0c3
MSG-202612-000157,2026-12-30 03:58:14,governance.team@example.org,platform.support@nus.edu.sg,Dashboard refresh completed,Failed,9512b8c762cd9b9c73063998437e6a352dda56fd39dc76238982598fad980685,data.engineering,2027-01-01,7b296576a67ab5ab2ff7f94d6a241d95942430ec379faef7bed5e18f230e19c0
MSG-202612-001060,2026-12-30 18:04:29,support@service-example.com,data.office@nus.edu.sg,Incident resolution update,Delivered,e0d15de1e58a94820da67c31b0a3e5495269396173d686094268075fef5a801a,svc_fabric_pipeline,2027-01-01,73780eda835abc67077e822d4b05ccb9d74e81a0609b82857b0f1b784166f820
MSG-202612-000296,2026-12-30 22:46:44,operations@vendor-example.com,reporting@nus.edu.sg,File delivery confirmation,Delivered,9512b8c762cd9b9c73063998437e6a352dda56fd39dc76238982598fad980685,data.engineering,2026-12-31,174daa17838cc8d159db00f6059b3aa9b4952e3f03e05d9c626f9576df9c62f8
MSG-202612-000451,2026-12-31 00:30:24,ben.lim@example.org,staff003@nus.edu.sg,Dashboard refresh completed,Delivered,9512b8c762cd9b9c73063998437e6a352dda56fd39dc76238982598fad980685,svc_fabric_pipeline,2027-01-02,2c6a76c49d05f2865655292e9e079b38eb9bce5de443f9114284d6300f41e1b5
MSG-202612-000629,2026-12-31 00:59:59,data.platform@example.org,staff002@nus.edu.sg,System maintenance notice,Failed,9512b8c762cd9b9c73063998437e6a352dda56fd39dc76238982598fad980685,automation.service,2027-01-01,7b7f3e3e221ef2f43314c4361f7724f5c63866c625ae92db73e86e3c3e203af7
MSG-202612-000302,2026-12-31 03:55:36,access.management@example.com,reporting@nus.edu.sg,Pipeline execution summary,Delivered,05490a7dc262f4a552acce14881d14d326bb9246b2874f49a39e2b9662f64e77,voyce.peh,2027-01-01,4e46ebd8f4d956ea93689b4df847ba339084a1a7f59a75ef89e6c6f8bf149269
MSG-202612-001438,2026-12-31 14:39:04,notifications@system-example.net,platform.support@nus.edu.sg,Contract review reminder,Delivered,e0d15de1e58a94820da67c31b0a3e5495269396173d686094268075fef5a801a,svc_fabric_pipeline,2027-01-01,53269a203d55d2c6cffdf4fcd5a5a06b78b87a98edc201a3ad5d7d307e2b65fd
